{"type":"FeatureCollection","features":[{"type":"Feature","properties":{"id":"abangares","name":"Abangares"},"geometry":{"type":"Polygon","coordinates":[[[-84.9497,10.3657],[-84.96,10.3527],[-84.9722,10.3594],[-84.9847,10.3571],[-84.9872,10.3512],[-85.0008,10.3394],[-85.0278,10.3282],[-85.0337,10.3309],[-85.0584,10.3129],[-85.054,10.3005],[-85.0567,10.2978],[-85.0695,10.2873],[-85.0729,10.2884],[-85.0837,10.2934],[-85.1024,10.2882],[-85.1064,10.2905],[-85.1107,10.291],[-85.1305,10.2814],[-85.1381,10.2823],[-85.145,10.2772],[-85.2258,10.1923],[-85.2152,10.1824],[-85.193,10.1732],[-85.1761,10.1726],[-85.1701,10.1667],[-85.1606,10.1684],[-85.1434,10.1598],[-85.1341,10.1606],[-85.1298,10.1702],[-85.1098,10.1748],[-85.0942,10.1681],[-85.0955,10.1562],[-85.0775,10.1439],[-85.0712,10.1449],[-85.0668,10.1589],[-85.0566,10.1671],[-85.0492,10.1608],[-85.0298,10.1588],[-85.0277,10.1691],[-85.0315,10.1694],[-85.0362,10.1825],[-85.0389,10.1828],[-85.0394,10.1916],[-85.0338,10.1962],[-85.0238,10.1869],[-85.0063,10.1772],[-85.0037,10.163],[-84.9812,10.1488],[-84.9785,10.1414],[-84.9626,10.1331],[-84.9499,10.1204],[-84.939,10.1148],[-84.9196,10.1123],[-84.9224,10.1144],[-84.9284,10.1259],[-84.9246,10.1318],[-84.9315,10.1495],[-84.9293,10.1591],[-84.9134,10.1664],[-84.9059,10.1788],[-84.8882,10.1807],[-84.8742,10.191],[-84.8754,10.1953],[-84.8735,10.2006],[-84.8887,10.212],[-84.8886,10.2181],[-84.8791,10.227],[-84.8707,10.2465],[-84.872,10.2624],[-84.8656,10.271],[-84.862,10.2827],[-84.849,10.287],[-84.8438,10.2939],[-84.844,10.313],[-84.8357,10.3322],[-84.8268,10.3374],[-84.8396,10.3428],[-84.8429,10.3476],[-84.8613,10.3476],[-84.8768,10.3516],[-84.9002,10.3655],[-84.912,10.3831],[-84.9187,10.3892],[-84.9475,10.3656],[-84.9497,10.3657]]]}},{"type":"Feature","properties":{"id":"acosta","name":"Acosta"},"geometry":{"type":"Polygon","coordinates":[[[-84.2069,9.6751],[-84.2032,9.6823],[-84.1989,9.6849],[-84.189,9.6879],[-84.1731,9.6985],[-84.1681,9.7118],[-84.1577,9.7101],[-84.1506,9.7208],[-84.1395,9.7212],[-84.1336,9.7298],[-84.1627,9.7643],[-84.1618,9.7759],[-84.1552,9.7805],[-84.1521,9.7798],[-84.1399,9.7976],[-84.1322,9.8016],[-84.1327,9.8105],[-84.141,9.8159],[-84.1378,9.8383],[-84.1362,9.8465],[-84.1442,9.8563],[-84.1452,9.8596],[-84.1456,9.8598],[-84.1488,9.8563],[-84.1614,9.8614],[-84.1726,9.8567],[-84.192,9.8397],[-84.22,9.8402],[-84.2228,9.8315],[-84.221,9.8154],[-84.2255,9.8102],[-84.2363,9.8087],[-84.2526,9.8119],[-84.2628,9.8088],[-84.2697,9.7864],[-84.2738,9.7823],[-84.2975,9.7773],[-84.3085,9.7801],[-84.3188,9.7785],[-84.3261,9.766],[-84.3329,9.7643],[-84.3394,9.7541],[-84.3414,9.7415],[-84.3315,9.7276],[-84.3324,9.7231],[-84.3245,9.7092],[-84.3157,9.7004],[-84.3083,9.6985],[-84.3068,9.6854],[-84.2971,9.6743],[-84.3032,9.6494],[-84.2959,9.6469],[-84.2916,9.6346],[-84.2888,9.6373],[-84.2819,9.6292],[-84.2649,9.6309],[-84.2564,9.628],[-84.247,9.627],[-84.2395,9.6231],[-84.2239,9.6283],[-84.2201,9.6409],[-84.2125,9.6493],[-84.2081,9.6605],[-84.2069,9.6751]]]}},{"type":"Feature","properties":{"id":"alajuela","name":"Alajuela"},"geometry":{"type":"Polygon","coordinates":[[[-84.1609,10.2976],[-84.1611,10.4131],[-84.1671,10.4091],[-84.1765,10.3939],[-84.1776,10.3825],[-84.1828,10.3667],[-84.1806,10.3558],[-84.1857,10.3471],[-84.1851,10.339],[-84.1943,10.3279],[-84.1975,10.3089],[-84.1934,10.3031],[-84.2013,10.2918],[-84.1995,10.2796],[-84.2104,10.267],[-84.2151,10.2528],[-84.2229,10.2465],[-84.2411,10.2418],[-84.2408,10.2352],[-84.2266,10.2116],[-84.2305,10.1972],[-84.2225,10.1804],[-84.1978,10.1549],[-84.1958,10.1414],[-84.1976,10.1319],[-84.2046,10.1175],[-84.2316,10.0827],[-84.2352,10.0726],[-84.2458,10.0623],[-84.2531,10.0501],[-84.2591,10.0336],[-84.2687,10.0255],[-84.2801,10.0228],[-84.299,10.0144],[-84.3068,10.0072],[-84.3134,9.9979],[-84.3225,9.9947],[-84.3377,9.9994],[-84.3411,9.9929],[-84.3418,9.9844],[-84.344,9.9785],[-84.3522,9.9721],[-84.3493,9.9626],[-84.3539,9.9574],[-84.3527,9.9441],[-84.3597,9.9342],[-84.3675,9.9295],[-84.3545,9.9194],[-84.3394,9.915],[-84.3289,9.9146],[-84.3267,9.9164],[-84.3111,9.9193],[-84.3102,9.9232],[-84.2753,9.9321],[-84.2597,9.9323],[-84.2529,9.9279],[-84.2436,9.9352],[-84.236,9.9379],[-84.231,9.9484],[-84.2203,9.9476],[-84.2166,9.9593],[-84.206,9.9606],[-84.19,9.973],[-84.1839,9.9726],[-84.1832,9.973],[-84.1942,9.9779],[-84.1981,9.992],[-84.1879,9.9948],[-84.1738,10.005],[-84.1737,10.0057],[-84.1727,10.0067],[-84.1717,10.037],[-84.1662,10.0714],[-84.1612,10.0833],[-84.1612,10.1581],[-84.1609,10.2976]]]}},{"type":"Feature","properties":{"id":"alajuelita","name":"Alajuelita"},"geometry":{"type":"Polygon","coordinates":[[[-84.0986,9.9078],[-84.1,9.9091],[-84.1038,9.9087],[-84.1208,9.9302],[-84.1213,9.8949],[-84.1342,9.8779],[-84.1325,9.8698],[-84.137,9.8623],[-84.1452,9.8596],[-84.1442,9.8563],[-84.1362,9.8465],[-84.1299,9.8564],[-84.1222,9.8606],[-84.1153,9.8709],[-84.1026,9.8753],[-84.084,9.8885],[-84.0911,9.9008],[-84.0986,9.9078]]]}},{"type":"Feature","properties":{"id":"alvarado","name":"Alvarado"},"geometry":{"type":"Polygon","coordinates":[[[-83.8136,10.0167],[-83.8182,10.0119],[-83.8276,9.9798],[-83.8338,9.9778],[-83.8426,9.9601],[-83.8418,9.9546],[-83.8291,9.9444],[-83.8351,9.9305],[-83.8293,9.914],[-83.8322,9.905],[-83.8253,9.9026],[-83.8229,9.8941],[-83.8283,9.8864],[-83.8223,9.8765],[-83.8075,9.8723],[-83.7957,9.8741],[-83.7855,9.8865],[-83.7798,9.9078],[-83.7758,9.9001],[-83.7743,9.8989],[-83.7737,9.9083],[-83.7701,9.9116],[-83.7674,9.9204],[-83.7759,9.9431],[-83.7606,9.9474],[-83.7645,9.9537],[-83.7743,9.9588],[-83.7802,9.9671],[-83.7867,9.9841],[-83.8061,9.9944],[-83.8111,10.0036],[-83.8136,10.0167]]]}},{"type":"Feature","properties":{"id":"aserri","name":"Aserrí"},"geometry":{"type":"Polygon","coordinates":[[[-84.0954,9.7502],[-84.1052,9.7566],[-84.1104,9.7672],[-84.0975,9.774],[-84.0952,9.786],[-84.0958,9.7898],[-84.1006,9.8059],[-84.0946,9.8049],[-84.0866,9.8168],[-84.0876,9.8198],[-84.0881,9.8262],[-84.0808,9.8242],[-84.0816,9.8301],[-84.0646,9.8343],[-84.0677,9.8516],[-84.061,9.8627],[-84.0761,9.865],[-84.0832,9.8713],[-84.0937,9.8708],[-84.1026,9.8753],[-84.1153,9.8709],[-84.1222,9.8606],[-84.1299,9.8564],[-84.1362,9.8465],[-84.1378,9.8383],[-84.141,9.8159],[-84.1327,9.8105],[-84.1322,9.8016],[-84.1399,9.7976],[-84.1521,9.7798],[-84.1552,9.7805],[-84.1618,9.7759],[-84.1627,9.7643],[-84.1336,9.7298],[-84.1395,9.7212],[-84.1506,9.7208],[-84.1577,9.7101],[-84.1681,9.7118],[-84.1731,9.6985],[-84.189,9.6879],[-84.1989,9.6849],[-84.2032,9.6823],[-84.2069,9.6751],[-84.2081,9.6605],[-84.2125,9.6493],[-84.2201,9.6409],[-84.2239,9.6283],[-84.2143,9.6207],[-84.2092,9.6222],[-84.1973,9.6165],[-84.1905,9.6172],[-84.1808,9.6249],[-84.1657,9.6251],[-84.1494,9.6294],[-84.1447,9.6459],[-84.1567,9.6573],[-84.153,9.6626],[-84.149,9.6789],[-84.1427,9.6811],[-84.1362,9.6907],[-84.118,9.7053],[-84.11,9.7027],[-84.1067,9.7093],[-84.0925,9.7099],[-84.0931,9.7263],[-84.0946,9.7264],[-84.0934,9.7309],[-84.0988,9.7389],[-84.0954,9.7502]]]}},{"type":"Feature","properties":{"id":"atenas","name":"Atenas"},"geometry":{"type":"Polygon","coordinates":[[[-84.3675,9.9295],[-84.3597,9.9342],[-84.3527,9.9441],[-84.3539,9.9574],[-84.3493,9.9626],[-84.3522,9.9721],[-84.344,9.9785],[-84.3418,9.9844],[-84.3411,9.9929],[-84.35,9.9954],[-84.3547,10.0018],[-84.3597,10.0181],[-84.3636,10.0201],[-84.3668,10.0345],[-84.3931,10.0376],[-84.4066,10.0343],[-84.4223,10.0225],[-84.4224,10.0146],[-84.4549,10.0074],[-84.4527,9.9974],[-84.4531,9.9952],[-84.4523,9.9922],[-84.4554,9.9886],[-84.4529,9.9667],[-84.468,9.9522],[-84.468,9.9418],[-84.4617,9.9246],[-84.4586,9.9221],[-84.4558,9.9204],[-84.4456,9.9219],[-84.439,9.9239],[-84.4207,9.9207],[-84.4139,9.9231],[-84.3937,9.9358],[-84.3823,9.933],[-84.3732,9.9256],[-84.3675,9.9295]]]}},{"type":"Feature","properties":{"id":"bagaces","name":"Bagaces"},"geometry":{"type":"Polygon","coordinates":[[[-85.1091,10.7119],[-85.1142,10.7108],[-85.1242,10.7107],[-85.1287,10.7193],[-85.1287,10.7306],[-85.1438,10.7468],[-85.1696,10.7478],[-85.1792,10.7462],[-85.193,10.7491],[-85.2033,10.7557],[-85.2362,10.7667],[-85.2495,10.7628],[-85.2603,10.7545],[-85.2782,10.7532],[-85.2811,10.7607],[-85.2925,10.7758],[-85.2921,10.7613],[-85.3068,10.7525],[-85.3107,10.734],[-85.3251,10.7151],[-85.3325,10.71],[-85.3332,10.6996],[-85.3446,10.6884],[-85.3506,10.6715],[-85.3424,10.6456],[-85.3458,10.6239],[-85.3543,10.6116],[-85.3676,10.5985],[-85.3801,10.5898],[-85.383,10.5754],[-85.3998,10.5438],[-85.3992,10.5327],[-85.4098,10.5185],[-85.4045,10.5084],[-85.408,10.49],[-85.4156,10.4784],[-85.4226,10.4761],[-85.4186,10.4598],[-85.4307,10.4502],[-85.4331,10.4404],[-85.4247,10.4329],[-85.4044,10.4286],[-85.4005,10.4211],[-85.3801,10.423],[-85.3737,10.4175],[-85.3726,10.4032],[-85.375,10.4043],[-85.381,10.3919],[-85.3931,10.3941],[-85.3994,10.3869],[-85.4101,10.3656],[-85.4057,10.3574],[-85.4072,10.3467],[-85.399,10.3377],[-85.3865,10.3373],[-85.3805,10.3381],[-85.3663,10.3397],[-85.3745,10.326],[-85.3605,10.3233],[-85.3526,10.3163],[-85.3475,10.3237],[-85.3302,10.3231],[-85.3107,10.3189],[-85.301,10.3041],[-85.2808,10.2947],[-85.2833,10.2705],[-85.2693,10.266],[-85.2481,10.2483],[-85.2211,10.2693],[-85.2121,10.2912],[-85.2151,10.3073],[-85.2046,10.3254],[-85.1985,10.3464],[-85.2027,10.3538],[-85.1955,10.3601],[-85.1965,10.3696],[-85.18,10.3792],[-85.181,10.3912],[-85.1738,10.3995],[-85.1753,10.4073],[-85.1595,10.4176],[-85.1573,10.4345],[-85.1644,10.4559],[-85.1618,10.4676],[-85.1668,10.4874],[-85.1599,10.5065],[-85.16,10.525],[-85.1466,10.5349],[-85.1338,10.5634],[-85.1317,10.6121],[-85.1265,10.6229],[-85.1047,10.6436],[-85.1003,10.6524],[-85.0875,10.6624],[-85.0747,10.6921],[-85.0599,10.7082],[-85.0705,10.7124],[-85.0879,10.7139],[-85.0966,10.7176],[-85.1091,10.7119]]]}},{"type":"Feature","properties":{"id":"barva","name":"Barva"},"geometry":{"type":"Polygon","coordinates":[[[-84.1191,10.0107],[-84.1078,10.0168],[-84.1072,10.0387],[-84.1045,10.0478],[-84.0908,10.0698],[-84.0881,10.0822],[-84.0859,10.0853],[-84.0872,10.1201],[-84.1063,10.1335],[-84.1099,10.1355],[-84.1273,10.1339],[-84.1303,10.1369],[-84.1306,10.0826],[-84.1237,10.0627],[-84.1322,10.0599],[-84.1426,10.0414],[-84.1415,10.0247],[-84.146,10.021],[-84.1433,10.0108],[-84.1341,10.0101],[-84.1272,10.0161],[-84.1191,10.0107]]]}},{"type":"Feature","properties":{"id":"belen","name":"Belén"},"geometry":{"type":"Polygon","coordinates":[[[-84.1556,9.9748],[-84.155,9.9764],[-84.1641,9.9901],[-84.1734,10.0045],[-84.1738,10.005],[-84.1879,9.9948],[-84.1981,9.992],[-84.1942,9.9779],[-84.1832,9.973],[-84.1797,9.9688],[-84.1672,9.9667],[-84.1554,9.9691],[-84.1556,9.9748]]]}},{"type":"Feature","properties":{"id":"buenos_aires","name":"Buenos Aires"},"geometry":{"type":"Polygon","coordinates":[[[-83.5141,9.0429],[-83.5082,9.0356],[-83.4995,9.033],[-83.4942,9.0255],[-83.4946,9.0214],[-83.4764,9.0093],[-83.4677,8.9961],[-83.4307,8.9901],[-83.4228,8.9804],[-83.4158,8.9778],[-83.4136,8.9921],[-83.4026,8.994],[-83.3961,8.9874],[-83.3755,8.9817],[-83.3681,8.974],[-83.3702,8.9546],[-83.3559,8.945],[-83.3385,8.9408],[-83.3333,8.9452],[-83.3135,8.9428],[-83.3053,8.9379],[-83.2972,8.931],[-83.2894,8.9272],[-83.2789,8.9304],[-83.2651,8.9195],[-83.2486,8.9154],[-83.2456,8.9022],[-83.236,8.8881],[-83.215,8.8733],[-83.1867,8.8439],[-83.1767,8.8221],[-83.1632,8.8074],[-83.1573,8.8017],[-83.1397,8.794],[-83.1297,8.7856],[-83.1232,8.7836],[-83.1118,8.7788],[-83.0764,8.7746],[-83.07,8.7775],[-83.0674,8.7903],[-83.0788,8.7992],[-83.0793,8.8105],[-83.0737,8.8216],[-83.0823,8.8357],[-83.0882,8.8349],[-83.1058,8.8572],[-83.1017,8.8759],[-83.0952,8.8746],[-83.0849,8.8798],[-83.0764,8.8795],[-83.077,8.8947],[-83.0833,8.904],[-83.0793,8.9102],[-83.0686,8.9121],[-83.0571,8.9262],[-83.0622,8.9416],[-83.0822,8.9539],[-83.0716,8.9624],[-83.0559,8.9653],[-83.0434,8.9629],[-83.028,8.9639],[-83.0205,8.9719],[-83.0106,8.9944],[-83.0054,9],[-82.9924,9.0047],[-82.9764,9.0219],[-82.9775,9.033],[-82.9718,9.0445],[-82.9702,9.0657],[-82.9731,9.0755],[-82.9699,9.0826],[-82.9744,9.0944],[-82.978,9.0968],[-82.9813,9.1137],[-82.9843,9.1147],[-82.9929,9.1274],[-82.9938,9.1469],[-82.9969,9.1568],[-83.0097,9.1556],[-83.0314,9.1609],[-83.0501,9.1637],[-83.0643,9.1786],[-83.0672,9.1869],[-83.0586,9.1939],[-83.0594,9.2009],[-83.076,9.2154],[-83.0787,9.2312],[-83.0726,9.2381],[-83.0716,9.2425],[-83.0789,9.2521],[-83.0831,9.2537],[-83.0948,9.2538],[-83.119,9.2738],[-83.1314,9.2751],[-83.1353,9.2811],[-83.154,9.2971],[-83.1651,9.3092],[-83.173,9.3242],[-83.1788,9.3265],[-83.2162,9.3209],[-83.2264,9.3227],[-83.2399,9.3377],[-83.2533,9.3407],[-83.2723,9.3487],[-83.2788,9.3553],[-83.2889,9.3575],[-83.2935,9.3658],[-83.3138,9.3828],[-83.3303,9.3825],[-83.3433,9.3684],[-83.3479,9.3565],[-83.3541,9.3509],[-83.3655,9.3477],[-83.3865,9.3462],[-83.4003,9.3418],[-83.4033,9.3483],[-83.4044,9.3502],[-83.407,9.3526],[-83.4115,9.3546],[-83.4137,9.3557],[-83.4198,9.3636],[-83.4297,9.3669],[-83.4492,9.3493],[-83.4658,9.3232],[-83.4756,9.2939],[-83.4892,9.2688],[-83.5039,9.2622],[-83.5093,9.2536],[-83.5123,9.2319],[-83.52,9.2147],[-83.5123,9.2011],[-83.5055,9.2013],[-83.493,9.1934],[-83.4847,9.1985],[-83.4814,9.1873],[-83.4762,9.1836],[-83.4764,9.1706],[-83.4711,9.159],[-83.4791,9.1518],[-83.4828,9.1388],[-83.4734,9.1255],[-83.4736,9.1177],[-83.487,9.1087],[-83.491,9.1023],[-83.5016,9.098],[-83.5085,9.0892],[-83.5058,9.0797],[-83.5112,9.0755],[-83.5274,9.0808],[-83.5354,9.0787],[-83.5482,9.0806],[-83.5482,9.0793],[-83.5542,9.068],[-83.5616,9.0638],[-83.5595,9.0544],[-83.5415,9.0492],[-83.5312,9.0492],[-83.5141,9.0429]]]}},{"type":"Feature","properties":{"id":"canas","name":"Cañas"},"geometry":{"type":"Polygon","coordinates":[[[-85.0137,10.671],[-85.0255,10.6926],[-85.0566,10.6991],[-85.0599,10.7082],[-85.0747,10.6921],[-85.0875,10.6624],[-85.1003,10.6524],[-85.1047,10.6436],[-85.1265,10.6229],[-85.1317,10.6121],[-85.1338,10.5634],[-85.1466,10.5349],[-85.16,10.525],[-85.1599,10.5065],[-85.1668,10.4874],[-85.1618,10.4676],[-85.1644,10.4559],[-85.1573,10.4345],[-85.1595,10.4176],[-85.1753,10.4073],[-85.1738,10.3995],[-85.181,10.3912],[-85.18,10.3792],[-85.1965,10.3696],[-85.1955,10.3601],[-85.2027,10.3538],[-85.1985,10.3464],[-85.2046,10.3254],[-85.2151,10.3073],[-85.2121,10.2912],[-85.2211,10.2693],[-85.2481,10.2483],[-85.2473,10.2476],[-85.2305,10.2361],[-85.2297,10.2254],[-85.2357,10.2119],[-85.2288,10.2042],[-85.2258,10.1923],[-85.145,10.2772],[-85.1381,10.2823],[-85.1305,10.2814],[-85.1107,10.291],[-85.1064,10.2905],[-85.1024,10.2882],[-85.0837,10.2934],[-85.0729,10.2884],[-85.0695,10.2873],[-85.0567,10.2978],[-85.054,10.3005],[-85.0584,10.3129],[-85.0337,10.3309],[-85.0278,10.3282],[-85.0008,10.3394],[-84.9872,10.3512],[-84.9847,10.3571],[-84.9722,10.3594],[-84.96,10.3527],[-84.9497,10.3657],[-85.0176,10.3675],[-85.0273,10.4257],[-85.0277,10.5],[-85.0422,10.5088],[-85.044,10.5936],[-85.0434,10.6053],[-85.0464,10.6074],[-85.0462,10.618],[-85.0377,10.6234],[-85.0276,10.6245],[-85.0214,10.6298],[-85.0102,10.6295],[-85.0078,10.6419],[-85.0009,10.6525],[-85.0137,10.671]]]}},{"type":"Feature","properties":{"id":"carrillo","name":"Carrillo"},"geometry":{"type":"Polygon","coordinates":[[[-85.375,10.4043],[-85.3726,10.4032],[-85.3737,10.4175],[-85.3801,10.423],[-85.4005,10.4211],[-85.4044,10.4286],[-85.4247,10.4329],[-85.4331,10.4404],[-85.4477,10.4475],[-85.4554,10.4556],[-85.4721,10.4567],[-85.4712,10.4419],[-85.4749,10.4327],[-85.4704,10.4233],[-85.4773,10.4195],[-85.4877,10.4222],[-85.5004,10.4213],[-85.5274,10.4235],[-85.5263,10.4323],[-85.549,10.4483],[-85.5509,10.4552],[-85.5541,10.4606],[-85.5587,10.4754],[-85.5655,10.4895],[-85.5701,10.4971],[-85.5706,10.5215],[-85.582,10.5278],[-85.5766,10.5368],[-85.5894,10.5598],[-85.59,10.5746],[-85.5866,10.583],[-85.5904,10.59],[-85.5909,10.6044],[-85.5812,10.615],[-85.6082,10.6173],[-85.6175,10.6367],[-85.6276,10.6314],[-85.6283,10.6245],[-85.6405,10.6141],[-85.6448,10.6044],[-85.6514,10.6006],[-85.6532,10.5909],[-85.6754,10.593],[-85.6814,10.5902],[-85.6774,10.5803],[-85.6845,10.5719],[-85.6952,10.575],[-85.7007,10.5696],[-85.6915,10.5633],[-85.6942,10.5566],[-85.7049,10.5516],[-85.7136,10.5578],[-85.7218,10.5473],[-85.7364,10.5438],[-85.7542,10.5315],[-85.7631,10.5351],[-85.7683,10.543],[-85.7802,10.5447],[-85.7827,10.5326],[-85.7926,10.5191],[-85.8003,10.5205],[-85.8129,10.5137],[-85.8002,10.5064],[-85.8053,10.4964],[-85.7958,10.4938],[-85.7982,10.4844],[-85.7813,10.488],[-85.7721,10.4809],[-85.7591,10.4799],[-85.7485,10.4856],[-85.733,10.4797],[-85.7265,10.4651],[-85.7033,10.4478],[-85.6965,10.4359],[-85.6867,10.4331],[-85.6717,10.4336],[-85.6575,10.4181],[-85.6564,10.4039],[-85.6419,10.3964],[-85.6408,10.3842],[-85.6598,10.3729],[-85.6625,10.3632],[-85.6515,10.3561],[-85.6496,10.3364],[-85.6407,10.3298],[-85.6291,10.3261],[-85.6194,10.3346],[-85.5998,10.3369],[-85.5874,10.3426],[-85.5802,10.3494],[-85.5633,10.3551],[-85.5587,10.3636],[-85.5469,10.3559],[-85.5332,10.3511],[-85.5201,10.3513],[-85.5061,10.3453],[-85.4959,10.3458],[-85.4778,10.3598],[-85.4723,10.3597],[-85.4706,10.3589],[-85.4636,10.3688],[-85.4179,10.3696],[-85.4101,10.3656],[-85.3994,10.3869],[-85.3931,10.3941],[-85.381,10.3919],[-85.375,10.4043]]]}},{"type":"Feature","properties":{"id":"cartago","name":"Cartago"},"geometry":{"type":"Polygon","coordinates":[[[-83.8944,9.8477],[-83.9088,9.8575],[-83.9053,9.8731],[-83.9079,9.8823],[-83.8944,9.8938],[-83.8891,9.9108],[-83.8877,9.9229],[-83.8823,9.9399],[-83.8717,9.9543],[-83.8679,9.9708],[-83.8867,9.9698],[-83.9036,9.9662],[-83.9049,9.962],[-83.9152,9.9544],[-83.9288,9.951],[-83.9372,9.955],[-83.9526,9.9537],[-83.9564,9.9496],[-83.9486,9.9384],[-83.9571,9.929],[-83.9543,9.9025],[-83.9633,9.891],[-83.9656,9.8891],[-83.9697,9.8884],[-83.9714,9.8851],[-83.9844,9.8838],[-83.9951,9.8791],[-83.9976,9.8754],[-83.9991,9.8681],[-84.018,9.8521],[-84.0163,9.8442],[-84.0237,9.8397],[-84.0309,9.8243],[-84.0474,9.813],[-84.0688,9.8071],[-84.0761,9.8014],[-84.077,9.7943],[-84.084,9.7859],[-84.0837,9.7791],[-84.0873,9.7697],[-84.0803,9.7646],[-84.0617,9.7639],[-84.0573,9.7673],[-84.0408,9.7671],[-84.0273,9.7644],[-84.0201,9.7712],[-84.0297,9.7799],[-84.0281,9.7827],[-84.0286,9.7896],[-84.022,9.7987],[-84.0119,9.8063],[-84.0202,9.8182],[-84.011,9.8315],[-84.0142,9.837],[-84.0023,9.8407],[-83.9974,9.837],[-83.9835,9.8439],[-83.9672,9.8436],[-83.9488,9.848],[-83.9374,9.8541],[-83.9291,9.8516],[-83.9323,9.8411],[-83.9417,9.8358],[-83.9458,9.8272],[-83.9471,9.8128],[-83.9345,9.7869],[-83.8592,9.696],[-83.7901,9.6111],[-83.7813,9.6051],[-83.7652,9.6039],[-83.8209,9.6932],[-83.8473,9.7347],[-83.856,9.75],[-83.871,9.7708],[-83.8739,9.785],[-83.8741,9.8016],[-83.8651,9.8146],[-83.8754,9.8301],[-83.8862,9.8357],[-83.8944,9.8477]]]}},{"type":"Feature","properties":{"id":"corredores","name":"Corredores"},"geometry":{"type":"Polygon","coordinates":[[[-82.978,8.7235],[-82.991,8.715],[-82.9902,8.7047],[-82.9958,8.6852],[-83.0086,8.6773],[-83.0053,8.6702],[-83.0081,8.662],[-83.0011,8.6496],[-83.0006,8.584],[-83.026,8.5593],[-83.0361,8.5592],[-83.0526,8.5386],[-83.0503,8.5318],[-83.0375,8.5291],[-83.026,8.5204],[-83.0157,8.5184],[-83.002,8.4876],[-82.9987,8.4698],[-82.9904,8.4605],[-83.0001,8.4436],[-83.0072,8.4389],[-83.0152,8.426],[-83.0303,8.414],[-83.0389,8.3992],[-83.039,8.3926],[-83.0465,8.3814],[-83.034,8.3746],[-83.0512,8.3543],[-83.048,8.3418],[-83.03,8.3514],[-83.0106,8.3537],[-82.9725,8.3848],[-82.9635,8.3968],[-82.9545,8.4139],[-82.9349,8.4252],[-82.9306,8.4354],[-82.9144,8.428],[-82.9076,8.4307],[-82.8682,8.4392],[-82.8392,8.48],[-82.8321,8.5058],[-82.8342,8.5239],[-82.8389,8.5306],[-82.8366,8.5515],[-82.8258,8.5605],[-82.8226,8.5674],[-82.8324,8.591],[-82.8264,8.6001],[-82.8302,8.6062],[-82.8258,8.6232],[-82.8339,8.6453],[-82.8459,8.657],[-82.8438,8.6698],[-82.8522,8.67],[-82.865,8.6807],[-82.8622,8.6868],[-82.8688,8.6997],[-82.8746,8.6947],[-82.8822,8.6978],[-82.8992,8.7196],[-82.9035,8.733],[-82.9103,8.722],[-82.9078,8.7088],[-82.913,8.6969],[-82.9311,8.7013],[-82.9457,8.6913],[-82.9583,8.6959],[-82.967,8.7055],[-82.978,8.7235]]]}},{"type":"Feature","properties":{"id":"coto_brus","name":"Coto Brus"},"geometry":{"type":"Polygon","coordinates":[[[-83.07,8.7775],[-83.0519,8.7793],[-83.0434,8.7769],[-83.0291,8.7882],[-83.0166,8.7827],[-83.0007,8.7857],[-82.982,8.7823],[-82.9756,8.7773],[-82.9704,8.7662],[-82.9824,8.7564],[-82.9827,8.7361],[-82.978,8.7235],[-82.967,8.7055],[-82.9583,8.6959],[-82.9457,8.6913],[-82.9311,8.7013],[-82.913,8.6969],[-82.9078,8.7088],[-82.9103,8.722],[-82.9035,8.733],[-82.9107,8.7362],[-82.9178,8.7462],[-82.9109,8.7539],[-82.9157,8.7646],[-82.9096,8.7713],[-82.8936,8.7713],[-82.8934,8.7823],[-82.8849,8.7912],[-82.8686,8.8015],[-82.8647,8.8148],[-82.8784,8.8203],[-82.8811,8.8321],[-82.8634,8.8507],[-82.8238,8.857],[-82.8088,8.8713],[-82.7977,8.8762],[-82.7774,8.8764],[-82.7607,8.8834],[-82.7477,8.8971],[-82.7484,8.9051],[-82.7422,8.9099],[-82.7133,8.9226],[-82.7148,8.9399],[-82.7179,8.9476],[-82.7408,8.9669],[-82.7365,8.977],[-82.7534,8.9926],[-82.7794,9.0031],[-82.7996,9.0047],[-82.8041,9.0141],[-82.8128,9.0192],[-82.8191,9.0292],[-82.8353,9.035],[-82.8501,9.0434],[-82.8544,9.0519],[-82.8715,9.0557],[-82.8865,9.0765],[-82.8866,9.0842],[-82.8927,9.0889],[-82.9013,9.0835],[-82.9153,9.0818],[-82.9286,9.0752],[-82.9362,9.0784],[-82.9419,9.0762],[-82.9515,9.0906],[-82.9744,9.0944],[-82.9699,9.0826],[-82.9731,9.0755],[-82.9702,9.0657],[-82.9718,9.0445],[-82.9775,9.033],[-82.9764,9.0219],[-82.9924,9.0047],[-83.0054,9],[-83.0106,8.9944],[-83.0205,8.9719],[-83.028,8.9639],[-83.0434,8.9629],[-83.0559,8.9653],[-83.0716,8.9624],[-83.0822,8.9539],[-83.0622,8.9416],[-83.0571,8.9262],[-83.0686,8.9121],[-83.0793,8.9102],[-83.0833,8.904],[-83.077,8.8947],[-83.0764,8.8795],[-83.0849,8.8798],[-83.0952,8.8746],[-83.1017,8.8759],[-83.1058,8.8572],[-83.0882,8.8349],[-83.0823,8.8357],[-83.0737,8.8216],[-83.0793,8.8105],[-83.0788,8.7992],[-83.0674,8.7903],[-83.07,8.7775]]]}},{"type":"Feature","properties":{"id":"curridabat","name":"Curridabat"},"geometry":{"type":"Polygon","coordinates":[[[-84.0208,9.8959],[-84.0155,9.8992],[-84.0175,9.905],[-84.0049,9.9262],[-84.0077,9.939],[-84.0103,9.9377],[-84.0201,9.9379],[-84.0314,9.9305],[-84.0454,9.928],[-84.0474,9.9242],[-84.0523,9.9144],[-84.0484,9.9042],[-84.046,9.9038],[-84.0441,9.9029],[-84.0307,9.8955],[-84.0208,9.8959]]]}},{"type":"Feature","properties":{"id":"desamparados","name":"Desamparados"},"geometry":{"type":"Polygon","coordinates":[[[-83.9488,9.714],[-83.9482,9.7303],[-83.9491,9.7355],[-83.9794,9.7451],[-83.9785,9.7578],[-83.9835,9.7719],[-83.9879,9.7728],[-83.993,9.7834],[-84.0201,9.7712],[-84.0273,9.7644],[-84.0408,9.7671],[-84.0573,9.7673],[-84.0617,9.7639],[-84.0803,9.7646],[-84.0873,9.7697],[-84.0837,9.7791],[-84.084,9.7859],[-84.077,9.7943],[-84.0761,9.8014],[-84.0688,9.8071],[-84.0474,9.813],[-84.0309,9.8243],[-84.0237,9.8397],[-84.0163,9.8442],[-84.018,9.8521],[-83.9991,9.8681],[-83.9976,9.8754],[-84.021,9.8841],[-84.0371,9.8867],[-84.0307,9.8955],[-84.0441,9.9029],[-84.0474,9.904],[-84.0503,9.9006],[-84.0578,9.9004],[-84.066,9.9037],[-84.0911,9.9008],[-84.084,9.8885],[-84.1026,9.8753],[-84.0937,9.8708],[-84.0832,9.8713],[-84.0761,9.865],[-84.061,9.8627],[-84.0677,9.8516],[-84.0646,9.8343],[-84.0816,9.8301],[-84.0808,9.8242],[-84.0881,9.8262],[-84.0876,9.8198],[-84.0866,9.8168],[-84.0946,9.8049],[-84.1006,9.8059],[-84.0958,9.7898],[-84.0952,9.786],[-84.0975,9.774],[-84.1104,9.7672],[-84.1052,9.7566],[-84.0954,9.7502],[-84.0807,9.7425],[-84.0696,9.741],[-84.0519,9.7435],[-84.0455,9.7406],[-84.0144,9.7415],[-83.9911,9.7364],[-83.9858,9.7385],[-83.9643,9.7365],[-83.9564,9.7335],[-83.9554,9.7247],[-83.9488,9.714]]]}},{"type":"Feature","properties":{"id":"dota","name":"Dota"},"geometry":{"type":"Polygon","coordinates":[[[-83.9517,9.434],[-83.9494,9.4357],[-83.9432,9.4518],[-83.9461,9.4623],[-83.9442,9.48],[-83.9373,9.4911],[-83.9327,9.4868],[-83.9192,9.4895],[-83.91,9.496],[-83.8964,9.4984],[-83.8767,9.5115],[-83.8766,9.5204],[-83.8664,9.5274],[-83.846,9.5343],[-83.8348,9.5308],[-83.8247,9.5316],[-83.8051,9.5539],[-83.7996,9.5663],[-83.7998,9.5783],[-83.7907,9.5881],[-83.7769,9.5986],[-83.7687,9.5933],[-83.7641,9.584],[-83.7574,9.5929],[-83.7652,9.6039],[-83.7813,9.6051],[-83.7901,9.6111],[-83.8173,9.6152],[-83.8352,9.622],[-83.85,9.6252],[-83.8455,9.6495],[-83.8495,9.6631],[-83.8576,9.6716],[-83.8868,9.6702],[-83.8986,9.6873],[-83.9209,9.6837],[-83.9265,9.6945],[-83.9456,9.7008],[-83.9488,9.714],[-83.9554,9.7247],[-83.9564,9.7335],[-83.9643,9.7365],[-83.9858,9.7385],[-83.9713,9.7178],[-83.9718,9.7144],[-83.9708,9.7137],[-83.9897,9.6539],[-83.9893,9.5729],[-83.9895,9.4652],[-83.9762,9.4606],[-83.9668,9.4498],[-83.964,9.4359],[-83.9517,9.434]]]}},{"type":"Feature","properties":{"id":"el_guarco","name":"El Guarco"},"geometry":{"type":"Polygon","coordinates":[[[-83.7901,9.6111],[-83.8592,9.696],[-83.9345,9.7869],[-83.9471,9.8128],[-83.9458,9.8272],[-83.9417,9.8358],[-83.9323,9.8411],[-83.9291,9.8516],[-83.9374,9.8541],[-83.9488,9.848],[-83.9672,9.8436],[-83.9835,9.8439],[-83.9974,9.837],[-84.0023,9.8407],[-84.0142,9.837],[-84.011,9.8315],[-84.0202,9.8182],[-84.0119,9.8063],[-84.022,9.7987],[-84.0286,9.7896],[-84.0281,9.7827],[-84.0297,9.7799],[-84.0201,9.7712],[-83.993,9.7834],[-83.9879,9.7728],[-83.9835,9.7719],[-83.9785,9.7578],[-83.9794,9.7451],[-83.9491,9.7355],[-83.9482,9.7303],[-83.9488,9.714],[-83.9456,9.7008],[-83.9265,9.6945],[-83.9209,9.6837],[-83.8986,9.6873],[-83.8868,9.6702],[-83.8576,9.6716],[-83.8495,9.6631],[-83.8455,9.6495],[-83.85,9.6252],[-83.8352,9.622],[-83.8173,9.6152],[-83.7901,9.6111]]]}},{"type":"Feature","properties":{"id":"escazu","name":"Escazú"},"geometry":{"type":"Polygon","coordinates":[[[-84.1832,9.973],[-84.1839,9.9726],[-84.1852,9.9688],[-84.1761,9.9552],[-84.1668,9.9479],[-84.1593,9.9306],[-84.1584,9.9221],[-84.1616,9.9033],[-84.1473,9.8687],[-84.148,9.8644],[-84.1456,9.8598],[-84.1452,9.8596],[-84.137,9.8623],[-84.1325,9.8698],[-84.1342,9.8779],[-84.1213,9.8949],[-84.1208,9.9302],[-84.1264,9.9374],[-84.1388,9.9392],[-84.1684,9.9637],[-84.1797,9.9688],[-84.1832,9.973]]]}},{"type":"Feature","properties":{"id":"esparza","name":"Esparza"},"geometry":{"type":"Polygon","coordinates":[[[-84.6845,9.8969],[-84.6869,9.8973],[-84.6862,9.9077],[-84.6777,9.9067],[-84.6685,9.9165],[-84.667,9.9165],[-84.6627,9.9257],[-84.6479,9.9439],[-84.6406,9.9408],[-84.6326,9.9493],[-84.6151,9.9523],[-84.6157,9.9558],[-84.6068,9.9592],[-84.6045,9.967],[-84.5932,9.9719],[-84.5897,9.9781],[-84.5785,9.9826],[-84.5694,9.9818],[-84.5531,9.9858],[-84.5534,9.9921],[-84.5554,10.0015],[-84.5634,10.0151],[-84.5637,10.0188],[-84.5721,10.0192],[-84.5863,10.0283],[-84.6021,10.0437],[-84.6235,10.0471],[-84.6265,10.0546],[-84.6352,10.0772],[-84.6425,10.0797],[-84.6552,10.106],[-84.6615,10.1112],[-84.6652,10.1219],[-84.6802,10.1267],[-84.6862,10.1181],[-84.6821,10.1076],[-84.6769,10.1061],[-84.6776,10.098],[-84.681,10.0925],[-84.6735,10.0648],[-84.6661,10.0531],[-84.689,10.0441],[-84.6933,10.04],[-84.6871,10.0344],[-84.6697,10.0353],[-84.6622,10.03],[-84.6621,10.0206],[-84.671,10.0071],[-84.6919,10.0013],[-84.6973,9.9921],[-84.7053,9.9907],[-84.7139,9.9825],[-84.7188,9.9692],[-84.7385,9.9587],[-84.7419,9.9516],[-84.7365,9.9404],[-84.7235,9.933],[-84.7135,9.919],[-84.724,9.9118],[-84.7232,9.9065],[-84.7317,9.9002],[-84.7302,9.8896],[-84.7042,9.873],[-84.6992,9.8642],[-84.6803,9.8748],[-84.6802,9.8827],[-84.6859,9.8891],[-84.6845,9.8969]]]}},{"type":"Feature","properties":{"id":"flores","name":"Flores"},"geometry":{"type":"Polygon","coordinates":[[[-84.1341,10.0101],[-84.1433,10.0108],[-84.146,10.021],[-84.1548,10.019],[-84.1727,10.0067],[-84.1737,10.0057],[-84.1734,10.0045],[-84.1641,9.9901],[-84.1547,9.9939],[-84.1419,10.0085],[-84.1341,10.0101]]]}},{"type":"Feature","properties":{"id":"garabito","name":"Garabito"},"geometry":{"type":"Polygon","coordinates":[[[-84.5902,9.7327],[-84.5931,9.7355],[-84.5882,9.7434],[-84.577,9.7403],[-84.5722,9.7402],[-84.5667,9.7462],[-84.5653,9.7588],[-84.5547,9.756],[-84.5388,9.7783],[-84.5488,9.7785],[-84.5577,9.7836],[-84.5582,9.7896],[-84.5673,9.8095],[-84.58,9.8064],[-84.5814,9.823],[-84.5606,9.8331],[-84.5633,9.8416],[-84.5744,9.8455],[-84.5904,9.8401],[-84.5962,9.8474],[-84.5964,9.8576],[-84.6029,9.8613],[-84.6244,9.8616],[-84.6583,9.8754],[-84.6766,9.8778],[-84.6803,9.8748],[-84.6992,9.8642],[-84.7017,9.8574],[-84.6825,9.8437],[-84.6772,9.8345],[-84.6679,9.8267],[-84.6505,9.8047],[-84.6398,9.7844],[-84.6407,9.7799],[-84.6317,9.7694],[-84.6266,9.7554],[-84.6325,9.741],[-84.6401,9.737],[-84.6588,9.7177],[-84.662,9.7061],[-84.6751,9.6962],[-84.6752,9.6824],[-84.6697,9.6749],[-84.6746,9.6482],[-84.6626,9.6503],[-84.6584,9.6354],[-84.6798,9.624],[-84.672,9.6205],[-84.6594,9.6274],[-84.6493,9.621],[-84.6417,9.6227],[-84.6247,9.6059],[-84.6213,9.5964],[-84.6254,9.5897],[-84.62,9.5832],[-84.5969,9.5697],[-84.5659,9.5456],[-84.5517,9.5384],[-84.5451,9.5491],[-84.5417,9.5501],[-84.5372,9.5659],[-84.5297,9.5752],[-84.5296,9.5792],[-84.5458,9.5874],[-84.5508,9.6014],[-84.5501,9.6193],[-84.5629,9.6267],[-84.5733,9.6488],[-84.5728,9.6557],[-84.5808,9.6656],[-84.5848,9.6825],[-84.5824,9.7081],[-84.5881,9.7203],[-84.5902,9.7327]]]}},{"type":"Feature","properties":{"id":"goicoechea","name":"Goicoechea"},"geometry":{"type":"Polygon","coordinates":[[[-84.0236,9.9672],[-84.0241,9.9676],[-84.0342,9.9641],[-84.0453,9.9548],[-84.0573,9.9524],[-84.0656,9.9545],[-84.0656,9.9543],[-84.0787,9.9464],[-84.0783,9.9415],[-84.0619,9.9394],[-84.0604,9.9401],[-84.0576,9.94],[-84.0488,9.943],[-84.0398,9.9514],[-84.0239,9.946],[-84.0147,9.946],[-84.0014,9.9517],[-83.9794,9.9538],[-83.9567,9.9495],[-83.9564,9.9496],[-83.9526,9.9537],[-83.9372,9.955],[-83.9288,9.951],[-83.9152,9.9544],[-83.9049,9.962],[-83.9036,9.9662],[-83.8867,9.9698],[-83.9044,9.9753],[-83.9081,9.9699],[-83.9311,9.966],[-83.95,9.9647],[-83.9631,9.9691],[-83.9912,9.9715],[-83.9918,9.9677],[-84.0107,9.9699],[-84.0236,9.9672]]]}},{"type":"Feature","properties":{"id":"golfito","name":"Golfito"},"geometry":{"type":"Polygon","coordinates":[[[-83.3317,8.7201],[-83.3329,8.7025],[-83.3271,8.6894],[-83.3307,8.6846],[-83.3203,8.6722],[-83.3076,8.6715],[-83.2909,8.6562],[-83.2804,8.6586],[-83.2726,8.6558],[-83.2533,8.6555],[-83.2476,8.6371],[-83.237,8.6259],[-83.2338,8.6389],[-83.2253,8.641],[-83.2126,8.6281],[-83.2048,8.6304],[-83.1951,8.6246],[-83.1805,8.6213],[-83.174,8.6362],[-83.1646,8.6358],[-83.1547,8.6236],[-83.1416,8.6131],[-83.1355,8.6035],[-83.1253,8.6005],[-83.1263,8.5928],[-83.1405,8.5919],[-83.1402,8.5848],[-83.1528,8.5817],[-83.1591,8.5868],[-83.1541,8.5954],[-83.16,8.6027],[-83.1669,8.6215],[-83.1735,8.6231],[-83.1815,8.6096],[-83.1768,8.592],[-83.16,8.5723],[-83.147,8.5598],[-83.137,8.5472],[-83.1438,8.5325],[-83.1383,8.5143],[-83.1087,8.4829],[-83.0957,8.4603],[-83.0926,8.4502],[-83.1057,8.4359],[-83.1116,8.4151],[-83.1269,8.4067],[-83.1364,8.3989],[-83.145,8.3855],[-83.1479,8.3656],[-83.1426,8.3566],[-83.1281,8.3449],[-83.1209,8.3355],[-83.0916,8.3221],[-83.0642,8.3045],[-83.0491,8.2974],[-83.0304,8.2803],[-82.9901,8.2555],[-82.9699,8.2319],[-82.9483,8.2022],[-82.9286,8.1677],[-82.9222,8.1438],[-82.9071,8.1181],[-82.903,8.1144],[-82.9006,8.0988],[-82.9014,8.0868],[-82.9134,8.0718],[-82.9178,8.0577],[-82.9079,8.0436],[-82.9016,8.0389],[-82.8935,8.0512],[-82.8965,8.0561],[-82.886,8.0741],[-82.8873,8.0901],[-82.892,8.1042],[-82.8863,8.1068],[-82.8965,8.1203],[-82.9075,8.1412],[-82.9113,8.176],[-82.9093,8.1848],[-82.9118,8.1967],[-82.9206,8.1999],[-82.9263,8.2084],[-82.937,8.2105],[-82.933,8.2182],[-82.9286,8.2432],[-82.9374,8.2493],[-82.9407,8.2717],[-82.954,8.2669],[-82.9561,8.281],[-82.9687,8.2774],[-82.9752,8.2867],[-82.9839,8.2819],[-82.9862,8.2729],[-82.9932,8.2724],[-83.0015,8.2852],[-83.0057,8.2966],[-83.0263,8.3105],[-83.0458,8.3155],[-83.051,8.3269],[-83.048,8.3418],[-83.0512,8.3543],[-83.034,8.3746],[-83.0465,8.3814],[-83.039,8.3926],[-83.0389,8.3992],[-83.0303,8.414],[-83.0152,8.426],[-83.0072,8.4389],[-83.0001,8.4436],[-82.9904,8.4605],[-82.9987,8.4698],[-83.002,8.4876],[-83.0157,8.5184],[-83.026,8.5204],[-83.0375,8.5291],[-83.0503,8.5318],[-83.0526,8.5386],[-83.0361,8.5592],[-83.026,8.5593],[-83.0006,8.584],[-83.0011,8.6496],[-83.0081,8.662],[-83.0053,8.6702],[-83.0086,8.6773],[-82.9958,8.6852],[-82.9902,8.7047],[-82.991,8.715],[-82.978,8.7235],[-82.9827,8.7361],[-82.9824,8.7564],[-82.9704,8.7662],[-82.9756,8.7773],[-82.982,8.7823],[-83.0007,8.7857],[-83.0166,8.7827],[-83.0291,8.7882],[-83.0434,8.7769],[-83.0519,8.7793],[-83.07,8.7775],[-83.0764,8.7746],[-83.1118,8.7788],[-83.1232,8.7836],[-83.1297,8.7856],[-83.1397,8.794],[-83.1573,8.8017],[-83.1632,8.8074],[-83.1724,8.7828],[-83.1717,8.7532],[-83.1753,8.7411],[-83.1862,8.737],[-83.1947,8.7443],[-83.2222,8.7566],[-83.2255,8.7636],[-83.2357,8.7721],[-83.2487,8.7757],[-83.253,8.7682],[-83.287,8.7589],[-83.2876,8.7464],[-83.2935,8.7428],[-83.299,8.725],[-83.3138,8.7285],[-83.3317,8.7201]]]}},{"type":"Feature","properties":{"id":"grecia","name":"Grecia"},"geometry":{"type":"Polygon","coordinates":[[[-84.3068,10.0072],[-84.2992,10.0143],[-84.2946,10.0237],[-84.2807,10.0403],[-84.2732,10.0632],[-84.2715,10.0738],[-84.2709,10.1022],[-84.25,10.1235],[-84.2318,10.1674],[-84.2323,10.1701],[-84.2372,10.1757],[-84.2381,10.1866],[-84.2493,10.1787],[-84.2658,10.1828],[-84.2703,10.1882],[-84.2834,10.1745],[-84.2936,10.1693],[-84.2946,10.1641],[-84.3089,10.1503],[-84.3158,10.1375],[-84.3164,10.1297],[-84.3249,10.1179],[-84.3239,10.0988],[-84.3334,10.0771],[-84.3415,10.0666],[-84.351,10.0608],[-84.3571,10.0478],[-84.3576,10.0272],[-84.3597,10.0181],[-84.3547,10.0018],[-84.35,9.9954],[-84.3411,9.9929],[-84.3377,9.9994],[-84.3225,9.9947],[-84.3134,9.9979],[-84.3068,10.0072]]]}},{"type":"Feature","properties":{"id":"guacimo","name":"Guácimo"},"geometry":{"type":"Polygon","coordinates":[[[-83.7171,10.0399],[-83.7071,10.0505],[-83.6963,10.0562],[-83.6874,10.0541],[-83.6618,10.0556],[-83.6401,10.0637],[-83.6229,10.0759],[-83.6153,10.099],[-83.6143,10.1122],[-83.6095,10.1285],[-83.6033,10.137],[-83.6112,10.1484],[-83.5956,10.1671],[-83.5892,10.1793],[-83.5806,10.1866],[-83.5759,10.2016],[-83.5676,10.2021],[-83.5621,10.205],[-83.5619,10.2113],[-83.5409,10.2284],[-83.5378,10.2278],[-83.5271,10.2296],[-83.5161,10.237],[-83.5042,10.2323],[-83.4991,10.241],[-83.4902,10.2458],[-83.4897,10.2436],[-83.4908,10.2496],[-83.4814,10.2619],[-83.4795,10.2716],[-83.4815,10.2734],[-83.4877,10.281],[-83.4703,10.2884],[-83.4734,10.2888],[-83.4735,10.2917],[-83.485,10.2918],[-83.4994,10.2988],[-83.5035,10.2996],[-83.5178,10.3068],[-83.5269,10.2997],[-83.5374,10.2982],[-83.5393,10.2954],[-83.5477,10.2992],[-83.5563,10.2972],[-83.5682,10.2997],[-83.5671,10.3121],[-83.5715,10.3199],[-83.5758,10.3348],[-83.5738,10.347],[-83.5846,10.3546],[-83.5932,10.3703],[-83.5975,10.3685],[-83.6024,10.3614],[-83.6197,10.3572],[-83.6302,10.3586],[-83.6474,10.357],[-83.6539,10.3529],[-83.6663,10.3532],[-83.6673,10.2904],[-83.6745,10.2778],[-83.6865,10.2671],[-83.6917,10.2657],[-83.7003,10.2581],[-83.7128,10.2541],[-83.7269,10.2429],[-83.7358,10.2149],[-83.75,10.1848],[-83.7516,10.1638],[-83.7562,10.1561],[-83.7564,10.1367],[-83.7718,10.1082],[-83.7693,10.0957],[-83.7749,10.0633],[-83.7255,10.04],[-83.7171,10.0399]]]}},{"type":"Feature","properties":{"id":"guatuso","name":"Guatuso"},"geometry":{"type":"Polygon","coordinates":[[[-84.6497,10.6629],[-84.654,10.6636],[-84.6698,10.6817],[-84.6793,10.6898],[-84.6792,10.699],[-84.6871,10.7099],[-84.6878,10.7174],[-84.6973,10.7206],[-84.705,10.7325],[-84.7043,10.7425],[-84.7096,10.7505],[-84.7322,10.7591],[-84.7377,10.7641],[-84.7461,10.7838],[-84.7497,10.8099],[-84.7576,10.8167],[-84.7605,10.826],[-84.773,10.8346],[-84.7797,10.833],[-84.7906,10.8461],[-84.8071,10.8519],[-84.8174,10.8507],[-84.8328,10.8389],[-84.8365,10.8226],[-84.8393,10.8207],[-84.8535,10.8113],[-84.8675,10.805],[-84.8837,10.8109],[-84.8962,10.8266],[-84.9015,10.8282],[-84.9027,10.8113],[-84.9068,10.8031],[-84.9168,10.8024],[-84.9154,10.7921],[-84.9307,10.775],[-84.9468,10.7742],[-84.9621,10.759],[-84.9531,10.7457],[-84.9489,10.7349],[-84.956,10.7327],[-84.9559,10.7228],[-84.974,10.7183],[-84.9815,10.7199],[-84.9854,10.7129],[-84.9975,10.7048],[-85.0137,10.671],[-85.0009,10.6525],[-85.0023,10.6283],[-84.989,10.6174],[-84.9875,10.6115],[-84.9847,10.6065],[-84.9757,10.6059],[-84.9547,10.5949],[-84.945,10.5941],[-84.9334,10.5854],[-84.9245,10.5736],[-84.9041,10.5701],[-84.8897,10.5601],[-84.8725,10.562],[-84.8614,10.5564],[-84.8478,10.5625],[-84.8324,10.5661],[-84.817,10.5786],[-84.8226,10.5957],[-84.8203,10.5996],[-84.8039,10.5915],[-84.8009,10.5837],[-84.793,10.5834],[-84.788,10.5985],[-84.7745,10.6066],[-84.7727,10.6149],[-84.761,10.6252],[-84.7625,10.6381],[-84.7534,10.6386],[-84.748,10.6447],[-84.7282,10.6354],[-84.7184,10.639],[-84.7115,10.6361],[-84.7082,10.6261],[-84.6934,10.619],[-84.6916,10.6276],[-84.6803,10.6455],[-84.6676,10.6381],[-84.6484,10.6385],[-84.6497,10.6629]]]}},{"type":"Feature","properties":{"id":"heredia","name":"Heredia"},"geometry":{"type":"MultiPolygon","coordinates":[[[[-84.1134,9.9713],[-84.1091,9.984],[-84.1081,10],[-84.1092,10.0059],[-84.1191,10.0107],[-84.1272,10.0161],[-84.1341,10.0101],[-84.1419,10.0085],[-84.1547,9.9939],[-84.1641,9.9901],[-84.155,9.9764],[-84.1556,9.9748],[-84.1554,9.9691],[-84.1456,9.9626],[-84.1328,9.9672],[-84.1093,9.9616],[-84.1134,9.9713]]],[[[-83.9298,10.1897],[-83.9143,10.2016],[-83.9247,10.1975],[-83.9502,10.1997],[-83.9701,10.1871],[-83.9876,10.1859],[-84.0017,10.1901],[-84.0139,10.1864],[-84.0361,10.1829],[-84.0444,10.1971],[-84.0577,10.2052],[-84.0729,10.2058],[-84.0858,10.1937],[-84.0965,10.1918],[-84.1042,10.2],[-84.105,10.2336],[-84.1099,10.2412],[-84.1076,10.2493],[-84.1145,10.2617],[-84.1265,10.2673],[-84.1312,10.2698],[-84.144,10.2821],[-84.1471,10.2886],[-84.1559,10.2903],[-84.1609,10.2976],[-84.1612,10.1581],[-84.156,10.1535],[-84.141,10.1494],[-84.1303,10.1369],[-84.1273,10.1339],[-84.1099,10.1355],[-84.1063,10.1335],[-84.0872,10.1201],[-84.0796,10.119],[-84.0759,10.1091],[-84.0785,10.0967],[-84.0767,10.0853],[-84.0553,10.0756],[-84.044,10.0626],[-84.028,10.0603],[-84.0264,10.0823],[-84.0151,10.0799],[-83.9965,10.0941],[-83.9878,10.0952],[-83.9802,10.1031],[-83.9772,10.1322],[-83.9791,10.148],[-83.9722,10.169],[-83.9298,10.1897]]]]}},{"type":"Feature","properties":{"id":"hojancha","name":"Hojancha"},"geometry":{"type":"Polygon","coordinates":[[[-85.4956,9.871],[-85.488,9.8693],[-85.4882,9.8586],[-85.4704,9.8494],[-85.4547,9.8619],[-85.4562,9.8751],[-85.4463,9.8865],[-85.4387,9.8866],[-85.438,9.8964],[-85.4297,9.8977],[-85.4296,9.9057],[-85.4236,9.9108],[-85.405,9.9097],[-85.4001,9.9122],[-85.3722,9.9123],[-85.3427,9.9337],[-85.3444,9.9434],[-85.3507,9.9442],[-85.3547,9.9558],[-85.3572,9.961],[-85.3613,9.9659],[-85.3483,9.9809],[-85.354,9.9981],[-85.3677,9.9961],[-85.3734,10.0051],[-85.3656,10.0107],[-85.3289,10.005],[-85.3232,10.0243],[-85.3271,10.0307],[-85.3225,10.0379],[-85.3315,10.0377],[-85.3419,10.043],[-85.3433,10.0443],[-85.3689,10.0486],[-85.383,10.0629],[-85.3834,10.0691],[-85.3784,10.072],[-85.3924,10.0925],[-85.4105,10.0983],[-85.4268,10.0979],[-85.449,10.0843],[-85.4512,10.0739],[-85.4475,10.0648],[-85.454,10.055],[-85.4605,10.0514],[-85.4639,10.0361],[-85.4741,10.023],[-85.4682,10.0016],[-85.4739,9.9907],[-85.4635,9.969],[-85.4659,9.942],[-85.472,9.9259],[-85.4666,9.9152],[-85.465,9.8997],[-85.4746,9.8858],[-85.4852,9.8883],[-85.4956,9.871]]]}},{"type":"Feature","properties":{"id":"jimenez","name":"Jiménez"},"geometry":{"type":"Polygon","coordinates":[[[-83.5988,9.7346],[-83.6053,9.7416],[-83.6135,9.7483],[-83.617,9.761],[-83.6279,9.7722],[-83.6277,9.779],[-83.6563,9.8221],[-83.6516,9.8371],[-83.6524,9.8478],[-83.6646,9.8485],[-83.6721,9.8564],[-83.707,9.856],[-83.7119,9.8591],[-83.7221,9.8803],[-83.7219,9.9322],[-83.7284,9.929],[-83.747,9.9332],[-83.7606,9.9474],[-83.7759,9.9431],[-83.7674,9.9204],[-83.7701,9.9116],[-83.7737,9.9083],[-83.7743,9.8989],[-83.7758,9.9001],[-83.7798,9.9078],[-83.7774,9.8947],[-83.7605,9.863],[-83.7673,9.8575],[-83.7664,9.8481],[-83.7611,9.8408],[-83.7623,9.8247],[-83.771,9.8163],[-83.7812,9.7918],[-83.785,9.7803],[-83.78,9.7691],[-83.7708,9.767],[-83.7586,9.7687],[-83.7425,9.783],[-83.725,9.7822],[-83.7193,9.7792],[-83.7262,9.7661],[-83.7046,9.7348],[-83.6714,9.6893],[-83.6565,9.6964],[-83.6483,9.7039],[-83.6252,9.7168],[-83.5988,9.7346]]]}},{"type":"Feature","properties":{"id":"la_cruz","name":"La Cruz"},"geometry":{"type":"MultiPolygon","coordinates":[[[[-85.9106,10.8612],[-85.9191,10.8649],[-85.9285,10.8542],[-85.9105,10.8521],[-85.9106,10.8612]]],[[[-85.2322,11.062],[-85.2288,11.0632],[-85.3577,11.1259],[-85.4234,11.1287],[-85.5232,11.1679],[-85.5608,11.21],[-85.6097,11.219],[-85.6928,11.079],[-85.6824,11.0679],[-85.6714,11.0613],[-85.6691,11.0523],[-85.6737,11.0362],[-85.6874,11.0285],[-85.7163,11.0323],[-85.7214,11.047],[-85.7295,11.0497],[-85.7415,11.0438],[-85.7454,11.0345],[-85.7547,11.0242],[-85.7511,11.0161],[-85.7365,11.0072],[-85.7284,11.0054],[-85.7095,10.9954],[-85.7122,10.9916],[-85.696,10.9813],[-85.6916,10.9682],[-85.7041,10.9657],[-85.7077,10.9589],[-85.7226,10.9605],[-85.7183,10.9522],[-85.7031,10.948],[-85.7039,10.9389],[-85.7194,10.9356],[-85.7328,10.9405],[-85.7434,10.9394],[-85.7863,10.9401],[-85.7991,10.9296],[-85.7881,10.917],[-85.7946,10.9123],[-85.816,10.9232],[-85.8104,10.9337],[-85.8135,10.9444],[-85.8234,10.9475],[-85.8522,10.9486],[-85.8857,10.9522],[-85.8833,10.9462],[-85.8643,10.9381],[-85.8646,10.9293],[-85.883,10.9239],[-85.9016,10.914],[-85.9106,10.9133],[-85.9188,10.9069],[-85.9292,10.9042],[-85.9472,10.8891],[-85.9147,10.8977],[-85.9016,10.8888],[-85.8663,10.8733],[-85.8613,10.869],[-85.8544,10.8538],[-85.8437,10.8561],[-85.8335,10.8515],[-85.8004,10.8499],[-85.7908,10.8466],[-85.7902,10.8405],[-85.803,10.8324],[-85.8017,10.8259],[-85.7903,10.8148],[-85.7758,10.8109],[-85.7659,10.8025],[-85.7537,10.8113],[-85.7411,10.8165],[-85.7238,10.8089],[-85.7031,10.806],[-85.6969,10.7993],[-85.68,10.807],[-85.6684,10.7994],[-85.6646,10.8029],[-85.6515,10.8026],[-85.6406,10.8062],[-85.6463,10.8133],[-85.6451,10.8203],[-85.6286,10.8362],[-85.6153,10.835],[-85.6092,10.8477],[-85.5996,10.854],[-85.5839,10.8517],[-85.552,10.8644],[-85.5477,10.8731],[-85.5494,10.8805],[-85.5504,10.8882],[-85.559,10.8956],[-85.5544,10.902],[-85.5442,10.9064],[-85.5258,10.9239],[-85.5293,10.9284],[-85.5251,10.9411],[-85.5097,10.9509],[-85.4949,10.9575],[-85.4712,10.9643],[-85.459,10.9602],[-85.4581,10.9384],[-85.4487,10.9346],[-85.4445,10.9437],[-85.4215,10.9639],[-85.4043,10.9622],[-85.3825,10.9702],[-85.3781,10.9937],[-85.37,10.9968],[-85.3574,11.0188],[-85.3559,11.0303],[-85.3452,11.0354],[-85.3385,11.034],[-85.3302,11.0408],[-85.3109,11.0424],[-85.2902,11.0227],[-85.2829,11.0235],[-85.2731,11.0137],[-85.2633,11.0126],[-85.2581,11.0196],[-85.2585,11.0343],[-85.256,11.0442],[-85.2421,11.065],[-85.2322,11.062]]]]}},{"type":"Feature","properties":{"id":"la_union","name":"La Union"},"geometry":{"type":"Polygon","coordinates":[[[-83.9567,9.9495],[-83.9691,9.9435],[-83.9973,9.9408],[-84.0019,9.9401],[-84.0079,9.9396],[-84.0049,9.9297],[-84.0049,9.9262],[-84.0175,9.905],[-84.0155,9.8992],[-84.0208,9.8959],[-84.0307,9.8955],[-84.0371,9.8867],[-84.021,9.8841],[-83.9976,9.8754],[-83.9951,9.8791],[-83.9844,9.8838],[-83.9714,9.8851],[-83.9697,9.8884],[-83.9656,9.8891],[-83.9633,9.891],[-83.9543,9.9025],[-83.9571,9.929],[-83.9486,9.9384],[-83.9564,9.9496],[-83.9567,9.9495]]]}},{"type":"Feature","properties":{"id":"leon_cortes_castro","name":"León Cortés Castro"},"geometry":{"type":"Polygon","coordinates":[[[-83.9858,9.7385],[-83.9911,9.7364],[-84.0144,9.7415],[-84.0455,9.7406],[-84.0519,9.7435],[-84.0696,9.741],[-84.0807,9.7425],[-84.0954,9.7502],[-84.0988,9.7389],[-84.0934,9.7309],[-84.0946,9.7264],[-84.0931,9.7263],[-84.0925,9.7099],[-84.1067,9.7093],[-84.11,9.7027],[-84.118,9.7053],[-84.1362,9.6907],[-84.1427,9.6811],[-84.149,9.6789],[-84.153,9.6626],[-84.1354,9.6563],[-84.1275,9.6382],[-84.1111,9.645],[-84.1009,9.6425],[-84.0885,9.6447],[-84.0723,9.6543],[-84.0626,9.6551],[-84.0577,9.6599],[-84.0495,9.6573],[-84.0377,9.6641],[-84.0297,9.6775],[-84.0203,9.7011],[-84.0102,9.7098],[-83.9889,9.7174],[-83.9788,9.7182],[-83.9718,9.7144],[-83.9713,9.7178],[-83.9858,9.7385]]]}},{"type":"Feature","properties":{"id":"liberia","name":"Liberia"},"geometry":{"type":"Polygon","coordinates":[[[-85.2925,10.7758],[-85.3013,10.7882],[-85.306,10.7999],[-85.3484,10.8273],[-85.3688,10.8291],[-85.3799,10.8423],[-85.3935,10.8634],[-85.4142,10.8802],[-85.4363,10.9085],[-85.4465,10.9155],[-85.4452,10.9291],[-85.4487,10.9346],[-85.4581,10.9384],[-85.459,10.9602],[-85.4712,10.9643],[-85.4949,10.9575],[-85.5097,10.9509],[-85.5251,10.9411],[-85.5293,10.9284],[-85.5258,10.9239],[-85.5442,10.9064],[-85.5544,10.902],[-85.559,10.8956],[-85.5504,10.8882],[-85.5494,10.8805],[-85.5477,10.8731],[-85.552,10.8644],[-85.5839,10.8517],[-85.5996,10.854],[-85.6092,10.8477],[-85.6153,10.835],[-85.6286,10.8362],[-85.6451,10.8203],[-85.6463,10.8133],[-85.6406,10.8062],[-85.6515,10.8026],[-85.6646,10.8029],[-85.6684,10.7994],[-85.68,10.807],[-85.6843,10.8013],[-85.6683,10.782],[-85.6578,10.7631],[-85.6636,10.7418],[-85.6623,10.7201],[-85.6569,10.702],[-85.6581,10.6958],[-85.6546,10.6769],[-85.6589,10.6657],[-85.6697,10.6641],[-85.6735,10.6537],[-85.6868,10.6458],[-85.6794,10.6359],[-85.6894,10.6329],[-85.6889,10.6221],[-85.693,10.614],[-85.6789,10.61],[-85.6726,10.6305],[-85.654,10.6421],[-85.6327,10.6316],[-85.6283,10.6245],[-85.6276,10.6314],[-85.6175,10.6367],[-85.6082,10.6173],[-85.5812,10.615],[-85.5909,10.6044],[-85.5904,10.59],[-85.5866,10.583],[-85.59,10.5746],[-85.5894,10.5598],[-85.5766,10.5368],[-85.582,10.5278],[-85.5706,10.5215],[-85.5701,10.4971],[-85.5655,10.4895],[-85.5587,10.4754],[-85.5541,10.4606],[-85.5509,10.4552],[-85.549,10.4483],[-85.5263,10.4323],[-85.5274,10.4235],[-85.5004,10.4213],[-85.4877,10.4222],[-85.4773,10.4195],[-85.4704,10.4233],[-85.4749,10.4327],[-85.4712,10.4419],[-85.4721,10.4567],[-85.4554,10.4556],[-85.4477,10.4475],[-85.4331,10.4404],[-85.4307,10.4502],[-85.4186,10.4598],[-85.4226,10.4761],[-85.4156,10.4784],[-85.408,10.49],[-85.4045,10.5084],[-85.4098,10.5185],[-85.3992,10.5327],[-85.3998,10.5438],[-85.383,10.5754],[-85.3801,10.5898],[-85.3676,10.5985],[-85.3543,10.6116],[-85.3458,10.6239],[-85.3424,10.6456],[-85.3506,10.6715],[-85.3446,10.6884],[-85.3332,10.6996],[-85.3325,10.71],[-85.3251,10.7151],[-85.3107,10.734],[-85.3068,10.7525],[-85.2921,10.7613],[-85.2925,10.7758]]]}},{"type":"Feature","properties":{"id":"limon","name":"Limón"},"geometry":{"type":"Polygon","coordinates":[[[-83.468,9.5531],[-83.4615,9.5558],[-83.451,9.5602],[-83.426,9.5641],[-83.417,9.5764],[-83.4074,9.5942],[-83.3933,9.6027],[-83.3752,9.6029],[-83.3726,9.6082],[-83.3628,9.621],[-83.344,9.6236],[-83.3415,9.6372],[-83.3323,9.6501],[-83.3273,9.6636],[-83.3162,9.6719],[-83.3052,9.668],[-83.2851,9.6656],[-83.2749,9.6673],[-83.269,9.6725],[-83.2603,9.6685],[-83.2233,9.6677],[-83.1721,9.6463],[-83.1596,9.6385],[-83.1426,9.6372],[-83.131,9.6336],[-83.1345,9.6207],[-83.1238,9.6164],[-83.1106,9.6209],[-83.1054,9.6213],[-83.0917,9.6277],[-83.0745,9.6255],[-83.0712,9.6219],[-83.0648,9.6199],[-83.0581,9.6151],[-83.036,9.6267],[-83.0264,9.6205],[-83.0226,9.6132],[-83.0057,9.6103],[-82.9912,9.614],[-82.9876,9.6182],[-82.9677,9.622],[-82.9596,9.6141],[-82.9406,9.6198],[-82.9225,9.6355],[-82.9229,9.6706],[-82.9207,9.6686],[-82.9129,9.6663],[-82.9031,9.6552],[-82.8914,9.6638],[-82.8909,9.6743],[-82.8969,9.6798],[-82.9025,9.6891],[-82.925,9.7073],[-82.9298,9.7178],[-82.9201,9.7343],[-82.9041,9.7431],[-82.9012,9.7483],[-82.9011,9.7642],[-82.8941,9.7675],[-82.8803,9.7614],[-82.8695,9.7599],[-82.8824,9.7798],[-82.8984,9.7994],[-82.9013,9.8066],[-82.9383,9.8501],[-82.9842,9.9092],[-82.9879,9.9156],[-83.0191,9.9542],[-83.0281,9.9696],[-83.0304,9.9869],[-83.0255,10.0026],[-83.0453,10.0113],[-83.0782,10.0118],[-83.0813,10.0011],[-83.0962,10.0033],[-83.0928,10.01],[-83.0995,10.0165],[-83.1085,10.013],[-83.1315,10.0382],[-83.1535,10.0681],[-83.1593,10.0631],[-83.1514,10.048],[-83.1509,10.0415],[-83.1622,10.0391],[-83.1731,10.0301],[-83.2107,10.0161],[-83.2105,10.0026],[-83.2023,9.9921],[-83.1967,9.9892],[-83.1908,9.9795],[-83.2,9.9757],[-83.2057,9.9632],[-83.2057,9.9481],[-83.1984,9.9362],[-83.1976,9.928],[-83.2068,9.9133],[-83.201,9.9017],[-83.2018,9.8947],[-83.2136,9.8859],[-83.2262,9.8916],[-83.2331,9.8818],[-83.2406,9.877],[-83.2427,9.8547],[-83.2342,9.842],[-83.2428,9.83],[-83.2682,9.8144],[-83.278,9.8017],[-83.304,9.7985],[-83.3176,9.8043],[-83.3201,9.8113],[-83.3314,9.8216],[-83.3371,9.832],[-83.345,9.8117],[-83.3545,9.805],[-83.3561,9.7984],[-83.3822,9.769],[-83.3926,9.7508],[-83.3948,9.743],[-83.4027,9.7391],[-83.429,9.7067],[-83.4272,9.6921],[-83.4285,9.6796],[-83.4508,9.6493],[-83.4591,9.6461],[-83.4678,9.6333],[-83.4816,9.6287],[-83.4897,9.6158],[-83.5027,9.6032],[-83.5105,9.5988],[-83.5053,9.5823],[-83.5137,9.5627],[-83.5159,9.5377],[-83.4967,9.5225],[-83.4958,9.512],[-83.4878,9.5006],[-83.4884,9.484],[-83.4805,9.486],[-83.4819,9.5006],[-83.4697,9.5253],[-83.4761,9.5375],[-83.468,9.5531]]]}},{"type":"Feature","properties":{"id":"los_chiles","name":"Los Chiles"},"geometry":{"type":"Polygon","coordinates":[[[-84.5227,10.711],[-84.5207,10.7158],[-84.532,10.7638],[-84.5427,10.7718],[-84.547,10.7803],[-84.5475,10.8005],[-84.5389,10.829],[-84.5418,10.8434],[-84.5471,10.8472],[-84.5479,10.859],[-84.5327,10.8738],[-84.5302,10.8716],[-84.5262,10.8746],[-84.5099,10.8807],[-84.5032,10.874],[-84.4866,10.8745],[-84.4825,10.872],[-84.4743,10.8735],[-84.4694,10.8824],[-84.4712,10.9156],[-84.48,10.9342],[-84.4737,10.9407],[-84.4777,10.9499],[-84.4584,10.9642],[-84.4547,10.9624],[-84.4863,11.0016],[-84.5641,11.0334],[-84.5748,11.0506],[-84.6044,11.038],[-84.6641,11.0716],[-84.6797,11.0837],[-84.8798,10.9612],[-84.8816,10.9458],[-84.8869,10.9254],[-84.8867,10.912],[-84.89,10.9078],[-84.8857,10.8923],[-84.8914,10.8735],[-84.8846,10.8572],[-84.8861,10.8445],[-84.8916,10.8422],[-84.8962,10.8266],[-84.8837,10.8109],[-84.8675,10.805],[-84.8535,10.8113],[-84.8393,10.8207],[-84.8365,10.8226],[-84.8328,10.8389],[-84.8174,10.8507],[-84.8071,10.8519],[-84.7906,10.8461],[-84.7797,10.833],[-84.773,10.8346],[-84.7605,10.826],[-84.7576,10.8167],[-84.7497,10.8099],[-84.7461,10.7838],[-84.7377,10.7641],[-84.7322,10.7591],[-84.7096,10.7505],[-84.7043,10.7425],[-84.705,10.7325],[-84.6973,10.7206],[-84.6878,10.7174],[-84.6871,10.7099],[-84.6792,10.699],[-84.6793,10.6898],[-84.6698,10.6817],[-84.654,10.6636],[-84.6497,10.6629],[-84.6411,10.6617],[-84.6302,10.6525],[-84.6227,10.6427],[-84.6144,10.6472],[-84.5849,10.6487],[-84.5717,10.6599],[-84.5706,10.6725],[-84.5628,10.6835],[-84.5378,10.6893],[-84.5304,10.6854],[-84.5254,10.6913],[-84.5227,10.711]]]}},{"type":"Feature","properties":{"id":"matina","name":"Matina"},"geometry":{"type":"Polygon","coordinates":[[[-83.1967,9.9892],[-83.2023,9.9921],[-83.2105,10.0026],[-83.2107,10.0161],[-83.1731,10.0301],[-83.1622,10.0391],[-83.1509,10.0415],[-83.1514,10.048],[-83.1593,10.0631],[-83.1549,10.0705],[-83.1875,10.1144],[-83.2192,10.1494],[-83.2602,10.2025],[-83.2782,10.2236],[-83.2807,10.2201],[-83.271,10.2063],[-83.272,10.1937],[-83.2766,10.1909],[-83.2876,10.1941],[-83.3032,10.1945],[-83.3144,10.187],[-83.3339,10.1782],[-83.3457,10.1615],[-83.35,10.1588],[-83.3637,10.1396],[-83.3645,10.118],[-83.3793,10.1007],[-83.3878,10.1001],[-83.3993,10.0907],[-83.4013,10.0811],[-83.4169,10.0708],[-83.4125,10.059],[-83.421,10.0417],[-83.4329,10.0403],[-83.4561,10.0269],[-83.4679,10.0095],[-83.4569,9.9858],[-83.4503,9.9822],[-83.3124,9.9811],[-83.339,9.9573],[-83.3392,9.9432],[-83.3486,9.9364],[-83.3535,9.9377],[-83.3461,9.9192],[-83.349,9.9096],[-83.3474,9.8973],[-83.3366,9.8867],[-83.3344,9.8746],[-83.339,9.8585],[-83.3323,9.8443],[-83.3371,9.832],[-83.3314,9.8216],[-83.3201,9.8113],[-83.3176,9.8043],[-83.304,9.7985],[-83.278,9.8017],[-83.2682,9.8144],[-83.2428,9.83],[-83.2342,9.842],[-83.2427,9.8547],[-83.2406,9.877],[-83.2331,9.8818],[-83.2262,9.8916],[-83.2136,9.8859],[-83.2018,9.8947],[-83.201,9.9017],[-83.2068,9.9133],[-83.1976,9.928],[-83.1984,9.9362],[-83.2057,9.9481],[-83.2057,9.9632],[-83.2,9.9757],[-83.1908,9.9795],[-83.1967,9.9892]]]}},{"type":"Feature","properties":{"id":"montes_de_oca","name":"Montes de Oca"},"geometry":{"type":"Polygon","coordinates":[[[-84.0576,9.94],[-84.0604,9.9401],[-84.0619,9.9394],[-84.0587,9.9275],[-84.0513,9.9221],[-84.05,9.9225],[-84.0474,9.9242],[-84.0454,9.928],[-84.0314,9.9305],[-84.0201,9.9379],[-84.0103,9.9377],[-84.0077,9.939],[-84.0079,9.9396],[-84.0019,9.9401],[-83.9973,9.9408],[-83.9691,9.9435],[-83.9567,9.9495],[-83.9794,9.9538],[-84.0014,9.9517],[-84.0147,9.946],[-84.0239,9.946],[-84.0398,9.9514],[-84.0488,9.943],[-84.0576,9.94]]]}},{"type":"Feature","properties":{"id":"montes_de_oro","name":"Montes de Oro"},"geometry":{"type":"Polygon","coordinates":[[[-84.6963,10.271],[-84.6897,10.2643],[-84.6792,10.2439],[-84.6829,10.2272],[-84.6941,10.2183],[-84.7215,10.2048],[-84.7244,10.1974],[-84.7486,10.1744],[-84.7543,10.1725],[-84.765,10.1573],[-84.7803,10.1515],[-84.7832,10.1528],[-84.786,10.1505],[-84.8023,10.13],[-84.8098,10.1253],[-84.8109,10.1047],[-84.7995,10.1038],[-84.7963,10.1017],[-84.7896,10.0819],[-84.7927,10.0772],[-84.7875,10.0672],[-84.7798,10.0644],[-84.7843,10.0503],[-84.7707,10.0421],[-84.7619,10.0271],[-84.748,10.024],[-84.7403,10.0172],[-84.7374,10.0092],[-84.7273,10.0127],[-84.7158,10.026],[-84.7047,10.0222],[-84.7019,10.0404],[-84.6933,10.04],[-84.689,10.0441],[-84.6661,10.0531],[-84.6735,10.0648],[-84.681,10.0925],[-84.6776,10.098],[-84.6769,10.1061],[-84.6821,10.1076],[-84.6862,10.1181],[-84.6802,10.1267],[-84.6652,10.1219],[-84.6711,10.1264],[-84.6729,10.1402],[-84.6655,10.1462],[-84.6685,10.1544],[-84.6653,10.1726],[-84.6819,10.1771],[-84.6624,10.1975],[-84.6588,10.2146],[-84.6596,10.2296],[-84.657,10.245],[-84.6665,10.2547],[-84.6742,10.2799],[-84.6854,10.284],[-84.6946,10.2775],[-84.6963,10.271]]]}},{"type":"Feature","properties":{"id":"mora","name":"Mora"},"geometry":{"type":"Polygon","coordinates":[[[-84.148,9.8644],[-84.1768,9.8674],[-84.2033,9.8996],[-84.2173,9.908],[-84.2265,9.9274],[-84.2323,9.9325],[-84.2436,9.9352],[-84.2529,9.9279],[-84.2597,9.9323],[-84.2753,9.9321],[-84.3102,9.9232],[-84.3111,9.9193],[-84.3267,9.9164],[-84.3289,9.9146],[-84.3394,9.915],[-84.3545,9.9194],[-84.3675,9.9295],[-84.3732,9.9256],[-84.3823,9.933],[-84.3937,9.9358],[-84.4139,9.9231],[-84.4077,9.9205],[-84.4026,9.9104],[-84.396,9.905],[-84.3779,9.8997],[-84.3677,9.8891],[-84.362,9.8785],[-84.3544,9.8856],[-84.3343,9.8916],[-84.3254,9.8907],[-84.3083,9.8824],[-84.2998,9.8811],[-84.2962,9.869],[-84.2714,9.8438],[-84.2584,9.8375],[-84.2582,9.8299],[-84.259,9.8258],[-84.2654,9.818],[-84.2628,9.8088],[-84.2526,9.8119],[-84.2363,9.8087],[-84.2255,9.8102],[-84.221,9.8154],[-84.2228,9.8315],[-84.22,9.8402],[-84.192,9.8397],[-84.1726,9.8567],[-84.1614,9.8614],[-84.1488,9.8563],[-84.1456,9.8598],[-84.148,9.8644]]]}},{"type":"Feature","properties":{"id":"moravia","name":"Moravia"},"geometry":{"type":"Polygon","coordinates":[[[-84.0122,10.0564],[-84.021,10.0597],[-84.028,10.0603],[-84.0159,10.0502],[-84.0104,10.0371],[-84.0125,10.0218],[-84.0228,10.0137],[-84.0256,9.9922],[-84.0343,9.9909],[-84.0449,9.9804],[-84.0459,9.9812],[-84.0548,9.9719],[-84.0656,9.9545],[-84.0573,9.9524],[-84.0453,9.9548],[-84.0342,9.9641],[-84.0241,9.9676],[-84.0318,9.9688],[-84.0229,9.9787],[-84.0171,9.9939],[-84.0113,10.0009],[-84.0022,10.0018],[-84.0014,10.0193],[-83.9938,10.0213],[-83.9886,10.0303],[-83.9889,10.0405],[-83.9838,10.0655],[-84.0007,10.0558],[-84.0122,10.0564]]]}},{"type":"Feature","properties":{"id":"nandayure","name":"Nandayure"},"geometry":{"type":"Polygon","coordinates":[[[-85.1611,9.9958],[-85.1682,10.0039],[-85.1698,10.0091],[-85.1625,10.0183],[-85.1694,10.0269],[-85.1624,10.0351],[-85.1534,10.0311],[-85.1494,10.04],[-85.1512,10.0486],[-85.17,10.0469],[-85.1774,10.052],[-85.183,10.0647],[-85.1904,10.0663],[-85.1894,10.0565],[-85.205,10.0535],[-85.2145,10.055],[-85.2314,10.0675],[-85.2365,10.0746],[-85.2469,10.0747],[-85.2546,10.0632],[-85.2705,10.0581],[-85.2779,10.0649],[-85.2859,10.06],[-85.2949,10.0632],[-85.3108,10.0718],[-85.3241,10.0704],[-85.3216,10.0517],[-85.3171,10.0473],[-85.3225,10.0379],[-85.3271,10.0307],[-85.3232,10.0243],[-85.3289,10.005],[-85.3656,10.0107],[-85.3734,10.0051],[-85.3677,9.9961],[-85.354,9.9981],[-85.3483,9.9809],[-85.3613,9.9659],[-85.3572,9.961],[-85.3547,9.9558],[-85.3507,9.9442],[-85.3444,9.9434],[-85.3427,9.9337],[-85.3722,9.9123],[-85.4001,9.9122],[-85.405,9.9097],[-85.4236,9.9108],[-85.4296,9.9057],[-85.4297,9.8977],[-85.438,9.8964],[-85.4387,9.8866],[-85.4463,9.8865],[-85.4562,9.8751],[-85.4547,9.8619],[-85.4302,9.8579],[-85.4278,9.853],[-85.4053,9.8471],[-85.4002,9.8518],[-85.3761,9.8454],[-85.3706,9.8399],[-85.3601,9.8386],[-85.3439,9.8305],[-85.3333,9.8213],[-85.3189,9.8154],[-85.2975,9.803],[-85.274,9.7853],[-85.266,9.7731],[-85.2763,9.7596],[-85.2672,9.7575],[-85.2495,9.7486],[-85.232,9.7338],[-85.2178,9.7279],[-85.2165,9.7415],[-85.2042,9.7483],[-85.1949,9.776],[-85.1885,9.823],[-85.1808,9.8533],[-85.197,9.8613],[-85.1974,9.8663],[-85.2094,9.8893],[-85.214,9.8894],[-85.2198,9.9016],[-85.2282,9.9015],[-85.2409,9.9107],[-85.2495,9.9095],[-85.2711,9.9186],[-85.2771,9.9277],[-85.2691,9.9365],[-85.2717,9.9563],[-85.268,9.9615],[-85.2537,9.9658],[-85.2475,9.972],[-85.2284,9.9677],[-85.2126,9.9723],[-85.2019,9.9694],[-85.1874,9.9713],[-85.1684,9.9806],[-85.1609,9.9877],[-85.1611,9.9958]]]}},{"type":"Feature","properties":{"id":"naranjo","name":"Naranjo"},"geometry":{"type":"Polygon","coordinates":[[[-84.3571,10.0478],[-84.3566,10.0589],[-84.3573,10.0638],[-84.359,10.0689],[-84.3581,10.0725],[-84.3609,10.0883],[-84.3564,10.0974],[-84.3562,10.1135],[-84.3401,10.1485],[-84.3407,10.1567],[-84.3334,10.1584],[-84.3337,10.1719],[-84.3406,10.1764],[-84.3398,10.1861],[-84.351,10.1873],[-84.3746,10.182],[-84.4049,10.1689],[-84.4188,10.1715],[-84.432,10.1684],[-84.4211,10.139],[-84.4138,10.13],[-84.4241,10.1284],[-84.434,10.1223],[-84.4334,10.1148],[-84.4431,10.1014],[-84.4364,10.0985],[-84.4332,10.0866],[-84.4143,10.075],[-84.4077,10.0534],[-84.412,10.0451],[-84.4066,10.0343],[-84.3931,10.0376],[-84.3668,10.0345],[-84.3636,10.0201],[-84.3597,10.0181],[-84.3576,10.0272],[-84.3571,10.0478]]]}},{"type":"Feature","properties":{"id":"nicoya","name":"Nicoya"},"geometry":{"type":"Polygon","coordinates":[[[-85.2481,10.2483],[-85.2693,10.266],[-85.2833,10.2705],[-85.2808,10.2947],[-85.301,10.3041],[-85.3107,10.3189],[-85.3302,10.3231],[-85.3475,10.3237],[-85.3526,10.3163],[-85.3605,10.3233],[-85.3745,10.326],[-85.3663,10.3397],[-85.3805,10.3381],[-85.3865,10.3373],[-85.399,10.3377],[-85.4072,10.3467],[-85.4211,10.3444],[-85.4279,10.33],[-85.4389,10.3307],[-85.4455,10.3251],[-85.4678,10.3355],[-85.4797,10.3377],[-85.497,10.3341],[-85.4983,10.3265],[-85.4929,10.3199],[-85.4937,10.3032],[-85.4894,10.2933],[-85.4963,10.2753],[-85.4976,10.2602],[-85.5048,10.252],[-85.4996,10.239],[-85.5024,10.233],[-85.5185,10.229],[-85.5263,10.2217],[-85.5265,10.207],[-85.5341,10.1926],[-85.5343,10.1854],[-85.544,10.1715],[-85.5798,10.1358],[-85.5846,10.129],[-85.5973,10.1221],[-85.5974,10.1079],[-85.5918,10.108],[-85.5898,10.0954],[-85.5888,10.0889],[-85.5951,10.0758],[-85.5969,10.0654],[-85.6083,10.0636],[-85.612,10.0546],[-85.6243,10.0562],[-85.6269,10.0486],[-85.6282,10.0436],[-85.6266,10.041],[-85.6375,10.027],[-85.6378,10.0201],[-85.6492,10.0125],[-85.6608,10.0119],[-85.6658,9.9996],[-85.6715,9.9953],[-85.6725,9.9841],[-85.6903,9.9913],[-85.697,9.986],[-85.6827,9.968],[-85.6752,9.9536],[-85.6774,9.9487],[-85.6681,9.938],[-85.6632,9.9254],[-85.6631,9.9111],[-85.6677,9.9027],[-85.6565,9.902],[-85.6476,9.9068],[-85.6326,9.9022],[-85.6272,9.8918],[-85.6189,9.8922],[-85.6078,9.8869],[-85.5991,9.8904],[-85.5887,9.8822],[-85.551,9.8775],[-85.5474,9.874],[-85.5344,9.874],[-85.5257,9.8798],[-85.5188,9.8792],[-85.5083,9.87],[-85.5076,9.8596],[-85.4956,9.871],[-85.4852,9.8883],[-85.4746,9.8858],[-85.465,9.8997],[-85.4666,9.9152],[-85.472,9.9259],[-85.4659,9.942],[-85.4635,9.969],[-85.4739,9.9907],[-85.4682,10.0016],[-85.4741,10.023],[-85.4639,10.0361],[-85.4605,10.0514],[-85.454,10.055],[-85.4475,10.0648],[-85.4512,10.0739],[-85.449,10.0843],[-85.4268,10.0979],[-85.4105,10.0983],[-85.3924,10.0925],[-85.3784,10.072],[-85.3834,10.0691],[-85.383,10.0629],[-85.3689,10.0486],[-85.3433,10.0443],[-85.3419,10.043],[-85.3315,10.0377],[-85.3225,10.0379],[-85.3171,10.0473],[-85.3216,10.0517],[-85.3241,10.0704],[-85.3108,10.0718],[-85.2949,10.0632],[-85.2859,10.06],[-85.2779,10.0649],[-85.2705,10.0581],[-85.2546,10.0632],[-85.2469,10.0747],[-85.2365,10.0746],[-85.2314,10.0675],[-85.2145,10.055],[-85.205,10.0535],[-85.1894,10.0565],[-85.1904,10.0663],[-85.1959,10.0832],[-85.2043,10.0836],[-85.2288,10.0957],[-85.2384,10.1093],[-85.2391,10.121],[-85.2362,10.1309],[-85.243,10.1478],[-85.2472,10.1771],[-85.2433,10.1972],[-85.2459,10.2135],[-85.2408,10.2282],[-85.2473,10.2476],[-85.2481,10.2483]]]}},{"type":"Feature","properties":{"id":"oreamuno","name":"Oreamuno"},"geometry":{"type":"Polygon","coordinates":[[[-83.8178,10.0838],[-83.9472,10.147],[-83.9458,10.1423],[-83.938,10.1238],[-83.9371,10.1095],[-83.93,10.0821],[-83.9175,10.076],[-83.8923,10.058],[-83.8829,10.048],[-83.8756,10.0336],[-83.8759,10.02],[-83.8673,10.0038],[-83.8682,9.9923],[-83.8594,9.9788],[-83.8679,9.9708],[-83.8717,9.9543],[-83.8823,9.9399],[-83.8877,9.9229],[-83.8891,9.9108],[-83.8944,9.8938],[-83.9079,9.8823],[-83.9053,9.8731],[-83.9088,9.8575],[-83.8944,9.8477],[-83.8888,9.8525],[-83.887,9.8629],[-83.8748,9.8624],[-83.8615,9.8686],[-83.857,9.8775],[-83.8421,9.8794],[-83.8283,9.8864],[-83.8229,9.8941],[-83.8253,9.9026],[-83.8322,9.905],[-83.8293,9.914],[-83.8351,9.9305],[-83.8291,9.9444],[-83.8418,9.9546],[-83.8426,9.9601],[-83.8338,9.9778],[-83.8276,9.9798],[-83.8182,10.0119],[-83.8136,10.0167],[-83.801,10.0329],[-83.813,10.0475],[-83.814,10.0648],[-83.8194,10.0698],[-83.8178,10.0838]]]}},{"type":"Feature","properties":{"id":"orotina","name":"Orotina"},"geometry":{"type":"Polygon","coordinates":[[[-84.468,9.9418],[-84.4765,9.9451],[-84.4917,9.9449],[-84.5005,9.9407],[-84.5054,9.9325],[-84.5144,9.93],[-84.5383,9.931],[-84.5532,9.9219],[-84.5584,9.9277],[-84.5752,9.9308],[-84.5785,9.9345],[-84.5958,9.9354],[-84.6027,9.9264],[-84.6123,9.9259],[-84.6225,9.9271],[-84.624,9.922],[-84.6379,9.9185],[-84.6493,9.9069],[-84.6585,9.9094],[-84.667,9.9165],[-84.6685,9.9165],[-84.6777,9.9067],[-84.6862,9.9077],[-84.6869,9.8973],[-84.6845,9.8969],[-84.6859,9.8891],[-84.6802,9.8827],[-84.6803,9.8748],[-84.6766,9.8778],[-84.6583,9.8754],[-84.6244,9.8616],[-84.6029,9.8613],[-84.5964,9.8576],[-84.5962,9.8474],[-84.5904,9.8401],[-84.5744,9.8455],[-84.5633,9.8416],[-84.5464,9.8505],[-84.5468,9.861],[-84.5389,9.8627],[-84.5434,9.8725],[-84.5298,9.8756],[-84.525,9.8833],[-84.5105,9.8922],[-84.4951,9.9078],[-84.4836,9.9099],[-84.4673,9.9171],[-84.4617,9.9246],[-84.468,9.9418]]]}},{"type":"Feature","properties":{"id":"osa","name":"Osa"},"geometry":{"type":"MultiPolygon","coordinates":[[[[-83.9028,8.7206],[-83.9013,8.7132],[-83.8856,8.7012],[-83.8755,8.7002],[-83.8671,8.7105],[-83.8675,8.7166],[-83.9028,8.7206]]],[[[-83.7426,9.2396],[-83.7564,9.2432],[-83.7591,9.2378],[-83.7534,9.2221],[-83.7612,9.2173],[-83.7742,9.2218],[-83.8114,9.2309],[-83.8186,9.2413],[-83.8326,9.2532],[-83.8435,9.259],[-83.8533,9.2798],[-83.8575,9.2784],[-83.8624,9.2611],[-83.8683,9.2558],[-83.8635,9.2494],[-83.844,9.2329],[-83.8422,9.224],[-83.8242,9.2117],[-83.812,9.2101],[-83.8068,9.2049],[-83.7952,9.203],[-83.7891,9.1951],[-83.7817,9.1933],[-83.77,9.1821],[-83.7591,9.1639],[-83.7572,9.1513],[-83.7394,9.1507],[-83.7295,9.1457],[-83.7232,9.1338],[-83.7179,9.1312],[-83.7014,9.1134],[-83.695,9.1105],[-83.6815,9.0918],[-83.6795,9.0831],[-83.6695,9.0762],[-83.661,9.0598],[-83.6522,9.065],[-83.64,9.0528],[-83.6457,9.0447],[-83.6357,9.0245],[-83.6328,9.0129],[-83.6327,8.9737],[-83.6308,8.9602],[-83.6237,8.9538],[-83.6264,8.9425],[-83.6213,8.9288],[-83.6209,8.9178],[-83.6114,8.9174],[-83.6102,8.909],[-83.5977,8.8959],[-83.6066,8.8915],[-83.6138,8.8974],[-83.6197,8.8936],[-83.6194,8.8762],[-83.5939,8.8632],[-83.5849,8.8511],[-83.5967,8.847],[-83.6078,8.8309],[-83.6195,8.8239],[-83.6365,8.8178],[-83.6511,8.8001],[-83.6398,8.7747],[-83.6474,8.7653],[-83.6428,8.7548],[-83.6411,8.7378],[-83.6487,8.7321],[-83.6492,8.7142],[-83.6542,8.7001],[-83.67,8.6924],[-83.6767,8.6974],[-83.6948,8.6937],[-83.7097,8.6869],[-83.7152,8.6786],[-83.7165,8.6664],[-83.7144,8.6515],[-83.7229,8.6446],[-83.732,8.6427],[-83.73,8.6312],[-83.7367,8.6196],[-83.7327,8.5915],[-83.7225,8.5824],[-83.7084,8.5822],[-83.6525,8.5252],[-83.6446,8.5246],[-83.6241,8.5057],[-83.6149,8.5054],[-83.61,8.5121],[-83.6305,8.5261],[-83.6328,8.5353],[-83.6183,8.5401],[-83.5978,8.5661],[-83.6139,8.5745],[-83.6219,8.5755],[-83.6275,8.5788],[-83.6344,8.5896],[-83.642,8.5955],[-83.6294,8.6076],[-83.6281,8.6266],[-83.6106,8.6266],[-83.5972,8.6122],[-83.5835,8.6134],[-83.576,8.6276],[-83.5687,8.6145],[-83.5703,8.6058],[-83.5509,8.5939],[-83.5351,8.5909],[-83.5249,8.5858],[-83.5159,8.5945],[-83.5125,8.5963],[-83.5049,8.5989],[-83.5022,8.6015],[-83.4916,8.6168],[-83.485,8.6173],[-83.477,8.6348],[-83.4831,8.6422],[-83.4813,8.6668],[-83.4824,8.6776],[-83.4799,8.6834],[-83.4738,8.6889],[-83.4677,8.6923],[-83.4719,8.7014],[-83.4831,8.6967],[-83.485,8.7047],[-83.4819,8.7167],[-83.4691,8.72],[-83.4636,8.7247],[-83.4557,8.7216],[-83.4442,8.7235],[-83.4318,8.7126],[-83.4175,8.7184],[-83.4149,8.7247],[-83.4039,8.7349],[-83.3934,8.73],[-83.3752,8.7428],[-83.3562,8.7319],[-83.346,8.7342],[-83.3317,8.7201],[-83.3138,8.7285],[-83.299,8.725],[-83.2935,8.7428],[-83.2876,8.7464],[-83.287,8.7589],[-83.253,8.7682],[-83.2487,8.7757],[-83.2357,8.7721],[-83.2255,8.7636],[-83.2222,8.7566],[-83.1947,8.7443],[-83.1862,8.737],[-83.1753,8.7411],[-83.1717,8.7532],[-83.1724,8.7828],[-83.1632,8.8074],[-83.1767,8.8221],[-83.1867,8.8439],[-83.215,8.8733],[-83.236,8.8881],[-83.2456,8.9022],[-83.2486,8.9154],[-83.2651,8.9195],[-83.2789,8.9304],[-83.2894,8.9272],[-83.2972,8.931],[-83.3053,8.9379],[-83.3135,8.9428],[-83.3333,8.9452],[-83.3385,8.9408],[-83.3559,8.945],[-83.3702,8.9546],[-83.3681,8.974],[-83.3755,8.9817],[-83.3961,8.9874],[-83.4026,8.994],[-83.4136,8.9921],[-83.4158,8.9778],[-83.4228,8.9804],[-83.4307,8.9901],[-83.4677,8.9961],[-83.4764,9.0093],[-83.4946,9.0214],[-83.4942,9.0255],[-83.4995,9.033],[-83.5082,9.0356],[-83.5141,9.0429],[-83.5312,9.0492],[-83.5415,9.0492],[-83.5595,9.0544],[-83.5616,9.0638],[-83.5542,9.068],[-83.5482,9.0793],[-83.5491,9.0824],[-83.5715,9.0877],[-83.5823,9.1009],[-83.603,9.1132],[-83.6084,9.121],[-83.617,9.1248],[-83.6374,9.1278],[-83.649,9.1342],[-83.6571,9.1475],[-83.673,9.1577],[-83.6769,9.1748],[-83.6697,9.1828],[-83.684,9.2082],[-83.7017,9.2161],[-83.7045,9.2231],[-83.7234,9.2206],[-83.7374,9.2246],[-83.7426,9.2396]]]]}},{"type":"Feature","properties":{"id":"palmares","name":"Palmares"},"geometry":{"type":"Polygon","coordinates":[[[-84.4332,10.0866],[-84.447,10.0789],[-84.4528,10.0617],[-84.4682,10.0291],[-84.4695,10.0155],[-84.463,10.0126],[-84.4549,10.0074],[-84.4224,10.0146],[-84.4223,10.0225],[-84.4066,10.0343],[-84.412,10.0451],[-84.4077,10.0534],[-84.4143,10.075],[-84.4332,10.0866]]]}},{"type":"Feature","properties":{"id":"paraiso","name":"Paraíso"},"geometry":{"type":"Polygon","coordinates":[[[-83.7007,9.5537],[-83.698,9.5517],[-83.6846,9.5514],[-83.6763,9.5556],[-83.6716,9.5588],[-83.6631,9.5691],[-83.6604,9.578],[-83.6529,9.5835],[-83.6437,9.5845],[-83.6344,9.5801],[-83.6276,9.5926],[-83.6289,9.6046],[-83.6403,9.6061],[-83.643,9.615],[-83.6619,9.6321],[-83.6703,9.636],[-83.6798,9.6504],[-83.6773,9.6645],[-83.6788,9.6757],[-83.6714,9.6893],[-83.7046,9.7348],[-83.7262,9.7661],[-83.7193,9.7792],[-83.725,9.7822],[-83.7425,9.783],[-83.7586,9.7687],[-83.7708,9.767],[-83.78,9.7691],[-83.785,9.7803],[-83.7812,9.7918],[-83.771,9.8163],[-83.7623,9.8247],[-83.7611,9.8408],[-83.7664,9.8481],[-83.7673,9.8575],[-83.7605,9.863],[-83.7774,9.8947],[-83.7798,9.9078],[-83.7855,9.8865],[-83.7957,9.8741],[-83.8075,9.8723],[-83.8223,9.8765],[-83.8283,9.8864],[-83.8421,9.8794],[-83.857,9.8775],[-83.8615,9.8686],[-83.8748,9.8624],[-83.887,9.8629],[-83.8888,9.8525],[-83.8944,9.8477],[-83.8862,9.8357],[-83.8754,9.8301],[-83.8651,9.8146],[-83.8741,9.8016],[-83.8739,9.785],[-83.871,9.7708],[-83.856,9.75],[-83.8473,9.7347],[-83.8209,9.6932],[-83.7652,9.6039],[-83.7574,9.5929],[-83.7641,9.584],[-83.7571,9.5746],[-83.7568,9.5659],[-83.7444,9.5582],[-83.7306,9.5595],[-83.7199,9.5518],[-83.706,9.5574],[-83.7007,9.5537]]]}},{"type":"Feature","properties":{"id":"parrita","name":"Parrita"},"geometry":{"type":"Polygon","coordinates":[[[-84.2239,9.6283],[-84.2395,9.6231],[-84.247,9.627],[-84.2564,9.628],[-84.2649,9.6309],[-84.2819,9.6292],[-84.2888,9.6373],[-84.2916,9.6346],[-84.2959,9.6469],[-84.3032,9.6494],[-84.3049,9.6435],[-84.3246,9.6365],[-84.3371,9.635],[-84.3463,9.6307],[-84.3513,9.6387],[-84.3613,9.633],[-84.3693,9.6371],[-84.3838,9.633],[-84.3897,9.639],[-84.3988,9.6365],[-84.3982,9.614],[-84.3927,9.5988],[-84.4062,9.5817],[-84.4142,9.583],[-84.4159,9.5733],[-84.4205,9.5695],[-84.4249,9.5582],[-84.43,9.5599],[-84.4382,9.5652],[-84.4346,9.568],[-84.4387,9.5733],[-84.457,9.5821],[-84.468,9.5746],[-84.4819,9.5765],[-84.4839,9.57],[-84.5088,9.5715],[-84.5297,9.5752],[-84.5372,9.5659],[-84.5417,9.5501],[-84.5451,9.5491],[-84.5517,9.5384],[-84.5363,9.5199],[-84.5278,9.5181],[-84.5195,9.5226],[-84.497,9.5276],[-84.4665,9.5271],[-84.4217,9.5127],[-84.4129,9.5087],[-84.3598,9.499],[-84.3412,9.4923],[-84.2951,9.4838],[-84.2757,9.4774],[-84.258,9.4787],[-84.2486,9.4696],[-84.2059,9.4504],[-84.1892,9.4502],[-84.1914,9.4548],[-84.2058,9.4608],[-84.2213,9.4605],[-84.2277,9.4635],[-84.2521,9.5018],[-84.2411,9.5128],[-84.2315,9.5162],[-84.2112,9.5109],[-84.2094,9.5134],[-84.2074,9.5119],[-84.196,9.5243],[-84.1879,9.5267],[-84.183,9.5345],[-84.1859,9.5465],[-84.1737,9.548],[-84.169,9.5547],[-84.1352,9.5721],[-84.1426,9.5809],[-84.1381,9.5892],[-84.1409,9.6],[-84.1342,9.6015],[-84.1373,9.6172],[-84.1469,9.6218],[-84.1494,9.6294],[-84.1657,9.6251],[-84.1808,9.6249],[-84.1905,9.6172],[-84.1973,9.6165],[-84.2092,9.6222],[-84.2143,9.6207],[-84.2239,9.6283]]]}},{"type":"Feature","properties":{"id":"perez_zeledon","name":"Pérez Zeledón"},"geometry":{"type":"Polygon","coordinates":[[[-83.5491,9.0824],[-83.5482,9.0806],[-83.5354,9.0787],[-83.5274,9.0808],[-83.5112,9.0755],[-83.5058,9.0797],[-83.5085,9.0892],[-83.5016,9.098],[-83.491,9.1023],[-83.487,9.1087],[-83.4736,9.1177],[-83.4734,9.1255],[-83.4828,9.1388],[-83.4791,9.1518],[-83.4711,9.159],[-83.4764,9.1706],[-83.4762,9.1836],[-83.4814,9.1873],[-83.4847,9.1985],[-83.493,9.1934],[-83.5055,9.2013],[-83.5123,9.2011],[-83.52,9.2147],[-83.5123,9.2319],[-83.5093,9.2536],[-83.5039,9.2622],[-83.4892,9.2688],[-83.4756,9.2939],[-83.4658,9.3232],[-83.4492,9.3493],[-83.4297,9.3669],[-83.4425,9.3768],[-83.4569,9.3814],[-83.4627,9.3986],[-83.4741,9.4213],[-83.482,9.4327],[-83.4798,9.4557],[-83.4822,9.4683],[-83.4895,9.4838],[-83.5079,9.4958],[-83.5149,9.5026],[-83.526,9.5065],[-83.543,9.5213],[-83.5471,9.5327],[-83.5619,9.532],[-83.5714,9.5348],[-83.5915,9.5457],[-83.5941,9.5513],[-83.605,9.552],[-83.6229,9.5614],[-83.6291,9.5751],[-83.6344,9.5801],[-83.6437,9.5845],[-83.6529,9.5835],[-83.6604,9.578],[-83.6631,9.5691],[-83.6716,9.5588],[-83.6763,9.5556],[-83.6846,9.5514],[-83.698,9.5517],[-83.7007,9.5537],[-83.706,9.5574],[-83.7199,9.5518],[-83.7306,9.5595],[-83.7444,9.5582],[-83.7568,9.5659],[-83.7571,9.5746],[-83.7641,9.584],[-83.7687,9.5933],[-83.7769,9.5986],[-83.7907,9.5881],[-83.7998,9.5783],[-83.7996,9.5663],[-83.8051,9.5539],[-83.8247,9.5316],[-83.8348,9.5308],[-83.846,9.5343],[-83.8664,9.5274],[-83.8766,9.5204],[-83.8767,9.5115],[-83.8964,9.4984],[-83.91,9.496],[-83.9192,9.4895],[-83.9327,9.4868],[-83.9373,9.4911],[-83.9442,9.48],[-83.9461,9.4623],[-83.9432,9.4518],[-83.9494,9.4357],[-83.9517,9.434],[-83.964,9.4359],[-83.9668,9.4498],[-83.9762,9.4606],[-83.9895,9.4652],[-83.9969,9.4491],[-83.9993,9.4506],[-84.0006,9.4501],[-84.0012,9.4427],[-83.9831,9.4327],[-83.9802,9.4244],[-83.9637,9.4125],[-83.9605,9.3979],[-83.9481,9.3952],[-83.9409,9.3881],[-83.9348,9.3884],[-83.9333,9.3993],[-83.9243,9.4031],[-83.9087,9.4038],[-83.9019,9.3999],[-83.8973,9.3903],[-83.8867,9.378],[-83.8855,9.3712],[-83.8903,9.3684],[-83.8894,9.3629],[-83.8736,9.3566],[-83.8686,9.3457],[-83.8532,9.3406],[-83.8408,9.3418],[-83.8448,9.3347],[-83.8525,9.3242],[-83.8588,9.3054],[-83.8577,9.2916],[-83.8533,9.2798],[-83.8435,9.259],[-83.8326,9.2532],[-83.8186,9.2413],[-83.8114,9.2309],[-83.7742,9.2218],[-83.7612,9.2173],[-83.7534,9.2221],[-83.7591,9.2378],[-83.7564,9.2432],[-83.7426,9.2396],[-83.7374,9.2246],[-83.7234,9.2206],[-83.7045,9.2231],[-83.7017,9.2161],[-83.684,9.2082],[-83.6697,9.1828],[-83.6769,9.1748],[-83.673,9.1577],[-83.6571,9.1475],[-83.649,9.1342],[-83.6374,9.1278],[-83.617,9.1248],[-83.6084,9.121],[-83.603,9.1132],[-83.5823,9.1009],[-83.5715,9.0877],[-83.5491,9.0824]]]}},{"type":"Feature","properties":{"id":"poas","name":"Poás"},"geometry":{"type":"Polygon","coordinates":[[[-84.2305,10.1972],[-84.2381,10.1866],[-84.2372,10.1757],[-84.2323,10.1701],[-84.2318,10.1674],[-84.25,10.1235],[-84.2709,10.1022],[-84.2715,10.0738],[-84.2732,10.0632],[-84.2807,10.0403],[-84.2946,10.0237],[-84.2992,10.0143],[-84.299,10.0144],[-84.2801,10.0228],[-84.2687,10.0255],[-84.2591,10.0336],[-84.2531,10.0501],[-84.2458,10.0623],[-84.2352,10.0726],[-84.2316,10.0827],[-84.2046,10.1175],[-84.1976,10.1319],[-84.1958,10.1414],[-84.1978,10.1549],[-84.2225,10.1804],[-84.2305,10.1972]]]}},{"type":"Feature","properties":{"id":"pococi","name":"Pococí"},"geometry":{"type":"Polygon","coordinates":[[[-83.3923,10.302],[-83.3945,10.296],[-83.3939,10.2933],[-83.3881,10.3021],[-83.3778,10.2956],[-83.3673,10.2996],[-83.365,10.2884],[-83.3496,10.2945],[-83.3569,10.3145],[-83.3616,10.319],[-83.3883,10.3549],[-83.4285,10.4122],[-83.4662,10.4741],[-83.4945,10.5293],[-83.5224,10.5897],[-83.5559,10.6732],[-83.5728,10.7273],[-83.5854,10.7831],[-83.584,10.7873],[-83.589,10.8054],[-83.607,10.8436],[-83.6128,10.8607],[-83.6251,10.8891],[-83.6325,10.9019],[-83.6485,10.9217],[-83.6649,10.9338],[-83.6877,10.9334],[-83.6803,10.9173],[-83.6723,10.9094],[-83.6785,10.896],[-83.6666,10.8887],[-83.6673,10.8765],[-83.675,10.8539],[-83.66,10.8177],[-83.6697,10.7981],[-83.6956,10.7867],[-83.7158,10.7929],[-83.7255,10.7852],[-83.7473,10.7797],[-83.7562,10.7739],[-83.7455,10.7692],[-83.7452,10.7625],[-83.7329,10.7446],[-83.7321,10.737],[-83.7403,10.7252],[-83.7351,10.7179],[-83.7159,10.7043],[-83.7128,10.6933],[-83.7281,10.6946],[-83.7447,10.6923],[-83.7492,10.6963],[-83.7649,10.6988],[-83.7799,10.6829],[-83.7891,10.6568],[-83.8386,10.644],[-83.8422,10.6338],[-83.8404,10.6217],[-83.8452,10.6028],[-83.8376,10.5927],[-83.8366,10.5843],[-83.8451,10.5599],[-83.8461,10.5438],[-83.8396,10.5369],[-83.8387,10.5117],[-83.831,10.5034],[-83.83,10.4841],[-83.8381,10.4737],[-83.8319,10.4615],[-83.8484,10.4449],[-83.8583,10.4446],[-83.8622,10.4377],[-83.8708,10.4341],[-83.8792,10.4067],[-83.8761,10.3909],[-83.8665,10.3799],[-83.865,10.3731],[-83.856,10.3654],[-83.8487,10.3373],[-83.8536,10.3125],[-83.8517,10.3081],[-83.8531,10.2945],[-83.8507,10.2806],[-83.8517,10.2693],[-83.8548,10.2655],[-83.8647,10.2483],[-83.8906,10.2269],[-83.8994,10.2147],[-83.9143,10.2016],[-83.9298,10.1897],[-83.9362,10.1797],[-83.9365,10.1763],[-83.9472,10.147],[-83.8178,10.0838],[-83.7749,10.0633],[-83.7693,10.0957],[-83.7718,10.1082],[-83.7564,10.1367],[-83.7562,10.1561],[-83.7516,10.1638],[-83.75,10.1848],[-83.7358,10.2149],[-83.7269,10.2429],[-83.7128,10.2541],[-83.7003,10.2581],[-83.6917,10.2657],[-83.6865,10.2671],[-83.6745,10.2778],[-83.6673,10.2904],[-83.6663,10.3532],[-83.6539,10.3529],[-83.6474,10.357],[-83.6302,10.3586],[-83.6197,10.3572],[-83.6024,10.3614],[-83.5975,10.3685],[-83.5932,10.3703],[-83.5846,10.3546],[-83.5738,10.347],[-83.5758,10.3348],[-83.5715,10.3199],[-83.5671,10.3121],[-83.5682,10.2997],[-83.5563,10.2972],[-83.5477,10.2992],[-83.5393,10.2954],[-83.5374,10.2982],[-83.5269,10.2997],[-83.5178,10.3068],[-83.5035,10.2996],[-83.4994,10.2988],[-83.485,10.2918],[-83.4735,10.2917],[-83.4734,10.2888],[-83.4669,10.2891],[-83.4548,10.2865],[-83.4446,10.2904],[-83.437,10.2843],[-83.4164,10.2888],[-83.4048,10.2853],[-83.403,10.2949],[-83.3923,10.302]]]}},{"type":"Feature","properties":{"id":"puerto_jimenez","name":"Puerto Jimenez"},"geometry":{"type":"Polygon","coordinates":[[[-83.6525,8.5252],[-83.6474,8.5192],[-83.6065,8.4886],[-83.5947,8.4711],[-83.5884,8.4577],[-83.5709,8.4488],[-83.5685,8.4399],[-83.5583,8.442],[-83.545,8.4396],[-83.5399,8.4434],[-83.508,8.4473],[-83.4855,8.446],[-83.4326,8.4324],[-83.3895,8.4113],[-83.3649,8.4042],[-83.3347,8.39],[-83.3206,8.3864],[-83.2963,8.3744],[-83.2911,8.3735],[-83.2782,8.3869],[-83.279,8.4165],[-83.272,8.4305],[-83.2837,8.4475],[-83.2712,8.4658],[-83.2764,8.4798],[-83.2825,8.4833],[-83.2911,8.4972],[-83.29,8.5124],[-83.2839,8.537],[-83.3053,8.541],[-83.3257,8.5691],[-83.3529,8.5772],[-83.373,8.5762],[-83.3777,8.5851],[-83.387,8.5858],[-83.4007,8.595],[-83.425,8.6196],[-83.4349,8.6382],[-83.4319,8.6544],[-83.4438,8.6714],[-83.4541,8.6786],[-83.4674,8.6923],[-83.4738,8.6889],[-83.4799,8.6834],[-83.4824,8.6776],[-83.4813,8.6668],[-83.4831,8.6422],[-83.477,8.6348],[-83.485,8.6173],[-83.4916,8.6168],[-83.5022,8.6015],[-83.5049,8.5989],[-83.5125,8.5963],[-83.5159,8.5945],[-83.5249,8.5858],[-83.5351,8.5909],[-83.5509,8.5939],[-83.5703,8.6058],[-83.5687,8.6145],[-83.576,8.6276],[-83.5835,8.6134],[-83.5972,8.6122],[-83.6106,8.6266],[-83.6281,8.6266],[-83.6294,8.6076],[-83.642,8.5955],[-83.6344,8.5896],[-83.6275,8.5788],[-83.6219,8.5755],[-83.6139,8.5745],[-83.5978,8.5661],[-83.6183,8.5401],[-83.6328,8.5353],[-83.6305,8.5261],[-83.61,8.5121],[-83.6149,8.5054],[-83.6241,8.5057],[-83.6446,8.5246],[-83.6525,8.5252]]]}},{"type":"Feature","properties":{"id":"puntarenas","name":"Puntarenas"},"geometry":{"type":"MultiPolygon","coordinates":[[[[-87.0453,5.552],[-87.0599,5.5496],[-87.0612,5.5427],[-87.0721,5.543],[-87.083,5.5396],[-87.0923,5.5269],[-87.0919,5.5133],[-87.0742,5.4978],[-87.0673,5.5111],[-87.045,5.5167],[-87.041,5.5225],[-87.0299,5.5261],[-87.0275,5.5366],[-87.0353,5.5505],[-87.0453,5.552]]],[[[-84.8933,9.9515],[-84.9003,9.9546],[-84.9067,9.9444],[-84.9205,9.9447],[-84.9185,9.9361],[-84.9061,9.9303],[-84.8947,9.9322],[-84.8909,9.9379],[-84.8971,9.9443],[-84.8933,9.9515]]],[[[-85.0646,9.9815],[-85.0538,9.9793],[-85.0407,9.9813],[-85.0487,9.9902],[-85.0704,9.9954],[-85.0795,9.9839],[-85.0708,9.979],[-85.0646,9.9815]]],[[[-85.011,9.9963],[-84.987,9.983],[-84.9588,9.9801],[-84.9768,9.9905],[-85.011,9.9963]]],[[[-85.232,9.7338],[-85.224,9.7247],[-85.2132,9.7016],[-85.2044,9.6889],[-85.1976,9.6691],[-85.163,9.6317],[-85.1546,9.6248],[-85.1444,9.606],[-85.1438,9.5881],[-85.1377,9.573],[-85.1211,9.5715],[-85.1192,9.5606],[-85.1077,9.559],[-85.1057,9.5646],[-85.0957,9.5665],[-85.0849,9.5856],[-85.0775,9.6198],[-85.07,9.6315],[-85.0691,9.6396],[-85.059,9.656],[-85.0406,9.6704],[-85.0324,9.6809],[-85.0169,9.6839],[-85.0049,9.6895],[-84.9958,9.7036],[-84.9994,9.7129],[-85.0127,9.7152],[-85.0162,9.7221],[-85.0133,9.7337],[-84.9978,9.7476],[-84.9879,9.7445],[-84.9757,9.7308],[-84.9546,9.7266],[-84.9505,9.7353],[-84.9535,9.748],[-84.95,9.7564],[-84.9432,9.7593],[-84.9326,9.7571],[-84.9282,9.7619],[-84.9272,9.7756],[-84.9175,9.7853],[-84.9138,9.7956],[-84.9006,9.7982],[-84.8951,9.8119],[-84.8786,9.8124],[-84.8683,9.8306],[-84.8927,9.835],[-84.9051,9.8329],[-84.9091,9.8288],[-84.9198,9.8297],[-84.9299,9.8376],[-84.909,9.859],[-84.9195,9.8636],[-84.9211,9.871],[-84.9381,9.8796],[-84.9293,9.8984],[-84.9147,9.9026],[-84.9213,9.926],[-84.9319,9.9321],[-84.9701,9.9433],[-84.981,9.9374],[-85.0059,9.939],[-85.0189,9.9501],[-85.0228,9.9594],[-85.0298,9.9608],[-85.043,9.9692],[-85.0493,9.9764],[-85.0671,9.9724],[-85.0739,9.9784],[-85.0824,9.979],[-85.1025,9.9706],[-85.1074,9.9784],[-85.1147,9.9813],[-85.1188,9.9924],[-85.1299,9.9918],[-85.1397,9.9973],[-85.1477,10.0086],[-85.1625,10.0183],[-85.1698,10.0091],[-85.1682,10.0039],[-85.1611,9.9958],[-85.1609,9.9877],[-85.1684,9.9806],[-85.1874,9.9713],[-85.2019,9.9694],[-85.2126,9.9723],[-85.2284,9.9677],[-85.2475,9.972],[-85.2537,9.9658],[-85.268,9.9615],[-85.2717,9.9563],[-85.2691,9.9365],[-85.2771,9.9277],[-85.2711,9.9186],[-85.2495,9.9095],[-85.2409,9.9107],[-85.2282,9.9015],[-85.2198,9.9016],[-85.214,9.8894],[-85.2094,9.8893],[-85.1974,9.8663],[-85.197,9.8613],[-85.1808,9.8533],[-85.1885,9.823],[-85.1949,9.776],[-85.2042,9.7483],[-85.2165,9.7415],[-85.2178,9.7279],[-85.232,9.7338]]],[[[-85.1037,10.1075],[-85.1156,10.1093],[-85.1264,10.1166],[-85.1504,10.1219],[-85.1624,10.1271],[-85.1823,10.1249],[-85.1943,10.121],[-85.2009,10.1134],[-85.1907,10.1023],[-85.1879,10.0915],[-85.1793,10.0805],[-85.1671,10.0744],[-85.1535,10.0717],[-85.1295,10.0742],[-85.1057,10.0819],[-85.095,10.0894],[-85.0933,10.0964],[-85.1104,10.1012],[-85.1037,10.1075]]],[[[-84.7697,10.2795],[-84.7753,10.284],[-84.7857,10.2998],[-84.7862,10.3072],[-84.7933,10.3207],[-84.8048,10.3307],[-84.8169,10.3312],[-84.8268,10.3374],[-84.8357,10.3322],[-84.844,10.313],[-84.8438,10.2939],[-84.849,10.287],[-84.862,10.2827],[-84.8656,10.271],[-84.872,10.2624],[-84.8707,10.2465],[-84.8791,10.227],[-84.8886,10.2181],[-84.8887,10.212],[-84.8735,10.2006],[-84.8754,10.1953],[-84.8742,10.191],[-84.8882,10.1807],[-84.9059,10.1788],[-84.9134,10.1664],[-84.9293,10.1591],[-84.9315,10.1495],[-84.9246,10.1318],[-84.9284,10.1259],[-84.9224,10.1144],[-84.9196,10.1123],[-84.939,10.1148],[-84.9499,10.1204],[-84.9626,10.1331],[-84.9785,10.1414],[-84.9812,10.1488],[-85.0037,10.163],[-85.0063,10.1772],[-85.0238,10.1869],[-85.0338,10.1962],[-85.0394,10.1916],[-85.0389,10.1828],[-85.0362,10.1825],[-85.0315,10.1694],[-85.0277,10.1691],[-85.0298,10.1588],[-85.0492,10.1608],[-85.0566,10.1671],[-85.0668,10.1589],[-85.0712,10.1449],[-85.0775,10.1439],[-85.0736,10.1328],[-85.0554,10.1341],[-85.0507,10.1396],[-85.0263,10.1304],[-85.0151,10.1213],[-85.0035,10.1018],[-84.9718,10.0908],[-84.9614,10.081],[-84.9584,10.0713],[-84.9676,10.07],[-84.9668,10.0631],[-84.9557,10.0586],[-84.9472,10.0599],[-84.9311,10.0408],[-84.9094,10.0268],[-84.8972,10.0236],[-84.8812,10.0069],[-84.8699,10.0046],[-84.8583,9.9969],[-84.8447,9.9937],[-84.8316,9.9809],[-84.816,9.9789],[-84.7992,9.9798],[-84.773,9.9784],[-84.7424,9.9695],[-84.7385,9.9587],[-84.7188,9.9692],[-84.7139,9.9825],[-84.7053,9.9907],[-84.6973,9.9921],[-84.6919,10.0013],[-84.671,10.0071],[-84.6621,10.0206],[-84.6622,10.03],[-84.6697,10.0353],[-84.6871,10.0344],[-84.6933,10.04],[-84.7019,10.0404],[-84.7047,10.0222],[-84.7158,10.026],[-84.7273,10.0127],[-84.7374,10.0092],[-84.7403,10.0172],[-84.748,10.024],[-84.7619,10.0271],[-84.7707,10.0421],[-84.7843,10.0503],[-84.7798,10.0644],[-84.7875,10.0672],[-84.7927,10.0772],[-84.7896,10.0819],[-84.7963,10.1017],[-84.7995,10.1038],[-84.8109,10.1047],[-84.8098,10.1253],[-84.8023,10.13],[-84.786,10.1505],[-84.7832,10.1528],[-84.7803,10.1515],[-84.765,10.1573],[-84.7543,10.1725],[-84.7486,10.1744],[-84.7244,10.1974],[-84.7215,10.2048],[-84.6941,10.2183],[-84.6829,10.2272],[-84.6792,10.2439],[-84.6897,10.2643],[-84.6963,10.271],[-84.7024,10.263],[-84.7219,10.2688],[-84.7212,10.2602],[-84.7298,10.2507],[-84.7559,10.2555],[-84.7638,10.2612],[-84.7697,10.2795]]]]}},{"type":"Feature","properties":{"id":"puriscal","name":"Puriscal"},"geometry":{"type":"Polygon","coordinates":[[[-84.4026,9.9104],[-84.4084,9.8954],[-84.4167,9.8952],[-84.4168,9.884],[-84.4133,9.8681],[-84.4168,9.8561],[-84.417,9.8503],[-84.4259,9.8384],[-84.4335,9.8173],[-84.4492,9.7921],[-84.4688,9.7939],[-84.4786,9.7772],[-84.4783,9.7689],[-84.49,9.7483],[-84.4822,9.7311],[-84.4907,9.7283],[-84.4883,9.7229],[-84.4779,9.7185],[-84.4738,9.7179],[-84.4676,9.7092],[-84.4699,9.6913],[-84.4848,9.6827],[-84.4792,9.6723],[-84.4751,9.6724],[-84.4698,9.6619],[-84.4774,9.6592],[-84.4786,9.6514],[-84.4872,9.6437],[-84.4845,9.6265],[-84.4782,9.6173],[-84.4802,9.6092],[-84.4763,9.5876],[-84.4819,9.5765],[-84.468,9.5746],[-84.457,9.5821],[-84.4387,9.5733],[-84.4346,9.568],[-84.4382,9.5652],[-84.43,9.5599],[-84.4249,9.5582],[-84.4205,9.5695],[-84.4159,9.5733],[-84.4142,9.583],[-84.4062,9.5817],[-84.3927,9.5988],[-84.3982,9.614],[-84.3988,9.6365],[-84.3897,9.639],[-84.3838,9.633],[-84.3693,9.6371],[-84.3613,9.633],[-84.3513,9.6387],[-84.3463,9.6307],[-84.3371,9.635],[-84.3246,9.6365],[-84.3049,9.6435],[-84.3032,9.6494],[-84.2971,9.6743],[-84.3068,9.6854],[-84.3083,9.6985],[-84.3157,9.7004],[-84.3245,9.7092],[-84.3324,9.7231],[-84.3315,9.7276],[-84.3414,9.7415],[-84.3394,9.7541],[-84.3329,9.7643],[-84.3261,9.766],[-84.3188,9.7785],[-84.3085,9.7801],[-84.2975,9.7773],[-84.2738,9.7823],[-84.2697,9.7864],[-84.2628,9.8088],[-84.2654,9.818],[-84.259,9.8258],[-84.2582,9.8299],[-84.2584,9.8375],[-84.2714,9.8438],[-84.2962,9.869],[-84.2998,9.8811],[-84.3083,9.8824],[-84.3254,9.8907],[-84.3343,9.8916],[-84.3544,9.8856],[-84.362,9.8785],[-84.3677,9.8891],[-84.3779,9.8997],[-84.396,9.905],[-84.4026,9.9104]]]}},{"type":"Feature","properties":{"id":"quepos","name":"Quepos"},"geometry":{"type":"Polygon","coordinates":[[[-83.8533,9.2798],[-83.8577,9.2916],[-83.8588,9.3054],[-83.8525,9.3242],[-83.8448,9.3347],[-83.8408,9.3418],[-83.8532,9.3406],[-83.8686,9.3457],[-83.8736,9.3566],[-83.8894,9.3629],[-83.8903,9.3684],[-83.8855,9.3712],[-83.8867,9.378],[-83.8973,9.3903],[-83.9019,9.3999],[-83.9087,9.4038],[-83.9243,9.4031],[-83.9333,9.3993],[-83.9348,9.3884],[-83.9409,9.3881],[-83.9481,9.3952],[-83.9605,9.3979],[-83.9637,9.4125],[-83.9802,9.4244],[-83.9831,9.4327],[-84.0012,9.4427],[-84.0006,9.4501],[-84.0265,9.4616],[-84.0328,9.4712],[-84.0433,9.477],[-84.0623,9.4984],[-84.0742,9.5029],[-84.0775,9.5103],[-84.07,9.5296],[-84.0713,9.5494],[-84.0764,9.5563],[-84.0723,9.566],[-84.0872,9.5646],[-84.0983,9.5686],[-84.1112,9.5612],[-84.1239,9.5581],[-84.1291,9.5699],[-84.1352,9.5721],[-84.169,9.5547],[-84.1737,9.548],[-84.1859,9.5465],[-84.183,9.5345],[-84.1879,9.5267],[-84.196,9.5243],[-84.2074,9.5119],[-84.2094,9.5134],[-84.2112,9.5109],[-84.2315,9.5162],[-84.2411,9.5128],[-84.2521,9.5018],[-84.2277,9.4635],[-84.2213,9.4605],[-84.2058,9.4608],[-84.1914,9.4548],[-84.1892,9.4502],[-84.1858,9.4451],[-84.1717,9.4366],[-84.1701,9.4232],[-84.1653,9.4135],[-84.165,9.4042],[-84.1744,9.4028],[-84.1774,9.3939],[-84.1591,9.3956],[-84.1491,9.3886],[-84.1451,9.3799],[-84.1313,9.385],[-84.1221,9.3731],[-84.1168,9.3756],[-84.0986,9.374],[-84.0736,9.3643],[-84.0465,9.3503],[-84.0247,9.3438],[-84.0157,9.339],[-83.9858,9.3291],[-83.9431,9.3092],[-83.9176,9.2919],[-83.8813,9.2621],[-83.8683,9.2558],[-83.8624,9.2611],[-83.8575,9.2784],[-83.8533,9.2798]]]}},{"type":"Feature","properties":{"id":"rio_cuarto","name":"Río Cuarto"},"geometry":{"type":"Polygon","coordinates":[[[-84.1611,10.4131],[-84.1609,10.5721],[-84.1609,10.5755],[-84.1755,10.5753],[-84.1864,10.562],[-84.1984,10.5583],[-84.2114,10.5354],[-84.212,10.52],[-84.2321,10.4979],[-84.2309,10.4866],[-84.2407,10.4591],[-84.2407,10.4529],[-84.2524,10.4386],[-84.2573,10.4235],[-84.2584,10.4006],[-84.2506,10.3778],[-84.2443,10.3453],[-84.2479,10.3378],[-84.2408,10.3293],[-84.2456,10.3253],[-84.249,10.309],[-84.2565,10.3018],[-84.2572,10.2891],[-84.2649,10.2743],[-84.2654,10.2615],[-84.2615,10.2539],[-84.2498,10.2449],[-84.2411,10.2418],[-84.2229,10.2465],[-84.2151,10.2528],[-84.2104,10.267],[-84.1995,10.2796],[-84.2013,10.2918],[-84.1934,10.3031],[-84.1975,10.3089],[-84.1943,10.3279],[-84.1851,10.339],[-84.1857,10.3471],[-84.1806,10.3558],[-84.1828,10.3667],[-84.1776,10.3825],[-84.1765,10.3939],[-84.1671,10.4091],[-84.1611,10.4131]]]}},{"type":"Feature","properties":{"id":"san_carlos","name":"San Carlos"},"geometry":{"type":"Polygon","coordinates":[[[-84.1609,10.5755],[-84.1612,10.7856],[-84.1911,10.7892],[-84.2038,10.783],[-84.2071,10.7979],[-84.2224,10.8014],[-84.2374,10.8203],[-84.2218,10.8245],[-84.2153,10.8371],[-84.22,10.8622],[-84.2278,10.8731],[-84.2359,10.8758],[-84.243,10.8846],[-84.256,10.8921],[-84.2709,10.8926],[-84.2861,10.8981],[-84.2975,10.9132],[-84.3123,10.92],[-84.3234,10.9199],[-84.3311,10.9294],[-84.3349,10.9454],[-84.3504,10.951],[-84.3437,10.9767],[-84.355,10.9895],[-84.3605,10.9903],[-84.3754,10.9791],[-84.3979,10.9746],[-84.4093,10.9645],[-84.4241,10.9553],[-84.4383,10.9604],[-84.4547,10.9624],[-84.4584,10.9642],[-84.4777,10.9499],[-84.4737,10.9407],[-84.48,10.9342],[-84.4712,10.9156],[-84.4694,10.8824],[-84.4743,10.8735],[-84.4825,10.872],[-84.4866,10.8745],[-84.5032,10.874],[-84.5099,10.8807],[-84.5262,10.8746],[-84.5302,10.8716],[-84.5327,10.8738],[-84.5479,10.859],[-84.5471,10.8472],[-84.5418,10.8434],[-84.5389,10.829],[-84.5475,10.8005],[-84.547,10.7803],[-84.5427,10.7718],[-84.532,10.7638],[-84.5207,10.7158],[-84.5227,10.711],[-84.5254,10.6913],[-84.5304,10.6854],[-84.5378,10.6893],[-84.5628,10.6835],[-84.5706,10.6725],[-84.5717,10.6599],[-84.5849,10.6487],[-84.6144,10.6472],[-84.6227,10.6427],[-84.6302,10.6525],[-84.6411,10.6617],[-84.6497,10.6629],[-84.6484,10.6385],[-84.6676,10.6381],[-84.6803,10.6455],[-84.6916,10.6276],[-84.6934,10.619],[-84.7082,10.6261],[-84.7115,10.6361],[-84.7184,10.639],[-84.7282,10.6354],[-84.748,10.6447],[-84.7534,10.6386],[-84.7625,10.6381],[-84.761,10.6252],[-84.7727,10.6149],[-84.7745,10.6066],[-84.788,10.5985],[-84.793,10.5834],[-84.8009,10.5837],[-84.8039,10.5915],[-84.8203,10.5996],[-84.8226,10.5957],[-84.817,10.5786],[-84.8324,10.5661],[-84.8478,10.5625],[-84.8614,10.5564],[-84.8508,10.5457],[-84.8433,10.5454],[-84.8444,10.5315],[-84.831,10.5226],[-84.8214,10.5254],[-84.8197,10.515],[-84.7953,10.4992],[-84.7919,10.491],[-84.7742,10.4977],[-84.7738,10.4621],[-84.7661,10.4252],[-84.761,10.4323],[-84.7524,10.4356],[-84.7473,10.4313],[-84.752,10.4234],[-84.7526,10.4125],[-84.7493,10.4005],[-84.7269,10.3911],[-84.7181,10.3821],[-84.6883,10.4425],[-84.6661,10.4157],[-84.6584,10.4253],[-84.6509,10.4376],[-84.6498,10.4508],[-84.6273,10.455],[-84.6058,10.4431],[-84.6016,10.4446],[-84.596,10.4442],[-84.5713,10.4397],[-84.5623,10.4495],[-84.558,10.4484],[-84.5471,10.4391],[-84.5533,10.4331],[-84.5578,10.4155],[-84.5526,10.4074],[-84.5574,10.3904],[-84.5687,10.3828],[-84.5749,10.3749],[-84.579,10.3729],[-84.5935,10.3692],[-84.5978,10.3663],[-84.6157,10.3707],[-84.6241,10.365],[-84.6325,10.365],[-84.634,10.3341],[-84.6326,10.3223],[-84.6218,10.3113],[-84.5976,10.3105],[-84.5805,10.3298],[-84.5338,10.3622],[-84.53,10.374],[-84.5194,10.3572],[-84.5181,10.3334],[-84.5232,10.321],[-84.5246,10.2945],[-84.5174,10.2652],[-84.5191,10.261],[-84.5175,10.2494],[-84.4433,10.2686],[-84.4353,10.2698],[-84.4204,10.2636],[-84.4008,10.2625],[-84.387,10.2597],[-84.381,10.2525],[-84.3584,10.256],[-84.3547,10.246],[-84.3413,10.2572],[-84.3281,10.26],[-84.3186,10.2567],[-84.3052,10.2611],[-84.2814,10.2615],[-84.2681,10.269],[-84.2649,10.2743],[-84.2572,10.2891],[-84.2565,10.3018],[-84.249,10.309],[-84.2456,10.3253],[-84.2408,10.3293],[-84.2479,10.3378],[-84.2443,10.3453],[-84.2506,10.3778],[-84.2584,10.4006],[-84.2573,10.4235],[-84.2524,10.4386],[-84.2407,10.4529],[-84.2407,10.4591],[-84.2309,10.4866],[-84.2321,10.4979],[-84.212,10.52],[-84.2114,10.5354],[-84.1984,10.5583],[-84.1864,10.562],[-84.1755,10.5753],[-84.1609,10.5755]]]}},{"type":"Feature","properties":{"id":"san_isidro","name":"San Isidro"},"geometry":{"type":"Polygon","coordinates":[[[-84.028,10.0603],[-84.044,10.0626],[-84.0472,10.0578],[-84.0445,10.0404],[-84.0571,10.0227],[-84.0726,10.0194],[-84.0751,10.0124],[-84.0755,9.9964],[-84.0482,10.0017],[-84.0459,10.0054],[-84.0373,10.0118],[-84.0228,10.0137],[-84.0125,10.0218],[-84.0104,10.0371],[-84.0159,10.0502],[-84.028,10.0603]]]}},{"type":"Feature","properties":{"id":"san_jose","name":"San José"},"geometry":{"type":"Polygon","coordinates":[[[-84.0783,9.9415],[-84.0812,9.9443],[-84.0827,9.9457],[-84.0965,9.9517],[-84.1069,9.9607],[-84.1093,9.9616],[-84.1328,9.9672],[-84.1456,9.9626],[-84.1554,9.9691],[-84.1672,9.9667],[-84.1797,9.9688],[-84.1684,9.9637],[-84.1388,9.9392],[-84.1264,9.9374],[-84.1208,9.9302],[-84.1038,9.9087],[-84.1,9.9091],[-84.0986,9.9078],[-84.0911,9.9008],[-84.066,9.9037],[-84.0578,9.9004],[-84.0503,9.9006],[-84.0474,9.904],[-84.0484,9.9042],[-84.0523,9.9144],[-84.0474,9.9242],[-84.05,9.9225],[-84.0513,9.9221],[-84.0587,9.9275],[-84.0619,9.9394],[-84.0783,9.9415]]]}},{"type":"Feature","properties":{"id":"san_mateo","name":"San Mateo"},"geometry":{"type":"Polygon","coordinates":[[[-84.4523,9.9922],[-84.4531,9.9952],[-84.4527,9.9974],[-84.4676,9.9881],[-84.4924,9.9799],[-84.4972,9.9855],[-84.4944,9.9941],[-84.4954,10.0097],[-84.4988,10.0136],[-84.4999,10.0121],[-84.5297,10.0109],[-84.5495,9.9988],[-84.5534,9.9921],[-84.5531,9.9858],[-84.5694,9.9818],[-84.5785,9.9826],[-84.5897,9.9781],[-84.5932,9.9719],[-84.6045,9.967],[-84.6068,9.9592],[-84.6157,9.9558],[-84.6151,9.9523],[-84.6326,9.9493],[-84.6406,9.9408],[-84.6479,9.9439],[-84.6627,9.9257],[-84.667,9.9165],[-84.6585,9.9094],[-84.6493,9.9069],[-84.6379,9.9185],[-84.624,9.922],[-84.6225,9.9271],[-84.6123,9.9259],[-84.6027,9.9264],[-84.5958,9.9354],[-84.5785,9.9345],[-84.5752,9.9308],[-84.5584,9.9277],[-84.5532,9.9219],[-84.5383,9.931],[-84.5144,9.93],[-84.5054,9.9325],[-84.5005,9.9407],[-84.4917,9.9449],[-84.4765,9.9451],[-84.468,9.9418],[-84.468,9.9522],[-84.4529,9.9667],[-84.4554,9.9886],[-84.4523,9.9922]]]}},{"type":"Feature","properties":{"id":"san_pablo","name":"San Pablo"},"geometry":{"type":"Polygon","coordinates":[[[-84.0751,10.0124],[-84.1045,10.0041],[-84.1081,10],[-84.1091,9.984],[-84.1134,9.9713],[-84.1011,9.9746],[-84.0999,9.9814],[-84.089,9.9917],[-84.0755,9.9964],[-84.0751,10.0124]]]}},{"type":"Feature","properties":{"id":"san_rafael","name":"San Rafael"},"geometry":{"type":"Polygon","coordinates":[[[-84.0751,10.0124],[-84.0726,10.0194],[-84.0571,10.0227],[-84.0445,10.0404],[-84.0472,10.0578],[-84.044,10.0626],[-84.0553,10.0756],[-84.0767,10.0853],[-84.0785,10.0967],[-84.0759,10.1091],[-84.0796,10.119],[-84.0872,10.1201],[-84.0859,10.0853],[-84.0881,10.0822],[-84.0908,10.0698],[-84.1045,10.0478],[-84.1072,10.0387],[-84.1078,10.0168],[-84.1191,10.0107],[-84.1092,10.0059],[-84.1081,10],[-84.1045,10.0041],[-84.0751,10.0124]]]}},{"type":"Feature","properties":{"id":"san_ramon","name":"San Ramón"},"geometry":{"type":"Polygon","coordinates":[[[-84.4241,10.1284],[-84.4138,10.13],[-84.4211,10.139],[-84.432,10.1684],[-84.4366,10.1669],[-84.4408,10.1686],[-84.4533,10.1757],[-84.4729,10.1934],[-84.4724,10.2028],[-84.4802,10.2151],[-84.4794,10.2163],[-84.4869,10.2195],[-84.4971,10.2293],[-84.5052,10.2318],[-84.518,10.2453],[-84.5191,10.261],[-84.5174,10.2652],[-84.5246,10.2945],[-84.5232,10.321],[-84.5181,10.3334],[-84.5194,10.3572],[-84.53,10.374],[-84.5338,10.3622],[-84.5805,10.3298],[-84.5976,10.3105],[-84.6218,10.3113],[-84.6326,10.3223],[-84.634,10.3341],[-84.6325,10.365],[-84.6241,10.365],[-84.6157,10.3707],[-84.5978,10.3663],[-84.5935,10.3692],[-84.579,10.3729],[-84.5749,10.3749],[-84.5687,10.3828],[-84.5574,10.3904],[-84.5526,10.4074],[-84.5578,10.4155],[-84.5533,10.4331],[-84.5471,10.4391],[-84.558,10.4484],[-84.5623,10.4495],[-84.5713,10.4397],[-84.596,10.4442],[-84.6016,10.4446],[-84.6058,10.4431],[-84.6273,10.455],[-84.6498,10.4508],[-84.6509,10.4376],[-84.6584,10.4253],[-84.6661,10.4157],[-84.6883,10.4425],[-84.7181,10.3821],[-84.7269,10.3911],[-84.7493,10.4005],[-84.7526,10.4125],[-84.752,10.4234],[-84.7473,10.4313],[-84.7524,10.4356],[-84.761,10.4323],[-84.7661,10.4252],[-84.7664,10.4159],[-84.7806,10.3827],[-84.7719,10.3759],[-84.7681,10.3525],[-84.7748,10.3501],[-84.7838,10.327],[-84.7933,10.3207],[-84.7862,10.3072],[-84.7857,10.2998],[-84.7753,10.284],[-84.7697,10.2795],[-84.7638,10.2612],[-84.7559,10.2555],[-84.7298,10.2507],[-84.7212,10.2602],[-84.7219,10.2688],[-84.7024,10.263],[-84.6963,10.271],[-84.6946,10.2775],[-84.6854,10.284],[-84.6742,10.2799],[-84.6665,10.2547],[-84.657,10.245],[-84.6596,10.2296],[-84.6588,10.2146],[-84.6624,10.1975],[-84.6819,10.1771],[-84.6653,10.1726],[-84.6685,10.1544],[-84.6655,10.1462],[-84.6729,10.1402],[-84.6711,10.1264],[-84.6652,10.1219],[-84.6615,10.1112],[-84.6552,10.106],[-84.6425,10.0797],[-84.6352,10.0772],[-84.6265,10.0546],[-84.6235,10.0471],[-84.6021,10.0437],[-84.5863,10.0283],[-84.5721,10.0192],[-84.5637,10.0188],[-84.5634,10.0151],[-84.5554,10.0015],[-84.5534,9.9921],[-84.5495,9.9988],[-84.5297,10.0109],[-84.4999,10.0121],[-84.4988,10.0136],[-84.4954,10.0097],[-84.4944,9.9941],[-84.4972,9.9855],[-84.4924,9.9799],[-84.4676,9.9881],[-84.4527,9.9974],[-84.4549,10.0074],[-84.463,10.0126],[-84.4695,10.0155],[-84.4682,10.0291],[-84.4528,10.0617],[-84.447,10.0789],[-84.4332,10.0866],[-84.4364,10.0985],[-84.4431,10.1014],[-84.4334,10.1148],[-84.434,10.1223],[-84.4241,10.1284]]]}},{"type":"Feature","properties":{"id":"santa_ana","name":"Santa Ana"},"geometry":{"type":"Polygon","coordinates":[[[-84.1839,9.9726],[-84.19,9.973],[-84.206,9.9606],[-84.2166,9.9593],[-84.2203,9.9476],[-84.231,9.9484],[-84.236,9.9379],[-84.2436,9.9352],[-84.2323,9.9325],[-84.2265,9.9274],[-84.2173,9.908],[-84.2033,9.8996],[-84.1768,9.8674],[-84.148,9.8644],[-84.1473,9.8687],[-84.1616,9.9033],[-84.1584,9.9221],[-84.1593,9.9306],[-84.1668,9.9479],[-84.1761,9.9552],[-84.1852,9.9688],[-84.1839,9.9726]]]}},{"type":"Feature","properties":{"id":"santa_barbara","name":"Santa Barbara"},"geometry":{"type":"Polygon","coordinates":[[[-84.1612,10.1581],[-84.1612,10.0833],[-84.1662,10.0714],[-84.1717,10.037],[-84.1727,10.0067],[-84.1548,10.019],[-84.146,10.021],[-84.1415,10.0247],[-84.1426,10.0414],[-84.1322,10.0599],[-84.1237,10.0627],[-84.1306,10.0826],[-84.1303,10.1369],[-84.141,10.1494],[-84.156,10.1535],[-84.1612,10.1581]]]}},{"type":"Feature","properties":{"id":"santa_cruz","name":"Santa Cruz"},"geometry":{"type":"Polygon","coordinates":[[[-85.4101,10.3656],[-85.4179,10.3696],[-85.4636,10.3688],[-85.4706,10.3589],[-85.4723,10.3597],[-85.4778,10.3598],[-85.4959,10.3458],[-85.5061,10.3453],[-85.5201,10.3513],[-85.5332,10.3511],[-85.5469,10.3559],[-85.5587,10.3636],[-85.5633,10.3551],[-85.5802,10.3494],[-85.5874,10.3426],[-85.5998,10.3369],[-85.6194,10.3346],[-85.6291,10.3261],[-85.6407,10.3298],[-85.6496,10.3364],[-85.6515,10.3561],[-85.6625,10.3632],[-85.6598,10.3729],[-85.6408,10.3842],[-85.6419,10.3964],[-85.6564,10.4039],[-85.6575,10.4181],[-85.6717,10.4336],[-85.6867,10.4331],[-85.6965,10.4359],[-85.7033,10.4478],[-85.7265,10.4651],[-85.733,10.4797],[-85.7485,10.4856],[-85.7591,10.4799],[-85.7721,10.4809],[-85.7813,10.488],[-85.7982,10.4844],[-85.7801,10.4744],[-85.7759,10.4451],[-85.7864,10.4389],[-85.7932,10.4458],[-85.7967,10.4302],[-85.7917,10.4222],[-85.8017,10.4045],[-85.8168,10.4029],[-85.8252,10.4104],[-85.8285,10.3994],[-85.8357,10.3965],[-85.8401,10.3869],[-85.847,10.3811],[-85.8477,10.3731],[-85.8655,10.3672],[-85.8753,10.3562],[-85.8743,10.3505],[-85.862,10.3437],[-85.8434,10.325],[-85.8401,10.3083],[-85.8438,10.3009],[-85.8538,10.2973],[-85.8507,10.2778],[-85.8538,10.2552],[-85.839,10.2241],[-85.8368,10.1965],[-85.8115,10.1601],[-85.8103,10.1499],[-85.8036,10.1399],[-85.8039,10.1279],[-85.7975,10.1081],[-85.773,10.0689],[-85.7491,10.0458],[-85.7409,10.0267],[-85.7297,10.0208],[-85.7272,10.0139],[-85.7167,10.0073],[-85.697,9.986],[-85.6903,9.9913],[-85.6725,9.9841],[-85.6715,9.9953],[-85.6658,9.9996],[-85.6608,10.0119],[-85.6492,10.0125],[-85.6378,10.0201],[-85.6375,10.027],[-85.6266,10.041],[-85.6282,10.0436],[-85.6269,10.0486],[-85.6243,10.0562],[-85.612,10.0546],[-85.6083,10.0636],[-85.5969,10.0654],[-85.5951,10.0758],[-85.5888,10.0889],[-85.5898,10.0954],[-85.5918,10.108],[-85.5974,10.1079],[-85.5973,10.1221],[-85.5846,10.129],[-85.5798,10.1358],[-85.544,10.1715],[-85.5343,10.1854],[-85.5341,10.1926],[-85.5265,10.207],[-85.5263,10.2217],[-85.5185,10.229],[-85.5024,10.233],[-85.4996,10.239],[-85.5048,10.252],[-85.4976,10.2602],[-85.4963,10.2753],[-85.4894,10.2933],[-85.4937,10.3032],[-85.4929,10.3199],[-85.4983,10.3265],[-85.497,10.3341],[-85.4797,10.3377],[-85.4678,10.3355],[-85.4455,10.3251],[-85.4389,10.3307],[-85.4279,10.33],[-85.4211,10.3444],[-85.4072,10.3467],[-85.4057,10.3574],[-85.4101,10.3656]]]}},{"type":"Feature","properties":{"id":"santo_domingo","name":"Santo Domingo"},"geometry":{"type":"Polygon","coordinates":[[[-84.0459,9.9812],[-84.0449,9.9804],[-84.0343,9.9909],[-84.0256,9.9922],[-84.0228,10.0137],[-84.0373,10.0118],[-84.0459,10.0054],[-84.0482,10.0017],[-84.0755,9.9964],[-84.089,9.9917],[-84.0999,9.9814],[-84.1011,9.9746],[-84.1134,9.9713],[-84.1093,9.9616],[-84.1069,9.9607],[-84.0935,9.9629],[-84.0826,9.9706],[-84.0675,9.9671],[-84.0548,9.9719],[-84.0459,9.9812]]]}},{"type":"Feature","properties":{"id":"sarapiqui","name":"Sarapiquí"},"geometry":{"type":"Polygon","coordinates":[[[-84.1312,10.2698],[-84.1265,10.2673],[-84.1145,10.2617],[-84.1076,10.2493],[-84.1099,10.2412],[-84.105,10.2336],[-84.1042,10.2],[-84.0965,10.1918],[-84.0858,10.1937],[-84.0729,10.2058],[-84.0577,10.2052],[-84.0444,10.1971],[-84.0361,10.1829],[-84.0139,10.1864],[-84.0017,10.1901],[-83.9876,10.1859],[-83.9701,10.1871],[-83.9502,10.1997],[-83.9247,10.1975],[-83.9143,10.2016],[-83.8994,10.2147],[-83.8906,10.2269],[-83.8647,10.2483],[-83.8548,10.2655],[-83.8517,10.2693],[-83.8507,10.2806],[-83.8531,10.2945],[-83.8517,10.3081],[-83.8536,10.3125],[-83.8487,10.3373],[-83.856,10.3654],[-83.865,10.3731],[-83.8665,10.3799],[-83.8761,10.3909],[-83.8792,10.4067],[-83.8708,10.4341],[-83.8622,10.4377],[-83.8583,10.4446],[-83.8484,10.4449],[-83.8319,10.4615],[-83.8381,10.4737],[-83.83,10.4841],[-83.831,10.5034],[-83.8387,10.5117],[-83.8396,10.5369],[-83.8461,10.5438],[-83.8451,10.5599],[-83.8366,10.5843],[-83.8376,10.5927],[-83.8452,10.6028],[-83.8404,10.6217],[-83.8422,10.6338],[-83.8386,10.644],[-83.7891,10.6568],[-83.7799,10.6829],[-83.7649,10.6988],[-83.7492,10.6963],[-83.7447,10.6923],[-83.7281,10.6946],[-83.7128,10.6933],[-83.7159,10.7043],[-83.7351,10.7179],[-83.7403,10.7252],[-83.7321,10.737],[-83.7329,10.7446],[-83.7452,10.7625],[-83.7455,10.7692],[-83.7562,10.7739],[-83.7616,10.7695],[-83.7792,10.7717],[-83.7974,10.7657],[-83.7991,10.7561],[-83.8141,10.7463],[-83.8248,10.7493],[-83.8394,10.7444],[-83.8529,10.7272],[-83.8617,10.7189],[-83.8711,10.7168],[-83.8913,10.7209],[-83.9043,10.7168],[-83.9135,10.7101],[-83.9307,10.7062],[-83.9379,10.722],[-83.9704,10.7308],[-83.9731,10.7471],[-83.9854,10.7532],[-84.0003,10.7644],[-84.0093,10.7745],[-84.0163,10.7872],[-84.0288,10.7927],[-84.0352,10.7879],[-84.0375,10.7777],[-84.0445,10.7715],[-84.0558,10.7778],[-84.0624,10.7719],[-84.0647,10.7632],[-84.0813,10.7583],[-84.0896,10.7684],[-84.1059,10.7763],[-84.1222,10.7645],[-84.1336,10.7743],[-84.1373,10.7858],[-84.1612,10.7867],[-84.1609,10.5721],[-84.1609,10.2976],[-84.1559,10.2903],[-84.1471,10.2886],[-84.144,10.2821],[-84.1312,10.2698]]]}},{"type":"Feature","properties":{"id":"sarchi","name":"Sarchí"},"geometry":{"type":"Polygon","coordinates":[[[-84.2411,10.2418],[-84.2498,10.2449],[-84.2615,10.2539],[-84.2654,10.2615],[-84.2649,10.2743],[-84.2681,10.269],[-84.2814,10.2615],[-84.3052,10.2611],[-84.3186,10.2567],[-84.3281,10.26],[-84.3413,10.2572],[-84.3547,10.246],[-84.3435,10.2355],[-84.333,10.2293],[-84.3242,10.2089],[-84.3151,10.2043],[-84.3178,10.2007],[-84.3212,10.1962],[-84.3207,10.1896],[-84.3267,10.1734],[-84.3337,10.1719],[-84.3334,10.1584],[-84.3407,10.1567],[-84.3401,10.1485],[-84.3562,10.1135],[-84.3564,10.0974],[-84.3609,10.0883],[-84.3581,10.0725],[-84.359,10.0689],[-84.3573,10.0638],[-84.3566,10.0589],[-84.3571,10.0478],[-84.351,10.0608],[-84.3415,10.0666],[-84.3334,10.0771],[-84.3239,10.0988],[-84.3249,10.1179],[-84.3164,10.1297],[-84.3158,10.1375],[-84.3089,10.1503],[-84.2946,10.1641],[-84.2936,10.1693],[-84.2834,10.1745],[-84.2703,10.1882],[-84.2658,10.1828],[-84.2493,10.1787],[-84.2381,10.1866],[-84.2305,10.1972],[-84.2266,10.2116],[-84.2408,10.2352],[-84.2411,10.2418]]]}},{"type":"Feature","properties":{"id":"siquirres","name":"Siquirres"},"geometry":{"type":"Polygon","coordinates":[[[-83.35,10.1588],[-83.3457,10.1615],[-83.3339,10.1782],[-83.3144,10.187],[-83.3032,10.1945],[-83.2876,10.1941],[-83.2766,10.1909],[-83.272,10.1937],[-83.271,10.2063],[-83.2807,10.2201],[-83.2782,10.2236],[-83.3003,10.2471],[-83.3458,10.3041],[-83.3569,10.3145],[-83.3496,10.2945],[-83.365,10.2884],[-83.3673,10.2996],[-83.3778,10.2956],[-83.3881,10.3021],[-83.3939,10.2933],[-83.3945,10.296],[-83.3923,10.302],[-83.403,10.2949],[-83.4048,10.2853],[-83.4164,10.2888],[-83.437,10.2843],[-83.4446,10.2904],[-83.4548,10.2865],[-83.4669,10.2891],[-83.4703,10.2884],[-83.4877,10.281],[-83.4815,10.2734],[-83.4795,10.2716],[-83.4814,10.2619],[-83.4908,10.2496],[-83.4897,10.2436],[-83.4902,10.2458],[-83.4991,10.241],[-83.5042,10.2323],[-83.5161,10.237],[-83.5271,10.2296],[-83.5378,10.2278],[-83.5409,10.2284],[-83.5619,10.2113],[-83.5621,10.205],[-83.5676,10.2021],[-83.5759,10.2016],[-83.5806,10.1866],[-83.5892,10.1793],[-83.5956,10.1671],[-83.6112,10.1484],[-83.6033,10.137],[-83.6095,10.1285],[-83.6143,10.1122],[-83.6153,10.099],[-83.6229,10.0759],[-83.6401,10.0637],[-83.6618,10.0556],[-83.6874,10.0541],[-83.6963,10.0562],[-83.7071,10.0505],[-83.7171,10.0399],[-83.7012,10.0402],[-83.6881,10.0283],[-83.6681,10.0237],[-83.6523,10.0161],[-83.6415,10.0078],[-83.6362,10.008],[-83.6178,9.9879],[-83.6031,9.9817],[-83.4555,9.9815],[-83.4503,9.9822],[-83.4569,9.9858],[-83.4679,10.0095],[-83.4561,10.0269],[-83.4329,10.0403],[-83.421,10.0417],[-83.4125,10.059],[-83.4169,10.0708],[-83.4013,10.0811],[-83.3993,10.0907],[-83.3878,10.1001],[-83.3793,10.1007],[-83.3645,10.118],[-83.3637,10.1396],[-83.35,10.1588]]]}},{"type":"Feature","properties":{"id":"talamanca","name":"Talamanca"},"geometry":{"type":"Polygon","coordinates":[[[-83.4137,9.3557],[-83.4115,9.3546],[-83.407,9.3526],[-83.4044,9.3502],[-83.4033,9.3483],[-83.4003,9.3418],[-83.3865,9.3462],[-83.3655,9.3477],[-83.3541,9.3509],[-83.3479,9.3565],[-83.3433,9.3684],[-83.3303,9.3825],[-83.3138,9.3828],[-83.2935,9.3658],[-83.2889,9.3575],[-83.2788,9.3553],[-83.2723,9.3487],[-83.2533,9.3407],[-83.2399,9.3377],[-83.2264,9.3227],[-83.2162,9.3209],[-83.1788,9.3265],[-83.173,9.3242],[-83.1651,9.3092],[-83.154,9.2971],[-83.1353,9.2811],[-83.1314,9.2751],[-83.119,9.2738],[-83.0948,9.2538],[-83.0831,9.2537],[-83.0789,9.2521],[-83.0716,9.2425],[-83.0726,9.2381],[-83.0787,9.2312],[-83.076,9.2154],[-83.0594,9.2009],[-83.0586,9.1939],[-83.0672,9.1869],[-83.0643,9.1786],[-83.0501,9.1637],[-83.0314,9.1609],[-83.0097,9.1556],[-82.9969,9.1568],[-82.9938,9.1469],[-82.9929,9.1274],[-82.9843,9.1147],[-82.9813,9.1137],[-82.978,9.0968],[-82.9744,9.0944],[-82.9515,9.0906],[-82.9419,9.0762],[-82.9362,9.0784],[-82.9357,9.0825],[-82.9359,9.4775],[-82.8405,9.497],[-82.8459,9.5081],[-82.8554,9.5113],[-82.8723,9.5269],[-82.8733,9.5365],[-82.8675,9.5426],[-82.8704,9.5548],[-82.8782,9.5553],[-82.8846,9.5666],[-82.8788,9.5786],[-82.8766,9.5953],[-82.8647,9.591],[-82.8593,9.6102],[-82.8617,9.6154],[-82.8505,9.6208],[-82.8395,9.6128],[-82.8283,9.6132],[-82.8201,9.601],[-82.8135,9.5972],[-82.7978,9.6017],[-82.791,9.6008],[-82.78,9.5887],[-82.781,9.5778],[-82.7711,9.5772],[-82.771,9.5868],[-82.7629,9.5885],[-82.7571,9.5768],[-82.7467,9.5744],[-82.7376,9.5671],[-82.7394,9.5572],[-82.7267,9.5589],[-82.7219,9.55],[-82.7113,9.5461],[-82.709,9.5365],[-82.6988,9.5439],[-82.6892,9.5394],[-82.6916,9.5314],[-82.6992,9.5296],[-82.6931,9.5159],[-82.6844,9.5078],[-82.6642,9.5021],[-82.6576,9.5125],[-82.644,9.4949],[-82.6334,9.4962],[-82.6284,9.5008],[-82.6124,9.5001],[-82.6026,9.5128],[-82.6041,9.5204],[-82.598,9.5329],[-82.5991,9.5435],[-82.6052,9.5527],[-82.6004,9.5598],[-82.5795,9.5569],[-82.5682,9.543],[-82.5612,9.5406],[-82.5526,9.5448],[-82.5538,9.5527],[-82.5632,9.5617],[-82.5642,9.573],[-82.5771,9.5817],[-82.5952,9.5909],[-82.6064,9.6001],[-82.6166,9.6167],[-82.6174,9.6307],[-82.6304,9.6386],[-82.6503,9.64],[-82.6618,9.6334],[-82.6756,9.638],[-82.6836,9.6449],[-82.6982,9.6395],[-82.7194,9.6475],[-82.7245,9.6454],[-82.7467,9.6613],[-82.7583,9.6556],[-82.7696,9.6594],[-82.7942,9.6816],[-82.801,9.6961],[-82.8117,9.7131],[-82.8143,9.7286],[-82.8093,9.7354],[-82.8083,9.7461],[-82.8161,9.7505],[-82.8234,9.7391],[-82.8321,9.7354],[-82.8393,9.7414],[-82.8487,9.7432],[-82.8695,9.7599],[-82.8803,9.7614],[-82.8941,9.7675],[-82.9011,9.7642],[-82.9012,9.7483],[-82.9041,9.7431],[-82.9201,9.7343],[-82.9298,9.7178],[-82.925,9.7073],[-82.9025,9.6891],[-82.8969,9.6798],[-82.8909,9.6743],[-82.8914,9.6638],[-82.9031,9.6552],[-82.9129,9.6663],[-82.9207,9.6686],[-82.9229,9.6706],[-82.9225,9.6355],[-82.9406,9.6198],[-82.9596,9.6141],[-82.9677,9.622],[-82.9876,9.6182],[-82.9912,9.614],[-83.0057,9.6103],[-83.0226,9.6132],[-83.0264,9.6205],[-83.036,9.6267],[-83.0581,9.6151],[-83.0648,9.6199],[-83.0712,9.6219],[-83.0745,9.6255],[-83.0917,9.6277],[-83.1054,9.6213],[-83.1106,9.6209],[-83.1238,9.6164],[-83.1345,9.6207],[-83.131,9.6336],[-83.1426,9.6372],[-83.1596,9.6385],[-83.1721,9.6463],[-83.2233,9.6677],[-83.2603,9.6685],[-83.269,9.6725],[-83.2749,9.6673],[-83.2851,9.6656],[-83.3052,9.668],[-83.3162,9.6719],[-83.3273,9.6636],[-83.3323,9.6501],[-83.3415,9.6372],[-83.344,9.6236],[-83.3628,9.621],[-83.3726,9.6082],[-83.3752,9.6029],[-83.3933,9.6027],[-83.4074,9.5942],[-83.417,9.5764],[-83.426,9.5641],[-83.451,9.5602],[-83.4615,9.5558],[-83.468,9.5531],[-83.4761,9.5375],[-83.4697,9.5253],[-83.4819,9.5006],[-83.4805,9.486],[-83.4884,9.484],[-83.4895,9.4838],[-83.4822,9.4683],[-83.4798,9.4557],[-83.482,9.4327],[-83.4741,9.4213],[-83.4627,9.3986],[-83.4569,9.3814],[-83.4425,9.3768],[-83.4297,9.3669],[-83.4198,9.3636],[-83.4137,9.3557]]]}},{"type":"Feature","properties":{"id":"tarrazu","name":"Tarrazú"},"geometry":{"type":"Polygon","coordinates":[[[-83.9895,9.4652],[-83.9893,9.5729],[-83.9897,9.6539],[-83.9708,9.7137],[-83.9718,9.7144],[-83.9788,9.7182],[-83.9889,9.7174],[-84.0102,9.7098],[-84.0203,9.7011],[-84.0297,9.6775],[-84.0377,9.6641],[-84.0495,9.6573],[-84.0577,9.6599],[-84.0626,9.6551],[-84.0723,9.6543],[-84.0885,9.6447],[-84.1009,9.6425],[-84.1111,9.645],[-84.1275,9.6382],[-84.1354,9.6563],[-84.153,9.6626],[-84.1567,9.6573],[-84.1447,9.6459],[-84.1494,9.6294],[-84.1469,9.6218],[-84.1373,9.6172],[-84.1342,9.6015],[-84.1409,9.6],[-84.1381,9.5892],[-84.1426,9.5809],[-84.1352,9.5721],[-84.1291,9.5699],[-84.1239,9.5581],[-84.1112,9.5612],[-84.0983,9.5686],[-84.0872,9.5646],[-84.0723,9.566],[-84.0764,9.5563],[-84.0713,9.5494],[-84.07,9.5296],[-84.0775,9.5103],[-84.0742,9.5029],[-84.0623,9.4984],[-84.0433,9.477],[-84.0328,9.4712],[-84.0265,9.4616],[-84.0006,9.4501],[-83.9993,9.4506],[-83.9969,9.4491],[-83.9895,9.4652]]]}},{"type":"Feature","properties":{"id":"tibas","name":"Tibás"},"geometry":{"type":"Polygon","coordinates":[[[-84.0656,9.9543],[-84.0656,9.9545],[-84.0548,9.9719],[-84.0675,9.9671],[-84.0826,9.9706],[-84.0935,9.9629],[-84.1069,9.9607],[-84.0965,9.9517],[-84.0827,9.9457],[-84.0812,9.9443],[-84.0783,9.9415],[-84.0787,9.9464],[-84.0656,9.9543]]]}},{"type":"Feature","properties":{"id":"tilaran","name":"Tilarán"},"geometry":{"type":"Polygon","coordinates":[[[-84.7661,10.4252],[-84.7738,10.4621],[-84.7742,10.4977],[-84.7919,10.491],[-84.7953,10.4992],[-84.8197,10.515],[-84.8214,10.5254],[-84.831,10.5226],[-84.8444,10.5315],[-84.8433,10.5454],[-84.8508,10.5457],[-84.8614,10.5564],[-84.8725,10.562],[-84.8897,10.5601],[-84.9041,10.5701],[-84.9245,10.5736],[-84.9334,10.5854],[-84.945,10.5941],[-84.9547,10.5949],[-84.9757,10.6059],[-84.9847,10.6065],[-84.9875,10.6115],[-84.989,10.6174],[-85.0023,10.6283],[-85.0009,10.6525],[-85.0078,10.6419],[-85.0102,10.6295],[-85.0214,10.6298],[-85.0276,10.6245],[-85.0377,10.6234],[-85.0462,10.618],[-85.0464,10.6074],[-85.0434,10.6053],[-85.044,10.5936],[-85.0422,10.5088],[-85.0277,10.5],[-85.0273,10.4257],[-85.0176,10.3675],[-84.9497,10.3657],[-84.9475,10.3656],[-84.9187,10.3892],[-84.912,10.3831],[-84.9002,10.3655],[-84.8768,10.3516],[-84.8613,10.3476],[-84.8429,10.3476],[-84.8396,10.3428],[-84.8268,10.3374],[-84.8169,10.3312],[-84.8048,10.3307],[-84.7933,10.3207],[-84.7838,10.327],[-84.7748,10.3501],[-84.7681,10.3525],[-84.7719,10.3759],[-84.7806,10.3827],[-84.7664,10.4159],[-84.7661,10.4252]]]}},{"type":"Feature","properties":{"id":"turrialba","name":"Turrialba"},"geometry":{"type":"Polygon","coordinates":[[[-83.5149,9.5026],[-83.5079,9.4958],[-83.4895,9.4838],[-83.4884,9.484],[-83.4878,9.5006],[-83.4958,9.512],[-83.4967,9.5225],[-83.5159,9.5377],[-83.5137,9.5627],[-83.5053,9.5823],[-83.5105,9.5988],[-83.5027,9.6032],[-83.4897,9.6158],[-83.4816,9.6287],[-83.4678,9.6333],[-83.4591,9.6461],[-83.4508,9.6493],[-83.4285,9.6796],[-83.4272,9.6921],[-83.429,9.7067],[-83.4027,9.7391],[-83.3948,9.743],[-83.3926,9.7508],[-83.3822,9.769],[-83.3561,9.7984],[-83.3545,9.805],[-83.345,9.8117],[-83.3371,9.832],[-83.3323,9.8443],[-83.339,9.8585],[-83.3344,9.8746],[-83.3366,9.8867],[-83.3474,9.8973],[-83.349,9.9096],[-83.3461,9.9192],[-83.3535,9.9377],[-83.3486,9.9364],[-83.3392,9.9432],[-83.339,9.9573],[-83.3124,9.9811],[-83.4503,9.9822],[-83.4555,9.9815],[-83.6031,9.9817],[-83.6178,9.9879],[-83.6362,10.008],[-83.6415,10.0078],[-83.6523,10.0161],[-83.6681,10.0237],[-83.6881,10.0283],[-83.7012,10.0402],[-83.7171,10.0399],[-83.7255,10.04],[-83.7749,10.0633],[-83.8178,10.0838],[-83.8194,10.0698],[-83.814,10.0648],[-83.813,10.0475],[-83.801,10.0329],[-83.8136,10.0167],[-83.8111,10.0036],[-83.8061,9.9944],[-83.7867,9.9841],[-83.7802,9.9671],[-83.7743,9.9588],[-83.7645,9.9537],[-83.7606,9.9474],[-83.747,9.9332],[-83.7284,9.929],[-83.7219,9.9322],[-83.7221,9.8803],[-83.7119,9.8591],[-83.707,9.856],[-83.6721,9.8564],[-83.6646,9.8485],[-83.6524,9.8478],[-83.6516,9.8371],[-83.6563,9.8221],[-83.6277,9.779],[-83.6279,9.7722],[-83.617,9.761],[-83.6135,9.7483],[-83.6053,9.7416],[-83.5988,9.7346],[-83.6252,9.7168],[-83.6483,9.7039],[-83.6565,9.6964],[-83.6714,9.6893],[-83.6788,9.6757],[-83.6773,9.6645],[-83.6798,9.6504],[-83.6703,9.636],[-83.6619,9.6321],[-83.643,9.615],[-83.6403,9.6061],[-83.6289,9.6046],[-83.6276,9.5926],[-83.6344,9.5801],[-83.6291,9.5751],[-83.6229,9.5614],[-83.605,9.552],[-83.5941,9.5513],[-83.5915,9.5457],[-83.5714,9.5348],[-83.5619,9.532],[-83.5471,9.5327],[-83.543,9.5213],[-83.526,9.5065],[-83.5149,9.5026]]]}},{"type":"Feature","properties":{"id":"turrubares","name":"Turrubares"},"geometry":{"type":"Polygon","coordinates":[[[-84.4139,9.9231],[-84.4207,9.9207],[-84.439,9.9239],[-84.4456,9.9219],[-84.4558,9.9204],[-84.4586,9.9221],[-84.4617,9.9246],[-84.4673,9.9171],[-84.4836,9.9099],[-84.4951,9.9078],[-84.5105,9.8922],[-84.525,9.8833],[-84.5298,9.8756],[-84.5434,9.8725],[-84.5389,9.8627],[-84.5468,9.861],[-84.5464,9.8505],[-84.5633,9.8416],[-84.5606,9.8331],[-84.5814,9.823],[-84.58,9.8064],[-84.5673,9.8095],[-84.5582,9.7896],[-84.5577,9.7836],[-84.5488,9.7785],[-84.5388,9.7783],[-84.5547,9.756],[-84.5653,9.7588],[-84.5667,9.7462],[-84.5722,9.7402],[-84.577,9.7403],[-84.5882,9.7434],[-84.5931,9.7355],[-84.5902,9.7327],[-84.5881,9.7203],[-84.5824,9.7081],[-84.5848,9.6825],[-84.5808,9.6656],[-84.5728,9.6557],[-84.5733,9.6488],[-84.5629,9.6267],[-84.5501,9.6193],[-84.5508,9.6014],[-84.5458,9.5874],[-84.5296,9.5792],[-84.5297,9.5752],[-84.5088,9.5715],[-84.4839,9.57],[-84.4819,9.5765],[-84.4763,9.5876],[-84.4802,9.6092],[-84.4782,9.6173],[-84.4845,9.6265],[-84.4872,9.6437],[-84.4786,9.6514],[-84.4774,9.6592],[-84.4698,9.6619],[-84.4751,9.6724],[-84.4792,9.6723],[-84.4848,9.6827],[-84.4699,9.6913],[-84.4676,9.7092],[-84.4738,9.7179],[-84.4779,9.7185],[-84.4883,9.7229],[-84.4907,9.7283],[-84.4822,9.7311],[-84.49,9.7483],[-84.4783,9.7689],[-84.4786,9.7772],[-84.4688,9.7939],[-84.4492,9.7921],[-84.4335,9.8173],[-84.4259,9.8384],[-84.417,9.8503],[-84.4168,9.8561],[-84.4133,9.8681],[-84.4168,9.884],[-84.4167,9.8952],[-84.4084,9.8954],[-84.4026,9.9104],[-84.4077,9.9205],[-84.4139,9.9231]]]}},{"type":"Feature","properties":{"id":"upala","name":"Upala"},"geometry":{"type":"Polygon","coordinates":[[[-84.8798,10.9612],[-84.9103,10.9438],[-85.2227,11.0615],[-85.2322,11.062],[-85.2421,11.065],[-85.256,11.0442],[-85.2585,11.0343],[-85.2581,11.0196],[-85.2633,11.0126],[-85.2731,11.0137],[-85.2829,11.0235],[-85.2902,11.0227],[-85.3109,11.0424],[-85.3302,11.0408],[-85.3385,11.034],[-85.3452,11.0354],[-85.3559,11.0303],[-85.3574,11.0188],[-85.37,10.9968],[-85.3781,10.9937],[-85.3825,10.9702],[-85.4043,10.9622],[-85.4215,10.9639],[-85.4445,10.9437],[-85.4487,10.9346],[-85.4452,10.9291],[-85.4465,10.9155],[-85.4363,10.9085],[-85.4142,10.8802],[-85.3935,10.8634],[-85.3799,10.8423],[-85.3688,10.8291],[-85.3484,10.8273],[-85.306,10.7999],[-85.3013,10.7882],[-85.2925,10.7758],[-85.2811,10.7607],[-85.2782,10.7532],[-85.2603,10.7545],[-85.2495,10.7628],[-85.2362,10.7667],[-85.2033,10.7557],[-85.193,10.7491],[-85.1792,10.7462],[-85.1696,10.7478],[-85.1438,10.7468],[-85.1287,10.7306],[-85.1287,10.7193],[-85.1242,10.7107],[-85.1142,10.7108],[-85.1091,10.7119],[-85.0966,10.7176],[-85.0879,10.7139],[-85.0705,10.7124],[-85.0599,10.7082],[-85.0566,10.6991],[-85.0255,10.6926],[-85.0137,10.671],[-84.9975,10.7048],[-84.9854,10.7129],[-84.9815,10.7199],[-84.974,10.7183],[-84.9559,10.7228],[-84.956,10.7327],[-84.9489,10.7349],[-84.9531,10.7457],[-84.9621,10.759],[-84.9468,10.7742],[-84.9307,10.775],[-84.9154,10.7921],[-84.9168,10.8024],[-84.9068,10.8031],[-84.9027,10.8113],[-84.9015,10.8282],[-84.8962,10.8266],[-84.8916,10.8422],[-84.8861,10.8445],[-84.8846,10.8572],[-84.8914,10.8735],[-84.8857,10.8923],[-84.89,10.9078],[-84.8867,10.912],[-84.8869,10.9254],[-84.8816,10.9458],[-84.8798,10.9612]]]}},{"type":"Feature","properties":{"id":"vazquez_de_coronado","name":"Vázquez de Coronado"},"geometry":{"type":"Polygon","coordinates":[[[-83.9458,10.1423],[-83.9472,10.147],[-83.9365,10.1763],[-83.9362,10.1797],[-83.9298,10.1897],[-83.9722,10.169],[-83.9791,10.148],[-83.9772,10.1322],[-83.9802,10.1031],[-83.9878,10.0952],[-83.9965,10.0941],[-84.0151,10.0799],[-84.0264,10.0823],[-84.028,10.0603],[-84.021,10.0597],[-84.0122,10.0564],[-84.0007,10.0558],[-83.9838,10.0655],[-83.9889,10.0405],[-83.9886,10.0303],[-83.9938,10.0213],[-84.0014,10.0193],[-84.0022,10.0018],[-84.0113,10.0009],[-84.0171,9.9939],[-84.0229,9.9787],[-84.0318,9.9688],[-84.0247,9.9681],[-84.0236,9.9672],[-84.0107,9.9699],[-83.9918,9.9677],[-83.9912,9.9715],[-83.9631,9.9691],[-83.95,9.9647],[-83.9311,9.966],[-83.9081,9.9699],[-83.9044,9.9753],[-83.8867,9.9698],[-83.8679,9.9708],[-83.8594,9.9788],[-83.8682,9.9923],[-83.8673,10.0038],[-83.8759,10.02],[-83.8756,10.0336],[-83.8829,10.048],[-83.8923,10.058],[-83.9175,10.076],[-83.93,10.0821],[-83.9371,10.1095],[-83.938,10.1238],[-83.9458,10.1423]]]}},{"type":"Feature","properties":{"id":"zarcero","name":"Zarcero"},"geometry":{"type":"Polygon","coordinates":[[[-84.3337,10.1719],[-84.3267,10.1734],[-84.3207,10.1896],[-84.3212,10.1962],[-84.3178,10.2007],[-84.3151,10.2043],[-84.3242,10.2089],[-84.333,10.2293],[-84.3435,10.2355],[-84.3547,10.246],[-84.3584,10.256],[-84.381,10.2525],[-84.387,10.2597],[-84.4008,10.2625],[-84.4204,10.2636],[-84.4353,10.2698],[-84.4433,10.2686],[-84.4478,10.2671],[-84.5176,10.2494],[-84.518,10.2453],[-84.5052,10.2318],[-84.4971,10.2293],[-84.4869,10.2195],[-84.4794,10.2163],[-84.4802,10.2151],[-84.4724,10.2028],[-84.4729,10.1934],[-84.4533,10.1757],[-84.4408,10.1686],[-84.4366,10.1669],[-84.432,10.1684],[-84.4188,10.1715],[-84.4049,10.1689],[-84.3746,10.182],[-84.351,10.1873],[-84.3398,10.1861],[-84.3406,10.1764],[-84.3337,10.1719]]]}}]}