{"type":"FeatureCollection","features":[{"type":"Feature","properties":{"id":"coto_brus","name":"Coto Brus","area_ha":620296},"geometry":{"type":"Polygon","coordinates":[[[-83.1756,9.3246],[-83.1768,9.3261],[-83.1785,9.3269],[-83.1788,9.3269],[-83.1786,9.3261],[-83.178,9.3253],[-83.1782,9.3228],[-83.18,9.3202],[-83.1819,9.3148],[-83.1837,9.3119],[-83.1826,9.306],[-83.1849,9.2984],[-83.1861,9.2961],[-83.1853,9.2913],[-83.1872,9.2883],[-83.187,9.2857],[-83.1889,9.2834],[-83.1927,9.2825],[-83.1938,9.2791],[-83.1979,9.2762],[-83.1976,9.2695],[-83.1997,9.2673],[-83.1987,9.2661],[-83.1994,9.2603],[-83.1987,9.2595],[-83.1991,9.2552],[-83.1984,9.2535],[-83.2001,9.2514],[-83.2008,9.248],[-83.2024,9.2462],[-83.2015,9.2408],[-83.2022,9.2379],[-83.2002,9.2308],[-83.1976,9.2295],[-83.1961,9.2275],[-83.195,9.2238],[-83.1936,9.2224],[-83.1942,9.2204],[-83.1974,9.2177],[-83.1983,9.2153],[-83.2007,9.2144],[-83.2042,9.2111],[-83.2075,9.2105],[-83.2079,9.2075],[-83.2113,9.205],[-83.2134,9.2007],[-83.2147,9.2001],[-83.2134,9.1923],[-83.2108,9.186],[-83.2089,9.1844],[-83.2091,9.1799],[-83.2108,9.1784],[-83.2098,9.1768],[-83.2107,9.1747],[-83.2078,9.1725],[-83.206,9.1702],[-83.2071,9.1672],[-83.2064,9.1631],[-83.2077,9.161],[-83.2065,9.1588],[-83.2074,9.1541],[-83.2103,9.1516],[-83.213,9.1483],[-83.2143,9.1452],[-83.2143,9.1385],[-83.2136,9.1361],[-83.2152,9.1341],[-83.2121,9.1307],[-83.2116,9.1291],[-83.2133,9.1238],[-83.2118,9.122],[-83.2133,9.1201],[-83.2114,9.1188],[-83.2108,9.1162],[-83.2088,9.1157],[-83.2102,9.1128],[-83.2096,9.1113],[-83.2059,9.1064],[-83.2063,9.1037],[-83.2051,9.0999],[-83.2055,9.0952],[-83.2015,9.0929],[-83.2003,9.0899],[-83.201,9.0849],[-83.1991,9.0814],[-83.1999,9.0757],[-83.1999,9.0721],[-83.1972,9.0685],[-83.1971,9.0665],[-83.1954,9.0655],[-83.1923,9.0618],[-83.1873,9.0595],[-83.1841,9.0527],[-83.1831,9.0495],[-83.1826,9.0424],[-83.1829,9.0404],[-83.1812,9.0347],[-83.1821,9.0316],[-83.1812,9.0302],[-83.1846,9.0256],[-83.1869,9.0206],[-83.1883,9.0165],[-83.1897,9.0143],[-83.194,9.0118],[-83.1964,9.0091],[-83.2025,9.0063],[-83.2117,9.0062],[-83.2158,9.0077],[-83.2173,9.0089],[-83.2173,9.0126],[-83.2146,9.0159],[-83.214,9.0219],[-83.2213,9.0242],[-83.2242,9.0244],[-83.2301,9.0274],[-83.233,9.0278],[-83.2382,9.0314],[-83.2398,9.0334],[-83.2411,9.0371],[-83.2391,9.0398],[-83.2343,9.0447],[-83.233,9.0471],[-83.2336,9.0513],[-83.2364,9.0544],[-83.2378,9.0591],[-83.2399,9.0605],[-83.2433,9.0612],[-83.2455,9.0607],[-83.2485,9.0586],[-83.2521,9.0579],[-83.2555,9.0583],[-83.2579,9.0597],[-83.2596,9.062],[-83.2633,9.0639],[-83.2667,9.0626],[-83.2695,9.0637],[-83.2702,9.0659],[-83.2699,9.0698],[-83.2708,9.0722],[-83.2731,9.0746],[-83.2781,9.077],[-83.2809,9.0792],[-83.2815,9.0811],[-83.2783,9.0836],[-83.2761,9.0873],[-83.2711,9.0889],[-83.266,9.0881],[-83.2634,9.0893],[-83.2637,9.0925],[-83.2685,9.0934],[-83.2764,9.0906],[-83.2822,9.0899],[-83.2854,9.0873],[-83.2864,9.0849],[-83.2899,9.0823],[-83.293,9.0821],[-83.293,9.0762],[-83.2918,9.0747],[-83.292,9.072],[-83.2906,9.071],[-83.2911,9.0678],[-83.294,9.0626],[-83.295,9.0591],[-83.2966,9.0566],[-83.2957,9.0528],[-83.2985,9.0473],[-83.3039,9.025],[-83.298,9.0229],[-83.2953,9.021],[-83.2916,9.0215],[-83.285,9.0193],[-83.2817,9.019],[-83.2802,9.0167],[-83.2768,9.0149],[-83.2745,9.015],[-83.2733,9.0116],[-83.2719,9.0114],[-83.2661,9.0042],[-83.2646,9.0019],[-83.2604,8.9989],[-83.2585,8.9989],[-83.2562,8.9943],[-83.2567,8.9919],[-83.26,8.9862],[-83.2606,8.9826],[-83.2629,8.9774],[-83.2644,8.9752],[-83.267,8.9732],[-83.2708,8.9779],[-83.2723,8.9809],[-83.2744,8.9807],[-83.2722,8.9762],[-83.2716,8.9716],[-83.277,8.9696],[-83.282,8.9693],[-83.2898,8.9728],[-83.2949,8.9739],[-83.3012,8.9734],[-83.3035,8.9716],[-83.3043,8.9676],[-83.3035,8.9636],[-83.311,8.9561],[-83.314,8.9572],[-83.3159,8.9596],[-83.319,8.9619],[-83.322,8.9618],[-83.3236,8.9596],[-83.3222,8.9572],[-83.3188,8.9539],[-83.3203,8.9514],[-83.3257,8.9514],[-83.3277,8.9498],[-83.3293,8.9473],[-83.338,8.9411],[-83.3422,8.9405],[-83.3444,8.9422],[-83.3483,8.9439],[-83.3537,8.9448],[-83.3558,8.9446],[-83.3625,8.9493],[-83.3672,8.9532],[-83.371,8.9552],[-83.3683,8.963],[-83.369,8.9705],[-83.3686,8.9753],[-83.3718,8.978],[-83.3731,8.9803],[-83.3811,8.9835],[-83.383,8.9836],[-83.3882,8.9865],[-83.3922,8.9871],[-83.3967,8.9863],[-83.3991,8.9879],[-83.3995,8.9905],[-83.4027,8.9947],[-83.4082,8.9956],[-83.412,8.9953],[-83.4139,8.9933],[-83.4153,8.99],[-83.4134,8.9876],[-83.4143,8.9827],[-83.4135,8.981],[-83.4148,8.9775],[-83.4169,8.9767],[-83.4208,8.9796],[-83.424,8.9812],[-83.4253,8.9828],[-83.4267,8.9874],[-83.4293,8.9901],[-83.4327,8.9914],[-83.4346,8.9902],[-83.4379,8.99],[-83.444,8.9912],[-83.4471,8.9936],[-83.4502,8.9938],[-83.4532,8.9954],[-83.4559,8.9958],[-83.4595,8.9947],[-83.4611,8.9956],[-83.4639,8.9951],[-83.4664,8.9964],[-83.4694,8.9961],[-83.4719,8.9997],[-83.4756,8.9999],[-83.4738,9.006],[-83.4745,9.0077],[-83.4789,9.0114],[-83.4843,9.0134],[-83.4876,9.0141],[-83.4876,9.0161],[-83.4896,9.0182],[-83.4914,9.0182],[-83.4962,9.0226],[-83.4942,9.0284],[-83.4984,9.033],[-83.5014,9.0322],[-83.5048,9.035],[-83.507,9.0342],[-83.51,9.0357],[-83.5119,9.0396],[-83.5146,9.0437],[-83.5173,9.0454],[-83.5217,9.0466],[-83.5266,9.0465],[-83.5282,9.0484],[-83.5317,9.0504],[-83.5386,9.0488],[-83.5426,9.0493],[-83.5463,9.0507],[-83.5502,9.0509],[-83.5545,9.0541],[-83.5596,9.053],[-83.5607,9.0554],[-83.5636,9.0586],[-83.5622,9.0631],[-83.5623,9.0652],[-83.5591,9.0666],[-83.5567,9.0688],[-83.5526,9.0696],[-83.5521,9.0717],[-83.5537,9.0738],[-83.5492,9.08],[-83.5495,9.0831],[-83.5553,9.0843],[-83.5581,9.0857],[-83.5634,9.0848],[-83.5697,9.0863],[-83.5769,9.0925],[-83.5804,9.0965],[-83.5833,9.1023],[-83.5911,9.1075],[-83.5986,9.1097],[-83.6008,9.1117],[-83.6043,9.1133],[-83.6067,9.1131],[-83.6095,9.1165],[-83.6116,9.1173],[-83.6151,9.1174],[-83.6171,9.1166],[-83.6216,9.1162],[-83.627,9.1147],[-83.6288,9.113],[-83.6349,9.1116],[-83.6383,9.1091],[-83.6391,9.1076],[-83.644,9.1047],[-83.6461,9.1022],[-83.6492,9.101],[-83.6494,9.0995],[-83.654,9.0959],[-83.656,9.0929],[-83.6602,9.0903],[-83.665,9.0832],[-83.6655,9.0807],[-83.6682,9.0769],[-83.6645,9.073],[-83.6615,9.0724],[-83.6578,9.0698],[-83.6606,9.0671],[-83.6614,9.064],[-83.6594,9.0591],[-83.6564,9.0549],[-83.6507,9.0482],[-83.6429,9.0375],[-83.6397,9.0321],[-83.636,9.0244],[-83.6335,9.0161],[-83.6327,9.0103],[-83.6326,9.0043],[-83.6333,8.9912],[-83.6324,8.9737],[-83.6308,8.9645],[-83.6267,8.9609],[-83.6245,8.9578],[-83.6285,8.9549],[-83.6279,8.9513],[-83.6254,8.9432],[-83.6245,8.9379],[-83.6254,8.9363],[-83.6254,8.9315],[-83.626,8.9294],[-83.6239,8.9286],[-83.6253,8.9177],[-83.6238,8.9163],[-83.6208,8.9158],[-83.6123,8.9191],[-83.6115,8.9212],[-83.609,8.9215],[-83.6053,8.9187],[-83.6018,8.9182],[-83.6025,8.9159],[-83.602,8.9125],[-83.6005,8.9106],[-83.5985,8.9101],[-83.5987,8.9076],[-83.6023,8.9065],[-83.6,8.9031],[-83.6001,8.9004],[-83.5956,8.8957],[-83.5927,8.8956],[-83.5915,8.8921],[-83.5928,8.8862],[-83.5982,8.8875],[-83.604,8.8919],[-83.6077,8.8918],[-83.6104,8.8881],[-83.6098,8.8865],[-83.6099,8.8813],[-83.6092,8.8776],[-83.6088,8.8721],[-83.6075,8.8648],[-83.6075,8.8612],[-83.6056,8.8516],[-83.5997,8.8469],[-83.5984,8.8464],[-83.5924,8.849],[-83.5929,8.8453],[-83.5944,8.8453],[-83.598,8.839],[-83.5965,8.835],[-83.5967,8.8324],[-83.6037,8.8314],[-83.6087,8.8272],[-83.6128,8.8283],[-83.6153,8.8263],[-83.618,8.826],[-83.6209,8.8225],[-83.6232,8.8216],[-83.6261,8.8227],[-83.629,8.8212],[-83.6296,8.8188],[-83.6334,8.8168],[-83.6355,8.8183],[-83.6372,8.8137],[-83.6389,8.8137],[-83.6413,8.8095],[-83.6422,8.8052],[-83.6444,8.8038],[-83.646,8.8008],[-83.6461,8.7986],[-83.6488,8.7959],[-83.6524,8.794],[-83.651,8.7924],[-83.6473,8.7931],[-83.6461,8.7881],[-83.6441,8.7863],[-83.6415,8.7809],[-83.6398,8.7785],[-83.6375,8.7779],[-83.632,8.7791],[-83.6285,8.7818],[-83.6257,8.7831],[-83.6241,8.7857],[-83.6156,8.7856],[-83.62,8.7792],[-83.6239,8.7744],[-83.6297,8.7722],[-83.6343,8.773],[-83.6372,8.7748],[-83.6402,8.7713],[-83.6416,8.7716],[-83.6444,8.7689],[-83.6471,8.7683],[-83.6461,8.7654],[-83.6427,8.7522],[-83.6411,8.7436],[-83.6402,8.7361],[-83.6418,8.7366],[-83.6477,8.7337],[-83.649,8.7308],[-83.6485,8.7175],[-83.6488,8.7114],[-83.6501,8.7062],[-83.6528,8.7001],[-83.6557,8.6963],[-83.6599,8.6948],[-83.6625,8.6925],[-83.6654,8.6909],[-83.6697,8.6905],[-83.6713,8.691],[-83.6718,8.6936],[-83.6735,8.6964],[-83.6767,8.6969],[-83.6796,8.6962],[-83.6807,8.6947],[-83.685,8.6937],[-83.6871,8.6945],[-83.6928,8.694],[-83.6958,8.6931],[-83.6992,8.6895],[-83.7024,8.6906],[-83.7055,8.6888],[-83.708,8.6884],[-83.7103,8.6861],[-83.7119,8.6832],[-83.7122,8.6781],[-83.714,8.6781],[-83.7179,8.6736],[-83.7154,8.6703],[-83.7164,8.6669],[-83.7148,8.6644],[-83.7132,8.6561],[-83.714,8.6508],[-83.7148,8.649],[-83.7201,8.6468],[-83.7228,8.6432],[-83.7252,8.6437],[-83.7268,8.6428],[-83.7286,8.6435],[-83.7328,8.6412],[-83.7321,8.6375],[-83.7306,8.6374],[-83.7294,8.634],[-83.7297,8.6307],[-83.7316,8.628],[-83.7351,8.6263],[-83.7357,8.6224],[-83.7358,8.6172],[-83.7365,8.6156],[-83.736,8.6117],[-83.7344,8.6099],[-83.7359,8.6064],[-83.7345,8.6025],[-83.7352,8.5974],[-83.7338,8.5968],[-83.7326,8.5918],[-83.7299,8.5907],[-83.7286,8.5882],[-83.7262,8.5854],[-83.7232,8.5848],[-83.7218,8.5829],[-83.7191,8.5837],[-83.7185,8.5862],[-83.7159,8.5854],[-83.7146,8.5834],[-83.7108,8.5837],[-83.7082,8.5824],[-83.7038,8.5779],[-83.7026,8.5775],[-83.6987,8.5737],[-83.6893,8.5626],[-83.6841,8.5572],[-83.6775,8.5511],[-83.6707,8.5452],[-83.6637,8.5388],[-83.6605,8.5355],[-83.655,8.5286],[-83.6537,8.5257],[-83.6499,8.5211],[-83.6412,8.5162],[-83.634,8.5109],[-83.6217,8.5003],[-83.6118,8.4938],[-83.6074,8.4904],[-83.6023,8.4853],[-83.6003,8.4806],[-83.5983,8.4787],[-83.5976,8.4751],[-83.5934,8.4722],[-83.5926,8.4704],[-83.593,8.4674],[-83.5922,8.4655],[-83.5888,8.4611],[-83.5898,8.4598],[-83.5863,8.4573],[-83.5827,8.4565],[-83.5801,8.4543],[-83.5736,8.4521],[-83.569,8.4489],[-83.5683,8.4475],[-83.5702,8.4437],[-83.5655,8.4404],[-83.563,8.4429],[-83.56,8.442],[-83.5557,8.4419],[-83.5511,8.4412],[-83.549,8.44],[-83.5465,8.44],[-83.5445,8.4389],[-83.5413,8.4402],[-83.5388,8.443],[-83.5346,8.4432],[-83.5306,8.4448],[-83.5225,8.4457],[-83.5207,8.447],[-83.5189,8.446],[-83.5123,8.4485],[-83.5071,8.4477],[-83.5056,8.4468],[-83.5022,8.4481],[-83.4928,8.448],[-83.4787,8.4459],[-83.4613,8.4421],[-83.4495,8.4389],[-83.4361,8.4347],[-83.4242,8.43],[-83.4169,8.4267],[-83.4018,8.4202],[-83.397,8.4176],[-83.3869,8.4128],[-83.3712,8.4067],[-83.3478,8.3978],[-83.3463,8.398],[-83.338,8.3947],[-83.3187,8.3864],[-83.3095,8.3819],[-83.3034,8.3778],[-83.2991,8.3759],[-83.2972,8.3762],[-83.2949,8.3748],[-83.2909,8.3748],[-83.2863,8.38],[-83.2829,8.3812],[-83.2801,8.3852],[-83.2776,8.3862],[-83.2795,8.3923],[-83.2775,8.3945],[-83.2791,8.3973],[-83.2811,8.3992],[-83.2791,8.4037],[-83.2806,8.4056],[-83.2805,8.4094],[-83.2785,8.4131],[-83.2796,8.416],[-83.2789,8.4199],[-83.2744,8.4245],[-83.2727,8.4296],[-83.274,8.4336],[-83.2772,8.4351],[-83.2792,8.4393],[-83.2805,8.4403],[-83.2844,8.4458],[-83.2836,8.4498],[-83.2821,8.4536],[-83.28,8.4568],[-83.2769,8.4605],[-83.273,8.4636],[-83.2716,8.466],[-83.2723,8.468],[-83.2753,8.4723],[-83.2775,8.4806],[-83.2829,8.4828],[-83.2855,8.4848],[-83.2881,8.4914],[-83.2877,8.493],[-83.2903,8.4944],[-83.2915,8.498],[-83.2916,8.5043],[-83.2892,8.5113],[-83.2875,8.522],[-83.2845,8.5338],[-83.2847,8.5369],[-83.2839,8.5402],[-83.2853,8.5423],[-83.2878,8.542],[-83.2912,8.5395],[-83.2923,8.5377],[-83.296,8.5375],[-83.298,8.5403],[-83.3025,8.5405],[-83.3039,8.5415],[-83.3064,8.5408],[-83.3073,8.5442],[-83.3132,8.5484],[-83.3139,8.5511],[-83.3165,8.5529],[-83.3182,8.5562],[-83.3235,8.5637],[-83.323,8.5663],[-83.3258,8.5685],[-83.3328,8.5676],[-83.3353,8.5681],[-83.3372,8.5701],[-83.3413,8.572],[-83.3476,8.5735],[-83.352,8.5759],[-83.3623,8.5758],[-83.366,8.5745],[-83.3683,8.5754],[-83.3734,8.5748],[-83.3772,8.5788],[-83.3773,8.5845],[-83.3789,8.5851],[-83.3823,8.5839],[-83.3867,8.5839],[-83.3915,8.5886],[-83.3986,8.5918],[-83.4028,8.5975],[-83.4102,8.6055],[-83.4125,8.6059],[-83.4151,8.6089],[-83.4168,8.6134],[-83.4188,8.6135],[-83.4218,8.6161],[-83.4247,8.6164],[-83.4272,8.6182],[-83.4283,8.6212],[-83.4273,8.6255],[-83.4287,8.627],[-83.4322,8.6281],[-83.4348,8.6338],[-83.4365,8.634],[-83.4354,8.6373],[-83.4355,8.6405],[-83.4331,8.6445],[-83.4331,8.6475],[-83.4344,8.6503],[-83.4332,8.6518],[-83.4331,8.6558],[-83.4353,8.6598],[-83.44,8.6631],[-83.4449,8.6698],[-83.4493,8.6749],[-83.4524,8.6753],[-83.4552,8.6771],[-83.4579,8.6852],[-83.4609,8.6869],[-83.4652,8.6857],[-83.4669,8.6892],[-83.4668,8.6916],[-83.4692,8.6953],[-83.4707,8.7002],[-83.4729,8.701],[-83.4764,8.6974],[-83.4759,8.6953],[-83.4792,8.6948],[-83.4818,8.6932],[-83.4836,8.697],[-83.4837,8.6993],[-83.4853,8.7027],[-83.4842,8.7115],[-83.4828,8.7137],[-83.4806,8.7192],[-83.4774,8.7211],[-83.474,8.7214],[-83.4711,8.7199],[-83.4687,8.7196],[-83.4683,8.7221],[-83.4666,8.7246],[-83.4641,8.7263],[-83.4605,8.7257],[-83.456,8.7218],[-83.4507,8.7224],[-83.4488,8.7238],[-83.4441,8.7246],[-83.4426,8.7226],[-83.4394,8.722],[-83.438,8.7182],[-83.4351,8.7158],[-83.4333,8.7131],[-83.4291,8.7155],[-83.4274,8.7158],[-83.4243,8.7187],[-83.4207,8.7182],[-83.4177,8.7191],[-83.4155,8.7239],[-83.4159,8.7253],[-83.4128,8.728],[-83.4089,8.7295],[-83.4083,8.7311],[-83.405,8.733],[-83.4053,8.7358],[-83.4018,8.7365],[-83.3985,8.7339],[-83.396,8.7347],[-83.3934,8.7331],[-83.3923,8.7304],[-83.3904,8.7339],[-83.3867,8.7362],[-83.3848,8.7366],[-83.3832,8.7402],[-83.3808,8.7417],[-83.3821,8.7442],[-83.3816,8.7463],[-83.3787,8.7435],[-83.3765,8.7443],[-83.3739,8.7427],[-83.3725,8.7391],[-83.3737,8.7357],[-83.3701,8.7378],[-83.3626,8.737],[-83.3615,8.7351],[-83.3564,8.7327],[-83.3541,8.7322],[-83.3539,8.7355],[-83.3511,8.7368],[-83.3489,8.7359],[-83.3468,8.7366],[-83.3459,8.7344],[-83.3423,8.7307],[-83.3417,8.7291],[-83.3361,8.7264],[-83.335,8.7231],[-83.3331,8.7208],[-83.3311,8.7205],[-83.3262,8.7225],[-83.3244,8.7193],[-83.3249,8.7155],[-83.3284,8.7137],[-83.3309,8.7086],[-83.3293,8.705],[-83.3322,8.7034],[-83.333,8.7019],[-83.3308,8.6995],[-83.3306,8.6953],[-83.3273,8.6921],[-83.3265,8.6866],[-83.3299,8.6853],[-83.3286,8.6824],[-83.3289,8.6804],[-83.3269,8.6789],[-83.3249,8.6789],[-83.3219,8.6774],[-83.3221,8.6754],[-83.3204,8.674],[-83.317,8.6737],[-83.3141,8.6726],[-83.3081,8.6737],[-83.3051,8.6708],[-83.305,8.6682],[-83.3006,8.6665],[-83.2974,8.6603],[-83.2964,8.6563],[-83.2951,8.6535],[-83.2934,8.654],[-83.2923,8.6571],[-83.2886,8.6584],[-83.2851,8.6574],[-83.2822,8.659],[-83.2787,8.6599],[-83.2754,8.6597],[-83.2747,8.6579],[-83.2719,8.6563],[-83.2645,8.6577],[-83.2544,8.6571],[-83.2528,8.6549],[-83.2528,8.6528],[-83.249,8.6435],[-83.2473,8.6415],[-83.2464,8.6374],[-83.2446,8.6354],[-83.2438,8.633],[-83.2391,8.6301],[-83.2372,8.6279],[-83.2358,8.629],[-83.2354,8.6371],[-83.2341,8.6395],[-83.2322,8.6403],[-83.225,8.6413],[-83.2229,8.6396],[-83.2192,8.6384],[-83.2164,8.6347],[-83.2169,8.6319],[-83.2146,8.6313],[-83.2119,8.6286],[-83.2069,8.6318],[-83.2046,8.6306],[-83.2031,8.6273],[-83.2017,8.6284],[-83.1974,8.6285],[-83.1947,8.6254],[-83.1924,8.6255],[-83.1871,8.6235],[-83.1841,8.623],[-83.1823,8.6218],[-83.1793,8.6252],[-83.1774,8.6256],[-83.1762,8.6294],[-83.1771,8.6312],[-83.1745,8.6346],[-83.1773,8.6356],[-83.1769,8.6387],[-83.1821,8.6414],[-83.1781,8.642],[-83.1759,8.6445],[-83.1723,8.6432],[-83.1704,8.6404],[-83.1712,8.6381],[-83.1688,8.6368],[-83.1652,8.6368],[-83.1589,8.6305],[-83.1568,8.6263],[-83.1533,8.624],[-83.1511,8.6213],[-83.1452,8.6175],[-83.145,8.6162],[-83.1414,8.6142],[-83.1399,8.609],[-83.1371,8.6073],[-83.1347,8.6037],[-83.1344,8.602],[-83.1304,8.6022],[-83.1272,8.6008],[-83.1243,8.6012],[-83.1228,8.5974],[-83.1239,8.5937],[-83.1273,8.5923],[-83.1307,8.5898],[-83.1334,8.5885],[-83.1353,8.5908],[-83.1395,8.5897],[-83.139,8.5866],[-83.1395,8.5843],[-83.1416,8.583],[-83.1439,8.5834],[-83.1466,8.5827],[-83.149,8.5805],[-83.1525,8.5801],[-83.156,8.5777],[-83.1568,8.58],[-83.1541,8.581],[-83.1544,8.5832],[-83.1628,8.5858],[-83.1591,8.5887],[-83.1595,8.5933],[-83.156,8.5942],[-83.1554,8.5964],[-83.1574,8.5971],[-83.1596,8.5995],[-83.1607,8.602],[-83.1589,8.6048],[-83.157,8.6048],[-83.1568,8.6071],[-83.1518,8.6082],[-83.1546,8.6104],[-83.1589,8.6074],[-83.1618,8.6079],[-83.1635,8.6072],[-83.1654,8.6099],[-83.1667,8.6156],[-83.1691,8.6151],[-83.1743,8.6077],[-83.1764,8.6082],[-83.1781,8.6106],[-83.1761,8.6148],[-83.1727,8.6191],[-83.1684,8.6216],[-83.1708,8.6253],[-83.1735,8.6231],[-83.174,8.62],[-83.1784,8.6109],[-83.1767,8.6056],[-83.1777,8.6034],[-83.1765,8.5982],[-83.1747,8.5955],[-83.1751,8.5932],[-83.1727,8.5931],[-83.1683,8.5885],[-83.1665,8.5856],[-83.1634,8.5777],[-83.1608,8.5726],[-83.1607,8.571],[-83.1563,8.5673],[-83.1497,8.5642],[-83.147,8.5622],[-83.1422,8.5555],[-83.142,8.5537],[-83.147,8.5496],[-83.1478,8.5467],[-83.1515,8.5482],[-83.1516,8.545],[-83.1505,8.5425],[-83.1477,8.5389],[-83.1451,8.5332],[-83.141,8.5218],[-83.1357,8.5139],[-83.1331,8.5116],[-83.1221,8.5002],[-83.1114,8.4861],[-83.1062,8.4787],[-83.1005,8.4695],[-83.0977,8.4645],[-83.0944,8.4565],[-83.0931,8.4525],[-83.0927,8.4489],[-83.0956,8.4459],[-83.0984,8.4416],[-83.1023,8.439],[-83.1034,8.4375],[-83.1038,8.4341],[-83.1053,8.4323],[-83.105,8.4277],[-83.1071,8.4224],[-83.109,8.4201],[-83.1105,8.4151],[-83.1129,8.4128],[-83.1151,8.4096],[-83.1209,8.4062],[-83.1281,8.4049],[-83.1323,8.4021],[-83.1343,8.3973],[-83.1381,8.3953],[-83.1394,8.3913],[-83.1418,8.3883],[-83.1422,8.3852],[-83.1455,8.3811],[-83.1457,8.378],[-83.1444,8.3724],[-83.1458,8.3658],[-83.1439,8.3644],[-83.1425,8.3619],[-83.1395,8.3592],[-83.1368,8.3547],[-83.1283,8.349],[-83.1269,8.3457],[-83.1238,8.3433],[-83.124,8.3412],[-83.114,8.3349],[-83.1089,8.3305],[-83.0956,8.3237],[-83.0855,8.3178],[-83.0794,8.3136],[-83.0765,8.3125],[-83.0687,8.3083],[-83.0585,8.3034],[-83.0507,8.2984],[-83.0449,8.2955],[-83.0407,8.2922],[-83.0355,8.2868],[-83.0317,8.2843],[-83.0236,8.2774],[-83.0186,8.2743],[-83.0078,8.2665],[-83.0043,8.2652],[-82.9944,8.2596],[-82.9942,8.2566],[-82.9929,8.255],[-82.9896,8.2553],[-82.9869,8.2541],[-82.9837,8.2516],[-82.9817,8.2488],[-82.9789,8.2469],[-82.9767,8.243],[-82.9744,8.2416],[-82.9704,8.2359],[-82.9699,8.2335],[-82.9638,8.2261],[-82.9598,8.2191],[-82.958,8.2172],[-82.9553,8.2125],[-82.9516,8.2079],[-82.9518,8.2068],[-82.9473,8.2015],[-82.9389,8.1883],[-82.9341,8.1801],[-82.9318,8.1753],[-82.9281,8.166],[-82.926,8.1593],[-82.9242,8.1518],[-82.9243,8.1498],[-82.9222,8.1458],[-82.9185,8.1416],[-82.9157,8.1355],[-82.9151,8.1329],[-82.9132,8.1296],[-82.9053,8.1184],[-82.9029,8.1134],[-82.8999,8.1008],[-82.8994,8.0927],[-82.9009,8.0852],[-82.9036,8.0787],[-82.9068,8.0762],[-82.9109,8.0764],[-82.9133,8.0789],[-82.9134,8.0754],[-82.9123,8.0738],[-82.9141,8.0715],[-82.9141,8.0635],[-82.916,8.0604],[-82.9143,8.054],[-82.9119,8.0507],[-82.9097,8.0489],[-82.9082,8.0448],[-82.906,8.0421],[-82.9035,8.0402],[-82.901,8.0442],[-82.8928,8.0506],[-82.8909,8.0516],[-82.8914,8.0539],[-82.8936,8.0537],[-82.8953,8.0549],[-82.8948,8.057],[-82.8968,8.0604],[-82.8961,8.0624],[-82.8972,8.0641],[-82.8953,8.0662],[-82.8949,8.0684],[-82.8922,8.0706],[-82.8917,8.0738],[-82.8878,8.0769],[-82.887,8.0791],[-82.8888,8.0822],[-82.889,8.0887],[-82.8883,8.0919],[-82.8897,8.0954],[-82.8895,8.0978],[-82.8906,8.1004],[-82.8898,8.104],[-82.8865,8.1064],[-82.8865,8.109],[-82.8887,8.1096],[-82.8902,8.1113],[-82.8896,8.1144],[-82.8932,8.1158],[-82.8943,8.1185],[-82.8986,8.1246],[-82.8991,8.1272],[-82.9012,8.129],[-82.9013,8.1318],[-82.9031,8.1336],[-82.9043,8.1364],[-82.903,8.1389],[-82.9046,8.1405],[-82.9062,8.1403],[-82.908,8.1437],[-82.9089,8.1505],[-82.9101,8.1539],[-82.9086,8.1559],[-82.91,8.1578],[-82.9095,8.1623],[-82.9081,8.1658],[-82.9094,8.1676],[-82.9088,8.171],[-82.9096,8.1734],[-82.9086,8.1765],[-82.9142,8.1773],[-82.9144,8.1793],[-82.9114,8.1818],[-82.9116,8.1869],[-82.9104,8.1956],[-82.9118,8.1966],[-82.9162,8.1967],[-82.9189,8.1974],[-82.9217,8.2021],[-82.9238,8.2033],[-82.9238,8.2065],[-82.9267,8.2065],[-82.9289,8.2101],[-82.932,8.2111],[-82.9356,8.2099],[-82.9364,8.2141],[-82.9353,8.2179],[-82.9367,8.2202],[-82.9342,8.2249],[-82.931,8.228],[-82.932,8.2316],[-82.9313,8.2364],[-82.9302,8.2391],[-82.9308,8.2432],[-82.9331,8.2434],[-82.9338,8.2457],[-82.9324,8.249],[-82.9333,8.2503],[-82.9369,8.2506],[-82.9382,8.2522],[-82.9384,8.2548],[-82.9377,8.2576],[-82.9391,8.265],[-82.9414,8.2687],[-82.9424,8.2719],[-82.9451,8.2702],[-82.9474,8.2674],[-82.9525,8.2671],[-82.9531,8.2705],[-82.9548,8.2726],[-82.9561,8.2779],[-82.9577,8.2809],[-82.9614,8.2799],[-82.9622,8.2782],[-82.9685,8.2786],[-82.97,8.2801],[-82.9712,8.2835],[-82.9754,8.2885],[-82.98,8.2867],[-82.9811,8.2849],[-82.9831,8.2782],[-82.9871,8.2753],[-82.9874,8.272],[-82.9906,8.2713],[-82.9914,8.2739],[-82.9928,8.2742],[-82.9936,8.2773],[-82.996,8.2788],[-82.9988,8.2837],[-82.9998,8.2866],[-83.0056,8.2903],[-83.0043,8.294],[-83.0056,8.2966],[-83.0082,8.296],[-83.0093,8.2983],[-83.0133,8.2991],[-83.0152,8.3024],[-83.0199,8.3023],[-83.0227,8.3039],[-83.0255,8.3072],[-83.0227,8.3116],[-83.0271,8.3146],[-83.0284,8.3144],[-83.0301,8.3118],[-83.0334,8.3137],[-83.0361,8.3186],[-83.0379,8.3189],[-83.0428,8.3154],[-83.0459,8.3176],[-83.0456,8.321],[-83.0494,8.3228],[-83.0479,8.3243],[-83.0516,8.3308],[-83.0519,8.3345],[-83.0497,8.3366],[-83.0474,8.3365],[-83.0465,8.3395],[-83.0469,8.3422],[-83.04,8.3442],[-83.0389,8.3463],[-83.0276,8.3522],[-83.0183,8.3508],[-83.0179,8.3538],[-83.0152,8.3553],[-83.0121,8.3542],[-83.0072,8.3556],[-83.0058,8.3574],[-83.0012,8.3611],[-83.0013,8.3634],[-82.9997,8.3669],[-82.996,8.3677],[-82.9932,8.3709],[-82.9933,8.3719],[-82.9903,8.3741],[-82.9894,8.3764],[-82.9845,8.3721],[-82.9819,8.3758],[-82.979,8.3785],[-82.9767,8.3819],[-82.9735,8.3828],[-82.9718,8.385],[-82.9693,8.3866],[-82.9683,8.3906],[-82.965,8.3949],[-82.9622,8.3976],[-82.9609,8.4026],[-82.957,8.4066],[-82.954,8.408],[-82.9534,8.414],[-82.9356,8.4237],[-82.931,8.435],[-82.9153,8.4287],[-82.8687,8.4396],[-82.8606,8.4506],[-82.8398,8.4798],[-82.8395,8.4803],[-82.8319,8.5043],[-82.8342,8.5076],[-82.8334,8.5237],[-82.8375,8.5293],[-82.8395,8.5366],[-82.8398,8.5463],[-82.8348,8.5541],[-82.8306,8.5563],[-82.8224,8.5672],[-82.824,8.5709],[-82.8238,8.5733],[-82.8255,8.5794],[-82.8302,8.5884],[-82.8336,8.5896],[-82.8333,8.5947],[-82.8317,8.5949],[-82.8306,8.5971],[-82.8274,8.5992],[-82.8282,8.6045],[-82.8304,8.6068],[-82.8316,8.6066],[-82.8338,8.609],[-82.8366,8.6102],[-82.8385,8.6138],[-82.8357,8.6152],[-82.8296,8.6144],[-82.8282,8.616],[-82.8282,8.6235],[-82.8297,8.6251],[-82.8291,8.6275],[-82.8297,8.6347],[-82.8305,8.6365],[-82.8357,8.6371],[-82.8346,8.6436],[-82.8361,8.6457],[-82.8402,8.6495],[-82.8426,8.6547],[-82.8448,8.6564],[-82.8493,8.6587],[-82.8508,8.6608],[-82.8526,8.6613],[-82.8552,8.6636],[-82.8572,8.6667],[-82.8574,8.6692],[-82.859,8.6725],[-82.8587,8.6761],[-82.8609,8.6764],[-82.8646,8.6797],[-82.8629,8.6869],[-82.8618,8.6883],[-82.8656,8.6901],[-82.8671,8.6962],[-82.8704,8.6989],[-82.8769,8.6968],[-82.8806,8.6973],[-82.8809,8.6997],[-82.8834,8.7011],[-82.8891,8.707],[-82.8904,8.7104],[-82.8919,8.7121],[-82.898,8.7159],[-82.8984,8.7185],[-82.9006,8.7232],[-82.9018,8.7281],[-82.9012,8.7315],[-82.9033,8.7338],[-82.9046,8.7365],[-82.9068,8.737],[-82.9098,8.7362],[-82.913,8.7406],[-82.9164,8.741],[-82.9176,8.7435],[-82.9167,8.745],[-82.9184,8.7474],[-82.9192,8.7509],[-82.9189,8.7528],[-82.916,8.7523],[-82.9124,8.7544],[-82.9096,8.7588],[-82.9144,8.7594],[-82.9159,8.7603],[-82.9162,8.7639],[-82.9183,8.7644],[-82.9176,8.7666],[-82.9142,8.7669],[-82.9146,8.7695],[-82.9101,8.7738],[-82.9064,8.7749],[-82.9042,8.7741],[-82.899,8.7751],[-82.8968,8.7719],[-82.8926,8.7719],[-82.8932,8.7743],[-82.8914,8.779],[-82.8945,8.7818],[-82.8935,8.7844],[-82.8907,8.7855],[-82.8896,8.7906],[-82.8906,8.7915],[-82.886,8.7949],[-82.8826,8.7954],[-82.8777,8.799],[-82.8743,8.7995],[-82.8733,8.8009],[-82.8688,8.8043],[-82.8656,8.8051],[-82.8657,8.8073],[-82.8635,8.8118],[-82.8624,8.8155],[-82.8633,8.8182],[-82.8666,8.8169],[-82.87,8.8168],[-82.8728,8.8183],[-82.8773,8.8198],[-82.8764,8.8225],[-82.8809,8.8225],[-82.8819,8.8258],[-82.8837,8.8265],[-82.8839,8.8295],[-82.8827,8.8322],[-82.8807,8.8332],[-82.8725,8.8418],[-82.8706,8.8424],[-82.8685,8.8463],[-82.8626,8.8493],[-82.8617,8.8529],[-82.8571,8.8531],[-82.8556,8.8554],[-82.8533,8.8562],[-82.8515,8.8546],[-82.848,8.8535],[-82.8403,8.8564],[-82.8371,8.857],[-82.8349,8.8561],[-82.8319,8.8572],[-82.8278,8.8578],[-82.8202,8.8604],[-82.8166,8.8628],[-82.8136,8.8639],[-82.8101,8.8718],[-82.8075,8.8738],[-82.8039,8.8745],[-82.7973,8.8772],[-82.794,8.8767],[-82.7887,8.8775],[-82.7822,8.875],[-82.7766,8.8768],[-82.7732,8.8786],[-82.7696,8.8826],[-82.7628,8.8842],[-82.7597,8.8861],[-82.7595,8.8885],[-82.7567,8.8897],[-82.7547,8.8917],[-82.7514,8.8929],[-82.7499,8.8957],[-82.7468,8.8996],[-82.7488,8.9021],[-82.7482,8.9063],[-82.7444,8.9096],[-82.7423,8.9106],[-82.738,8.9112],[-82.732,8.9152],[-82.7279,8.9158],[-82.7235,8.918],[-82.723,8.9191],[-82.7192,8.9214],[-82.7161,8.921],[-82.7122,8.9221],[-82.7124,8.9294],[-82.7147,8.9332],[-82.7137,8.9348],[-82.7147,8.9409],[-82.717,8.9459],[-82.7163,8.9481],[-82.7171,8.95],[-82.7189,8.9505],[-82.7212,8.9526],[-82.7255,8.9541],[-82.7275,8.9558],[-82.7277,8.9601],[-82.7331,8.9606],[-82.7362,8.9621],[-82.7385,8.9658],[-82.7399,8.9669],[-82.7385,8.969],[-82.7384,8.9742],[-82.7361,8.9765],[-82.7373,8.9776],[-82.7383,8.9806],[-82.7408,8.9837],[-82.7407,8.9854],[-82.7447,8.986],[-82.7483,8.991],[-82.7572,8.9956],[-82.7591,8.9957],[-82.7638,8.9985],[-82.7656,8.9974],[-82.7681,8.9993],[-82.7708,8.9996],[-82.7731,9.0032],[-82.7769,9.0027],[-82.7823,9.0053],[-82.7852,9.0036],[-82.7927,9.0044],[-82.7996,9.0034],[-82.8036,9.0071],[-82.8038,9.009],[-82.8057,9.0104],[-82.8038,9.014],[-82.8062,9.0165],[-82.8097,9.0166],[-82.8129,9.0194],[-82.8153,9.0207],[-82.8141,9.0243],[-82.8163,9.0285],[-82.8195,9.0309],[-82.8236,9.0305],[-82.8239,9.0334],[-82.8284,9.0343],[-82.8298,9.0352],[-82.832,9.0342],[-82.8363,9.0366],[-82.8401,9.0403],[-82.8445,9.0403],[-82.848,9.0431],[-82.849,9.045],[-82.8529,9.0463],[-82.8553,9.0462],[-82.8566,9.0493],[-82.858,9.0503],[-82.857,9.053],[-82.8609,9.0565],[-82.8638,9.0573],[-82.8663,9.0567],[-82.8687,9.0546],[-82.8706,9.0552],[-82.872,9.0574],[-82.8743,9.0579],[-82.8785,9.0617],[-82.8784,9.0669],[-82.8797,9.07],[-82.8828,9.0712],[-82.8831,9.0742],[-82.8858,9.0788],[-82.8872,9.08],[-82.8879,9.0834],[-82.8866,9.0866],[-82.8895,9.0888],[-82.8931,9.0891],[-82.8959,9.0867],[-82.9022,9.0841],[-82.9047,9.0839],[-82.9069,9.0821],[-82.9103,9.0834],[-82.9121,9.0827],[-82.9191,9.0842],[-82.9226,9.0829],[-82.9307,9.0833],[-82.9344,9.0837],[-82.9344,9.0786],[-82.9359,9.0783],[-82.9386,9.0749],[-82.9428,9.0767],[-82.9439,9.081],[-82.9461,9.0827],[-82.9478,9.0825],[-82.9479,9.084],[-82.9482,9.0844],[-82.9499,9.0897],[-82.9512,9.0912],[-82.955,9.0918],[-82.9578,9.09],[-82.9615,9.0921],[-82.9618,9.093],[-82.964,9.0944],[-82.9662,9.0939],[-82.9699,9.0967],[-82.9739,9.0949],[-82.9773,9.0941],[-82.9778,9.097],[-82.9804,9.0981],[-82.9811,9.1006],[-82.9796,9.1032],[-82.9807,9.1042],[-82.9817,9.1067],[-82.9805,9.1114],[-82.9809,9.112],[-82.9811,9.1129],[-82.9897,9.1168],[-82.9891,9.12],[-82.987,9.1218],[-82.9873,9.1231],[-82.9897,9.1248],[-82.9917,9.1251],[-82.996,9.1271],[-82.993,9.1352],[-82.9926,9.1386],[-82.9937,9.1396],[-82.9946,9.1426],[-82.9953,9.1433],[-82.9958,9.1449],[-82.9942,9.1473],[-82.9914,9.1548],[-82.9917,9.1552],[-82.9948,9.1557],[-82.9952,9.1566],[-82.9968,9.1584],[-83.0001,9.1565],[-83.0036,9.1554],[-83.0085,9.1567],[-83.0135,9.1567],[-83.0157,9.1578],[-83.0191,9.158],[-83.0219,9.1593],[-83.0282,9.1598],[-83.0303,9.1613],[-83.0349,9.162],[-83.0382,9.1601],[-83.0411,9.161],[-83.0438,9.1601],[-83.0467,9.1604],[-83.0468,9.162],[-83.0554,9.1677],[-83.0586,9.169],[-83.0586,9.1708],[-83.061,9.1719],[-83.061,9.1725],[-83.0622,9.1736],[-83.0624,9.1739],[-83.0626,9.1743],[-83.0629,9.1749],[-83.0632,9.1753],[-83.0634,9.176],[-83.0657,9.1781],[-83.0656,9.1814],[-83.0674,9.1825],[-83.0676,9.183],[-83.0683,9.184],[-83.0668,9.1869],[-83.0665,9.1904],[-83.0603,9.1924],[-83.0559,9.1967],[-83.0573,9.1979],[-83.0567,9.1995],[-83.0574,9.2024],[-83.0605,9.2027],[-83.0641,9.2051],[-83.0645,9.2068],[-83.0654,9.2081],[-83.0655,9.2084],[-83.0667,9.2092],[-83.0667,9.2102],[-83.0716,9.2133],[-83.0717,9.214],[-83.0723,9.2145],[-83.0724,9.2166],[-83.0753,9.2174],[-83.0755,9.2181],[-83.0757,9.2184],[-83.0762,9.2197],[-83.0765,9.2199],[-83.0761,9.2259],[-83.0791,9.2286],[-83.079,9.2328],[-83.08,9.2337],[-83.0775,9.2366],[-83.0738,9.237],[-83.0732,9.2379],[-83.0736,9.2384],[-83.0716,9.2427],[-83.0716,9.2443],[-83.072,9.2447],[-83.0722,9.2453],[-83.0726,9.2457],[-83.0727,9.246],[-83.0729,9.2463],[-83.0733,9.2503],[-83.0756,9.2512],[-83.0757,9.2515],[-83.0792,9.253],[-83.0837,9.2557],[-83.0903,9.2548],[-83.0922,9.2539],[-83.0962,9.2554],[-83.0963,9.2556],[-83.1026,9.2594],[-83.1022,9.2627],[-83.1029,9.2631],[-83.1031,9.2636],[-83.1097,9.2653],[-83.1099,9.2657],[-83.1124,9.2688],[-83.1132,9.2722],[-83.1154,9.2736],[-83.1155,9.2738],[-83.1158,9.2743],[-83.1159,9.2748],[-83.119,9.2748],[-83.1212,9.2758],[-83.1256,9.2757],[-83.1273,9.2765],[-83.1297,9.2757],[-83.1346,9.2764],[-83.1345,9.2822],[-83.1363,9.2835],[-83.1364,9.2836],[-83.1406,9.2856],[-83.1408,9.2863],[-83.142,9.287],[-83.1421,9.2874],[-83.1431,9.2885],[-83.1433,9.2889],[-83.1459,9.29],[-83.1447,9.2927],[-83.1519,9.2951],[-83.1525,9.2968],[-83.1528,9.2971],[-83.1525,9.2978],[-83.1538,9.2984],[-83.154,9.2989],[-83.1542,9.2993],[-83.1543,9.2995],[-83.1573,9.2999],[-83.1575,9.3004],[-83.1578,9.3007],[-83.1582,9.3024],[-83.1584,9.3026],[-83.1586,9.3032],[-83.1595,9.3041],[-83.1596,9.3046],[-83.1602,9.3054],[-83.1604,9.306],[-83.1639,9.3071],[-83.164,9.308],[-83.1656,9.3081],[-83.1656,9.3115],[-83.1659,9.3121],[-83.1659,9.3124],[-83.1662,9.3126],[-83.1664,9.3133],[-83.1666,9.3136],[-83.1668,9.3149],[-83.1674,9.3153],[-83.1675,9.3164],[-83.1677,9.3166],[-83.1677,9.3177],[-83.1682,9.3182],[-83.1683,9.3189],[-83.1692,9.3197],[-83.1694,9.3203],[-83.1729,9.3219],[-83.1729,9.3223],[-83.1741,9.3231],[-83.1742,9.3236],[-83.1754,9.3242],[-83.1756,9.3246]]]}},{"type":"Feature","properties":{"id":"los_santos","name":"Los Santos","area_ha":238118},"geometry":{"type":"Polygon","coordinates":[[[-83.8674,9.971],[-83.8697,9.9709],[-83.872,9.9694],[-83.8787,9.971],[-83.8821,9.9709],[-83.8871,9.9697],[-83.8906,9.9679],[-83.8974,9.9688],[-83.9035,9.9663],[-83.9063,9.9611],[-83.9116,9.9599],[-83.9144,9.9567],[-83.915,9.9547],[-83.9207,9.9516],[-83.9303,9.9516],[-83.9324,9.9531],[-83.9368,9.9552],[-83.9375,9.9576],[-83.9412,9.9568],[-83.9435,9.9553],[-83.9492,9.9529],[-83.9502,9.9541],[-83.9543,9.9525],[-83.9566,9.9495],[-83.9541,9.9402],[-83.9521,9.9405],[-83.948,9.9389],[-83.9497,9.9337],[-83.9526,9.9309],[-83.9558,9.9306],[-83.9577,9.9289],[-83.9574,9.9222],[-83.9582,9.9205],[-83.9548,9.9174],[-83.9545,9.9153],[-83.9545,9.903],[-83.9558,9.9014],[-83.9592,9.9007],[-83.9587,9.8976],[-83.9607,9.897],[-83.9625,9.8987],[-83.9635,9.8947],[-83.9614,9.8937],[-83.9665,9.8891],[-83.9707,9.8895],[-83.972,9.8844],[-83.9755,9.8823],[-83.9785,9.8829],[-83.9795,9.8841],[-83.9839,9.8836],[-83.9947,9.88],[-83.997,9.8762],[-84.0022,9.8768],[-84.0066,9.8781],[-84.0093,9.8809],[-84.0129,9.8822],[-84.0152,9.882],[-84.0216,9.8843],[-84.0284,9.8829],[-84.0322,9.8838],[-84.0346,9.8871],[-84.0373,9.8888],[-84.0404,9.8957],[-84.0382,9.8961],[-84.0341,9.8938],[-84.0324,9.8959],[-84.0297,9.8972],[-84.0331,9.9003],[-84.0358,9.9003],[-84.0398,9.9023],[-84.0455,9.9031],[-84.0472,9.9041],[-84.0484,9.9018],[-84.0511,9.9005],[-84.0548,9.9027],[-84.0556,9.901],[-84.0598,9.9018],[-84.0671,9.9044],[-84.0675,9.9062],[-84.0708,9.908],[-84.074,9.9082],[-84.0746,9.9069],[-84.0778,9.9062],[-84.078,9.9041],[-84.0843,9.9036],[-84.0869,9.9015],[-84.0883,9.9024],[-84.092,9.8982],[-84.0892,9.8967],[-84.0879,9.8945],[-84.0864,9.8942],[-84.0862,9.8908],[-84.0841,9.8888],[-84.0842,9.8858],[-84.0874,9.8853],[-84.0882,9.8842],[-84.0915,9.8837],[-84.0936,9.882],[-84.1041,9.8751],[-84.1082,9.8734],[-84.1104,9.8734],[-84.116,9.8704],[-84.1187,9.8658],[-84.1211,9.8649],[-84.1227,9.861],[-84.1312,9.8556],[-84.1344,9.8515],[-84.1342,9.8491],[-84.1355,9.8474],[-84.138,9.8478],[-84.1421,9.8542],[-84.1447,9.8569],[-84.1511,9.8568],[-84.152,9.8587],[-84.1538,9.8587],[-84.1569,9.8612],[-84.1633,9.8615],[-84.1669,9.8605],[-84.1696,9.858],[-84.1713,9.8577],[-84.1742,9.8547],[-84.1766,9.8537],[-84.1797,9.8496],[-84.1869,9.8438],[-84.193,9.8397],[-84.1979,9.8395],[-84.201,9.8413],[-84.2029,9.8405],[-84.2113,9.8412],[-84.2125,9.8431],[-84.2158,9.8441],[-84.215,9.839],[-84.2181,9.8398],[-84.2198,9.8418],[-84.2211,9.8352],[-84.2235,9.8331],[-84.2238,9.831],[-84.2225,9.827],[-84.2229,9.8237],[-84.2212,9.8206],[-84.2222,9.8183],[-84.2211,9.8155],[-84.2235,9.8133],[-84.2247,9.8108],[-84.2281,9.8112],[-84.2316,9.8102],[-84.2325,9.8089],[-84.2373,9.809],[-84.2409,9.8116],[-84.2443,9.8106],[-84.2524,9.8113],[-84.2564,9.8101],[-84.2586,9.8107],[-84.2634,9.8089],[-84.2676,9.8038],[-84.2671,9.7964],[-84.2685,9.7945],[-84.268,9.7926],[-84.2698,9.7912],[-84.2701,9.7869],[-84.274,9.7876],[-84.2743,9.7821],[-84.2769,9.7805],[-84.28,9.7806],[-84.2866,9.7781],[-84.291,9.7785],[-84.2939,9.7778],[-84.2998,9.7781],[-84.302,9.7774],[-84.3038,9.7786],[-84.3097,9.7802],[-84.3111,9.7782],[-84.3141,9.7787],[-84.3189,9.7779],[-84.3211,9.7763],[-84.3232,9.7735],[-84.3232,9.7703],[-84.3268,9.7681],[-84.3265,9.766],[-84.3289,9.7649],[-84.3333,9.7645],[-84.3375,9.7575],[-84.3366,9.7547],[-84.3401,9.753],[-84.3378,9.75],[-84.3412,9.7483],[-84.3412,9.7446],[-84.3418,9.7406],[-84.3391,9.7397],[-84.3386,9.7368],[-84.3337,9.7295],[-84.3319,9.7277],[-84.3331,9.725],[-84.3325,9.7223],[-84.331,9.7218],[-84.33,9.7193],[-84.331,9.7168],[-84.3281,9.7139],[-84.3295,9.7121],[-84.3265,9.7091],[-84.3225,9.707],[-84.3231,9.7032],[-84.3201,9.7044],[-84.3183,9.704],[-84.3161,9.7008],[-84.3118,9.6993],[-84.3092,9.6973],[-84.3089,9.6927],[-84.3073,9.6883],[-84.3068,9.6836],[-84.3037,9.6817],[-84.3027,9.679],[-84.2972,9.6705],[-84.2979,9.6686],[-84.3011,9.6698],[-84.3016,9.6678],[-84.2998,9.6652],[-84.2998,9.6628],[-84.3045,9.6592],[-84.3054,9.6545],[-84.3054,9.6471],[-84.3048,9.6436],[-84.3098,9.6414],[-84.3126,9.6429],[-84.3161,9.6415],[-84.3195,9.6374],[-84.3235,9.6361],[-84.3294,9.6382],[-84.3305,9.6398],[-84.3357,9.6405],[-84.3371,9.6378],[-84.3371,9.6347],[-84.3393,9.6342],[-84.3453,9.6317],[-84.3471,9.6326],[-84.35,9.6381],[-84.352,9.6393],[-84.3533,9.6382],[-84.3571,9.6387],[-84.3594,9.6372],[-84.3617,9.6375],[-84.3606,9.6337],[-84.3625,9.6317],[-84.3668,9.632],[-84.3686,9.635],[-84.3726,9.6348],[-84.3755,9.6358],[-84.3771,9.6374],[-84.3784,9.635],[-84.3835,9.6344],[-84.3877,9.6388],[-84.3963,9.6371],[-84.3985,9.6349],[-84.3967,9.6327],[-84.3976,9.6274],[-84.397,9.6244],[-84.3942,9.6209],[-84.3951,9.619],[-84.3982,9.6165],[-84.398,9.6096],[-84.3958,9.6071],[-84.3931,9.6015],[-84.3919,9.6006],[-84.3942,9.5972],[-84.397,9.5971],[-84.3977,9.5943],[-84.3993,9.592],[-84.3987,9.5899],[-84.4014,9.5894],[-84.4025,9.5874],[-84.4016,9.5831],[-84.4045,9.5834],[-84.4054,9.5815],[-84.4083,9.5813],[-84.4102,9.5834],[-84.4126,9.5838],[-84.4151,9.5825],[-84.4156,9.5803],[-84.4142,9.5786],[-84.4147,9.5768],[-84.413,9.5757],[-84.415,9.5724],[-84.4179,9.5722],[-84.4193,9.5695],[-84.4231,9.5674],[-84.4239,9.5645],[-84.4284,9.5641],[-84.4272,9.5615],[-84.4248,9.5589],[-84.4286,9.5587],[-84.4299,9.5573],[-84.4369,9.5625],[-84.4347,9.5641],[-84.4384,9.5658],[-84.4364,9.5679],[-84.4396,9.5688],[-84.4398,9.5723],[-84.4423,9.5732],[-84.4417,9.5756],[-84.4448,9.5752],[-84.4457,9.5777],[-84.4494,9.5757],[-84.4523,9.578],[-84.4543,9.5777],[-84.4554,9.5805],[-84.4577,9.5823],[-84.4589,9.5796],[-84.4614,9.5777],[-84.463,9.575],[-84.4625,9.5714],[-84.4642,9.5701],[-84.4651,9.5732],[-84.4709,9.5758],[-84.4726,9.5729],[-84.4747,9.5747],[-84.4784,9.5732],[-84.4805,9.5766],[-84.4839,9.5755],[-84.4838,9.5707],[-84.4854,9.5698],[-84.4899,9.5725],[-84.4945,9.57],[-84.4995,9.5727],[-84.5037,9.5733],[-84.5063,9.5711],[-84.512,9.5731],[-84.5194,9.5723],[-84.5235,9.5741],[-84.5253,9.573],[-84.529,9.5757],[-84.5299,9.5739],[-84.5326,9.5727],[-84.5326,9.569],[-84.5342,9.567],[-84.5381,9.5661],[-84.5406,9.5639],[-84.5408,9.5606],[-84.5389,9.5581],[-84.5432,9.5554],[-84.5445,9.5531],[-84.5474,9.5511],[-84.5465,9.5497],[-84.5438,9.5491],[-84.5443,9.5468],[-84.5471,9.5448],[-84.5499,9.5453],[-84.5499,9.5424],[-84.5475,9.5427],[-84.5449,9.5401],[-84.5456,9.5371],[-84.5472,9.5366],[-84.5538,9.5402],[-84.5554,9.5388],[-84.547,9.5327],[-84.5431,9.5288],[-84.5391,9.5239],[-84.5367,9.518],[-84.5336,9.5179],[-84.5345,9.5151],[-84.528,9.5163],[-84.5236,9.5178],[-84.5191,9.5205],[-84.5184,9.5215],[-84.5127,9.5201],[-84.5099,9.5218],[-84.5046,9.5228],[-84.5024,9.5258],[-84.4951,9.528],[-84.4876,9.5283],[-84.483,9.5276],[-84.4782,9.5279],[-84.4727,9.5272],[-84.4704,9.5276],[-84.4672,9.5265],[-84.4604,9.5255],[-84.4549,9.5243],[-84.4461,9.5209],[-84.444,9.5206],[-84.4353,9.5174],[-84.4255,9.5142],[-84.4204,9.5143],[-84.4164,9.5117],[-84.4108,9.5106],[-84.4063,9.5093],[-84.3998,9.5081],[-84.3962,9.5084],[-84.3926,9.5064],[-84.3718,9.5013],[-84.3594,9.498],[-84.3451,9.4928],[-84.3392,9.4912],[-84.336,9.492],[-84.3341,9.49],[-84.3219,9.4891],[-84.312,9.4881],[-84.2968,9.4851],[-84.2788,9.4806],[-84.2609,9.4752],[-84.2526,9.4723],[-84.2458,9.471],[-84.242,9.473],[-84.2403,9.4718],[-84.239,9.4681],[-84.2342,9.4657],[-84.231,9.4631],[-84.2228,9.4595],[-84.2205,9.4582],[-84.2091,9.4543],[-84.1896,9.4473],[-84.1895,9.4475],[-84.1895,9.4525],[-84.1913,9.455],[-84.1996,9.4577],[-84.2062,9.4617],[-84.2119,9.4617],[-84.2185,9.4605],[-84.2216,9.4608],[-84.2263,9.463],[-84.2369,9.4755],[-84.2389,9.4786],[-84.239,9.4788],[-84.2392,9.4792],[-84.24,9.4816],[-84.24,9.4818],[-84.2401,9.4822],[-84.2402,9.4825],[-84.2404,9.4833],[-84.2412,9.4851],[-84.2422,9.4881],[-84.2435,9.4901],[-84.2463,9.4921],[-84.2524,9.4946],[-84.2535,9.4957],[-84.2536,9.4975],[-84.25,9.501],[-84.2487,9.5042],[-84.2493,9.5052],[-84.2463,9.5065],[-84.2464,9.5066],[-84.2453,9.5105],[-84.2422,9.5129],[-84.2381,9.5143],[-84.2365,9.5156],[-84.2344,9.5153],[-84.2311,9.5166],[-84.228,9.5145],[-84.2259,9.5139],[-84.2218,9.5143],[-84.2217,9.5134],[-84.2208,9.5129],[-84.2207,9.5122],[-84.2171,9.5126],[-84.2175,9.5135],[-84.2165,9.5138],[-84.2161,9.5126],[-84.2153,9.5117],[-84.2153,9.511],[-84.2123,9.5108],[-84.2109,9.5124],[-84.2078,9.5114],[-84.2059,9.5139],[-84.2045,9.5135],[-84.2013,9.5157],[-84.1985,9.5225],[-84.1959,9.5251],[-84.1911,9.527],[-84.1866,9.5265],[-84.1855,9.5293],[-84.184,9.5306],[-84.182,9.5353],[-84.1831,9.5367],[-84.1836,9.5388],[-84.1857,9.541],[-84.1857,9.5419],[-84.1884,9.5454],[-84.186,9.5475],[-84.182,9.547],[-84.1813,9.5461],[-84.1813,9.5459],[-84.1795,9.5467],[-84.1742,9.5468],[-84.1741,9.5486],[-84.1709,9.5518],[-84.1716,9.5521],[-84.1702,9.5535],[-84.1705,9.5539],[-84.1664,9.5552],[-84.1657,9.5564],[-84.1585,9.5609],[-84.1551,9.5612],[-84.153,9.5627],[-84.1504,9.5629],[-84.147,9.5653],[-84.1431,9.5693],[-84.1386,9.5716],[-84.131,9.5713],[-84.1286,9.5693],[-84.1284,9.5681],[-84.1272,9.5674],[-84.1274,9.5668],[-84.1265,9.5665],[-84.1269,9.5653],[-84.1262,9.5651],[-84.1263,9.5647],[-84.1259,9.5646],[-84.1259,9.5645],[-84.1258,9.5644],[-84.1254,9.5641],[-84.1256,9.5622],[-84.1255,9.562],[-84.1259,9.5608],[-84.1245,9.5595],[-84.1245,9.5588],[-84.1243,9.5579],[-84.1208,9.5554],[-84.1208,9.555],[-84.1205,9.5544],[-84.1204,9.5543],[-84.1188,9.5579],[-84.1192,9.5588],[-84.1193,9.5589],[-84.117,9.561],[-84.116,9.56],[-84.1128,9.5604],[-84.1101,9.5615],[-84.1087,9.5641],[-84.1069,9.5643],[-84.107,9.5638],[-84.1029,9.5659],[-84.0993,9.569],[-84.096,9.5686],[-84.0959,9.5682],[-84.0927,9.5681],[-84.0907,9.5667],[-84.0858,9.5645],[-84.0826,9.5637],[-84.0759,9.5661],[-84.074,9.5677],[-84.072,9.571],[-84.073,9.5666],[-84.0729,9.5665],[-84.0729,9.5664],[-84.0744,9.56],[-84.0765,9.5585],[-84.0724,9.553],[-84.0721,9.552],[-84.0721,9.5519],[-84.0718,9.5502],[-84.0717,9.5501],[-84.0724,9.5424],[-84.0722,9.5422],[-84.0725,9.5402],[-84.0723,9.54],[-84.0723,9.5389],[-84.0719,9.5386],[-84.072,9.5367],[-84.0718,9.5364],[-84.0718,9.5363],[-84.0718,9.5362],[-84.072,9.5345],[-84.0714,9.5339],[-84.0714,9.5334],[-84.0706,9.533],[-84.0706,9.5328],[-84.0705,9.5327],[-84.0705,9.5326],[-84.0704,9.5322],[-84.0691,9.5308],[-84.0712,9.5282],[-84.0712,9.5281],[-84.0712,9.528],[-84.0711,9.5278],[-84.0719,9.5264],[-84.0719,9.5263],[-84.0716,9.526],[-84.074,9.5228],[-84.0733,9.5218],[-84.0747,9.5212],[-84.0737,9.5197],[-84.0757,9.5173],[-84.0794,9.5163],[-84.0793,9.5161],[-84.0794,9.5161],[-84.0809,9.5148],[-84.0832,9.5153],[-84.0846,9.5143],[-84.0846,9.5139],[-84.0864,9.5117],[-84.0864,9.5116],[-84.0881,9.5104],[-84.088,9.5102],[-84.0879,9.5101],[-84.0854,9.5104],[-84.0854,9.5103],[-84.0853,9.5102],[-84.0853,9.51],[-84.0854,9.5096],[-84.0854,9.5095],[-84.0825,9.5109],[-84.0826,9.511],[-84.0826,9.5111],[-84.0826,9.5112],[-84.0827,9.5112],[-84.0826,9.5116],[-84.0827,9.5116],[-84.0793,9.5127],[-84.0793,9.5128],[-84.0781,9.5119],[-84.0768,9.5069],[-84.0761,9.5052],[-84.0753,9.5033],[-84.0745,9.5023],[-84.0636,9.4987],[-84.0638,9.4983],[-84.0595,9.495],[-84.0555,9.4901],[-84.0525,9.4884],[-84.0521,9.4857],[-84.0429,9.4764],[-84.0388,9.4751],[-84.0386,9.4746],[-84.0327,9.4707],[-84.0328,9.4702],[-84.0301,9.4674],[-84.0296,9.4653],[-84.028,9.4642],[-84.0271,9.4612],[-84.0237,9.4609],[-84.0169,9.4586],[-84.0153,9.4567],[-84.0113,9.4559],[-84.0111,9.4553],[-84.0049,9.4512],[-83.9971,9.4499],[-83.9967,9.4477],[-83.9942,9.4486],[-83.9942,9.4487],[-83.9944,9.4491],[-83.9944,9.4492],[-83.9945,9.4494],[-83.9946,9.4495],[-83.9946,9.4496],[-83.9948,9.4499],[-83.9948,9.45],[-83.9948,9.4501],[-83.9949,9.4501],[-83.9949,9.4502],[-83.9964,9.4511],[-83.9946,9.454],[-83.9916,9.455],[-83.9918,9.4563],[-83.9939,9.459],[-83.9939,9.4591],[-83.994,9.4592],[-83.994,9.4593],[-83.9941,9.4595],[-83.9942,9.4597],[-83.9943,9.4601],[-83.9944,9.4603],[-83.9945,9.4605],[-83.9945,9.4607],[-83.9946,9.4608],[-83.9947,9.4613],[-83.9947,9.4614],[-83.9943,9.4625],[-83.9891,9.4643],[-83.9868,9.4681],[-83.9849,9.4674],[-83.9847,9.4653],[-83.9839,9.4645],[-83.9782,9.4625],[-83.9751,9.46],[-83.975,9.4598],[-83.9748,9.4594],[-83.9748,9.4593],[-83.9747,9.4592],[-83.9746,9.4591],[-83.9746,9.459],[-83.9745,9.4588],[-83.9743,9.4584],[-83.9738,9.4544],[-83.9737,9.4543],[-83.9737,9.4542],[-83.9736,9.454],[-83.9735,9.4539],[-83.9734,9.4537],[-83.9734,9.4536],[-83.9708,9.4508],[-83.9664,9.4507],[-83.9654,9.4497],[-83.9673,9.4463],[-83.9673,9.4462],[-83.9673,9.446],[-83.9647,9.444],[-83.9646,9.4439],[-83.9646,9.4438],[-83.9645,9.4436],[-83.9667,9.4385],[-83.9667,9.4384],[-83.9666,9.4382],[-83.9666,9.4381],[-83.9664,9.4377],[-83.9664,9.4376],[-83.9664,9.4375],[-83.9658,9.4366],[-83.9658,9.4365],[-83.963,9.434],[-83.963,9.4339],[-83.9605,9.4319],[-83.9578,9.4323],[-83.9536,9.4305],[-83.949,9.4368],[-83.949,9.4369],[-83.9471,9.4422],[-83.9442,9.4435],[-83.9444,9.4462],[-83.9445,9.4463],[-83.9449,9.4474],[-83.945,9.4475],[-83.9452,9.4483],[-83.9456,9.449],[-83.9422,9.4514],[-83.942,9.4525],[-83.9446,9.4536],[-83.945,9.4543],[-83.945,9.4544],[-83.9451,9.4547],[-83.9452,9.4548],[-83.9452,9.4549],[-83.9443,9.4623],[-83.9436,9.4637],[-83.9436,9.4639],[-83.9451,9.4646],[-83.9425,9.4674],[-83.9453,9.4696],[-83.9453,9.4697],[-83.9454,9.4697],[-83.9438,9.4725],[-83.9441,9.4752],[-83.9442,9.4756],[-83.9445,9.4761],[-83.9446,9.478],[-83.9432,9.4843],[-83.9411,9.4873],[-83.94,9.4904],[-83.9387,9.4913],[-83.9358,9.4907],[-83.9358,9.4896],[-83.9357,9.4895],[-83.9358,9.4894],[-83.9357,9.4893],[-83.9355,9.4883],[-83.9354,9.4881],[-83.9353,9.4879],[-83.9354,9.4874],[-83.9341,9.486],[-83.934,9.4855],[-83.9273,9.4853],[-83.9253,9.4844],[-83.9219,9.4872],[-83.9203,9.4869],[-83.9174,9.4901],[-83.9174,9.4902],[-83.9175,9.4903],[-83.9175,9.4904],[-83.9189,9.4922],[-83.919,9.4925],[-83.919,9.4926],[-83.9184,9.4973],[-83.9161,9.4983],[-83.9109,9.495],[-83.9085,9.4953],[-83.9052,9.4971],[-83.9015,9.4957],[-83.8986,9.4981],[-83.8985,9.4976],[-83.8962,9.4977],[-83.8935,9.5002],[-83.8924,9.5033],[-83.8905,9.5041],[-83.8903,9.5029],[-83.8902,9.5027],[-83.8902,9.5026],[-83.8891,9.5019],[-83.8848,9.5032],[-83.8846,9.5051],[-83.8823,9.5075],[-83.88,9.5082],[-83.8747,9.5139],[-83.8748,9.5155],[-83.877,9.5178],[-83.8758,9.5202],[-83.8725,9.5197],[-83.8686,9.5231],[-83.8685,9.5262],[-83.8664,9.5272],[-83.8643,9.5258],[-83.8642,9.5255],[-83.8641,9.5253],[-83.864,9.5252],[-83.8622,9.5252],[-83.8613,9.5274],[-83.8574,9.5301],[-83.8546,9.5299],[-83.8515,9.5317],[-83.8491,9.5344],[-83.8466,9.5352],[-83.8426,9.5333],[-83.8395,9.5347],[-83.836,9.5315],[-83.8274,9.5308],[-83.8247,9.5313],[-83.8232,9.5355],[-83.8212,9.5367],[-83.8192,9.5357],[-83.8176,9.5368],[-83.8184,9.5378],[-83.8174,9.5398],[-83.8169,9.5436],[-83.8147,9.5454],[-83.811,9.5468],[-83.809,9.5498],[-83.8083,9.5522],[-83.8064,9.5552],[-83.8024,9.558],[-83.8024,9.5612],[-83.8007,9.5656],[-83.7991,9.5671],[-83.7994,9.5689],[-83.7999,9.5693],[-83.7999,9.5695],[-83.8012,9.5712],[-83.8011,9.5726],[-83.8013,9.5728],[-83.8,9.5771],[-83.8001,9.5774],[-83.7956,9.5817],[-83.7935,9.5846],[-83.7916,9.5854],[-83.7909,9.5881],[-83.7889,9.5888],[-83.7877,9.5907],[-83.785,9.591],[-83.7818,9.593],[-83.7791,9.5967],[-83.7762,9.5985],[-83.7721,9.5982],[-83.7719,9.5968],[-83.7692,9.5962],[-83.7691,9.5953],[-83.7677,9.5946],[-83.7677,9.5944],[-83.7673,9.5939],[-83.7674,9.5932],[-83.7669,9.5926],[-83.7671,9.5907],[-83.7667,9.5903],[-83.7667,9.5884],[-83.7665,9.5881],[-83.7664,9.588],[-83.7663,9.5878],[-83.7663,9.5877],[-83.7646,9.5856],[-83.7646,9.5852],[-83.7637,9.5837],[-83.7627,9.586],[-83.7609,9.5871],[-83.7604,9.5891],[-83.7579,9.5922],[-83.7593,9.5966],[-83.7631,9.6006],[-83.7635,9.6031],[-83.7653,9.6042],[-83.8678,9.768],[-83.8695,9.7683],[-83.8721,9.7712],[-83.8722,9.7751],[-83.8709,9.7791],[-83.8718,9.7835],[-83.8734,9.7841],[-83.875,9.7866],[-83.8728,9.7899],[-83.8749,9.7937],[-83.8735,9.795],[-83.8728,9.7976],[-83.8742,9.8029],[-83.8737,9.8064],[-83.8703,9.8088],[-83.8669,9.8074],[-83.867,9.8094],[-83.8649,9.813],[-83.8657,9.815],[-83.8649,9.8177],[-83.867,9.8213],[-83.8709,9.8259],[-83.8726,9.829],[-83.8836,9.8346],[-83.8868,9.8357],[-83.887,9.8391],[-83.8909,9.8427],[-83.895,9.8481],[-83.8988,9.8495],[-83.9009,9.8525],[-83.9039,9.8553],[-83.9089,9.8582],[-83.9088,9.8624],[-83.9073,9.8665],[-83.9107,9.8682],[-83.9099,9.8705],[-83.905,9.8733],[-83.9068,9.8768],[-83.9065,9.879],[-83.9078,9.8826],[-83.9074,9.8847],[-83.9055,9.8852],[-83.9004,9.8894],[-83.8997,9.891],[-83.8956,9.8934],[-83.8934,9.8967],[-83.8941,9.8983],[-83.8922,9.9033],[-83.8918,9.9062],[-83.8903,9.9079],[-83.8892,9.9113],[-83.8883,9.9171],[-83.8885,9.9192],[-83.8871,9.9228],[-83.885,9.9256],[-83.8847,9.9312],[-83.8832,9.9349],[-83.8829,9.9394],[-83.8802,9.9428],[-83.8779,9.9438],[-83.8752,9.9489],[-83.8724,9.9506],[-83.8721,9.956],[-83.8728,9.9595],[-83.8711,9.9631],[-83.8706,9.9659],[-83.8674,9.971]]]}},{"type":"Feature","properties":{"id":"perez_zeledon","name":"Pérez Zeledón","area_ha":389218},"geometry":{"type":"Polygon","coordinates":[[[-83.7721,9.5982],[-83.7762,9.5985],[-83.7791,9.5967],[-83.7818,9.593],[-83.785,9.591],[-83.7877,9.5907],[-83.7883,9.5895],[-83.789,9.5887],[-83.7909,9.5881],[-83.7916,9.5854],[-83.7935,9.5846],[-83.7956,9.5817],[-83.8001,9.5774],[-83.8,9.5771],[-83.8013,9.5728],[-83.8011,9.5726],[-83.8012,9.5712],[-83.7999,9.5695],[-83.7999,9.5693],[-83.7994,9.5689],[-83.7991,9.5671],[-83.8007,9.5656],[-83.8024,9.5611],[-83.8024,9.558],[-83.8064,9.5552],[-83.8083,9.5522],[-83.809,9.5498],[-83.811,9.5468],[-83.8147,9.5454],[-83.8169,9.5436],[-83.8174,9.5397],[-83.8184,9.5378],[-83.8176,9.5368],[-83.8192,9.5357],[-83.8212,9.5367],[-83.8232,9.5355],[-83.8247,9.5313],[-83.8274,9.5308],[-83.836,9.5315],[-83.8395,9.5347],[-83.8426,9.5333],[-83.8466,9.5352],[-83.8491,9.5343],[-83.8515,9.5317],[-83.8546,9.5299],[-83.8574,9.5301],[-83.8613,9.5274],[-83.8622,9.5252],[-83.864,9.5252],[-83.8641,9.5253],[-83.8642,9.5255],[-83.8643,9.5258],[-83.8664,9.5272],[-83.8685,9.5261],[-83.8686,9.5231],[-83.8725,9.5197],[-83.8758,9.5202],[-83.877,9.5178],[-83.8748,9.5155],[-83.8747,9.5139],[-83.88,9.5082],[-83.8823,9.5075],[-83.8846,9.5051],[-83.8848,9.5032],[-83.8891,9.5019],[-83.8902,9.5026],[-83.8902,9.5027],[-83.8903,9.5029],[-83.8905,9.5041],[-83.8924,9.5033],[-83.8935,9.5002],[-83.8962,9.4977],[-83.8985,9.4976],[-83.8986,9.4981],[-83.9015,9.4957],[-83.9052,9.4971],[-83.9085,9.4953],[-83.9109,9.495],[-83.9161,9.4983],[-83.9184,9.4973],[-83.919,9.4926],[-83.919,9.4925],[-83.9189,9.4922],[-83.9175,9.4904],[-83.9175,9.4903],[-83.9174,9.4902],[-83.9174,9.4901],[-83.9203,9.4869],[-83.9219,9.4872],[-83.9253,9.4844],[-83.9273,9.4853],[-83.934,9.4855],[-83.9341,9.486],[-83.9354,9.4874],[-83.9353,9.4879],[-83.9354,9.4881],[-83.9355,9.4883],[-83.9357,9.4893],[-83.9358,9.4894],[-83.9357,9.4895],[-83.9358,9.4896],[-83.9358,9.4907],[-83.9387,9.4913],[-83.94,9.4904],[-83.9411,9.4873],[-83.9432,9.4843],[-83.9446,9.478],[-83.9445,9.4761],[-83.9442,9.4756],[-83.9441,9.4752],[-83.9438,9.4725],[-83.9454,9.4697],[-83.9453,9.4697],[-83.9453,9.4696],[-83.9425,9.4674],[-83.9451,9.4646],[-83.9436,9.4639],[-83.9436,9.4637],[-83.9443,9.4623],[-83.9452,9.4549],[-83.9452,9.4548],[-83.9451,9.4547],[-83.945,9.4544],[-83.945,9.4543],[-83.9446,9.4536],[-83.942,9.4525],[-83.9422,9.4514],[-83.9456,9.449],[-83.9452,9.4483],[-83.945,9.4475],[-83.9449,9.4474],[-83.9445,9.4463],[-83.9444,9.4462],[-83.9442,9.4435],[-83.9471,9.4422],[-83.949,9.4369],[-83.949,9.4368],[-83.9536,9.4305],[-83.9578,9.4323],[-83.9604,9.4319],[-83.963,9.4339],[-83.963,9.434],[-83.9658,9.4365],[-83.9658,9.4366],[-83.9664,9.4375],[-83.9664,9.4376],[-83.9664,9.4377],[-83.9666,9.4381],[-83.9666,9.4382],[-83.9667,9.4384],[-83.9667,9.4385],[-83.9645,9.4436],[-83.9646,9.4438],[-83.9646,9.4439],[-83.9647,9.444],[-83.9673,9.446],[-83.9673,9.4462],[-83.9673,9.4463],[-83.9654,9.4497],[-83.9664,9.4507],[-83.9708,9.4508],[-83.9734,9.4536],[-83.9734,9.4537],[-83.9735,9.4539],[-83.9736,9.454],[-83.9737,9.4542],[-83.9737,9.4543],[-83.9738,9.4544],[-83.9743,9.4584],[-83.9745,9.4588],[-83.9746,9.459],[-83.9746,9.4591],[-83.9747,9.4592],[-83.9748,9.4593],[-83.9748,9.4594],[-83.975,9.4598],[-83.9751,9.46],[-83.9782,9.4625],[-83.9839,9.4645],[-83.9847,9.4653],[-83.9849,9.4674],[-83.9868,9.4681],[-83.9891,9.4643],[-83.9943,9.4625],[-83.9947,9.4614],[-83.9947,9.4613],[-83.9946,9.4608],[-83.9945,9.4607],[-83.9945,9.4605],[-83.9944,9.4603],[-83.9943,9.4601],[-83.9942,9.4597],[-83.9941,9.4595],[-83.994,9.4593],[-83.994,9.4592],[-83.9939,9.4591],[-83.9939,9.459],[-83.9918,9.4563],[-83.9916,9.455],[-83.9946,9.454],[-83.9964,9.4511],[-83.9949,9.4502],[-83.9949,9.4501],[-83.9948,9.4501],[-83.9948,9.45],[-83.9948,9.4499],[-83.9946,9.4496],[-83.9946,9.4495],[-83.9945,9.4494],[-83.9944,9.4492],[-83.9944,9.4491],[-83.9942,9.4487],[-83.9942,9.4486],[-83.9967,9.4477],[-83.9971,9.4499],[-84.0049,9.4512],[-84.0111,9.4553],[-84.0113,9.4559],[-84.0153,9.4567],[-84.0169,9.4586],[-84.0237,9.4609],[-84.0271,9.4612],[-84.028,9.4642],[-84.0296,9.4653],[-84.0301,9.4674],[-84.0328,9.4702],[-84.0327,9.4707],[-84.0386,9.4746],[-84.0388,9.4751],[-84.0429,9.4764],[-84.0521,9.4857],[-84.0525,9.4884],[-84.0555,9.4901],[-84.0595,9.495],[-84.0638,9.4983],[-84.0636,9.4987],[-84.0744,9.5023],[-84.0753,9.5033],[-84.0761,9.5052],[-84.0768,9.5069],[-84.0781,9.5119],[-84.0793,9.5128],[-84.0793,9.5127],[-84.0827,9.5116],[-84.0826,9.5116],[-84.0827,9.5112],[-84.0826,9.5112],[-84.0826,9.5111],[-84.0826,9.511],[-84.0825,9.5109],[-84.0854,9.5095],[-84.0854,9.5096],[-84.0853,9.51],[-84.0853,9.5102],[-84.0854,9.5103],[-84.0854,9.5104],[-84.0879,9.5101],[-84.088,9.5102],[-84.0881,9.5104],[-84.0864,9.5116],[-84.0864,9.5117],[-84.0846,9.5139],[-84.0846,9.5143],[-84.0832,9.5153],[-84.0809,9.5148],[-84.0794,9.5161],[-84.0793,9.5161],[-84.0794,9.5163],[-84.0757,9.5173],[-84.0737,9.5197],[-84.0747,9.5212],[-84.0733,9.5218],[-84.074,9.5228],[-84.0716,9.526],[-84.0719,9.5263],[-84.0719,9.5264],[-84.0711,9.5278],[-84.0712,9.528],[-84.0712,9.5281],[-84.0712,9.5282],[-84.0691,9.5308],[-84.0704,9.5322],[-84.0705,9.5326],[-84.0705,9.5327],[-84.0706,9.5328],[-84.0706,9.533],[-84.0714,9.5334],[-84.0714,9.5339],[-84.072,9.5345],[-84.0718,9.5362],[-84.0718,9.5363],[-84.0718,9.5364],[-84.072,9.5367],[-84.0719,9.5386],[-84.0723,9.5389],[-84.0723,9.54],[-84.0725,9.5402],[-84.0722,9.5422],[-84.0724,9.5424],[-84.0717,9.5501],[-84.0718,9.5502],[-84.0721,9.5519],[-84.0721,9.552],[-84.0724,9.553],[-84.0765,9.5585],[-84.0744,9.56],[-84.0729,9.5664],[-84.0729,9.5665],[-84.073,9.5666],[-84.072,9.571],[-84.074,9.5677],[-84.0759,9.5661],[-84.0826,9.5637],[-84.0858,9.5645],[-84.0907,9.5667],[-84.0927,9.5681],[-84.0959,9.5682],[-84.096,9.5686],[-84.0993,9.569],[-84.1029,9.5658],[-84.107,9.5638],[-84.1069,9.5643],[-84.1087,9.5641],[-84.11,9.5615],[-84.1128,9.5604],[-84.116,9.56],[-84.117,9.561],[-84.1193,9.5589],[-84.1192,9.5588],[-84.1188,9.5579],[-84.1204,9.5543],[-84.1205,9.5544],[-84.1208,9.555],[-84.1208,9.5554],[-84.1243,9.5579],[-84.1245,9.5588],[-84.1245,9.5595],[-84.1259,9.5608],[-84.1255,9.562],[-84.1256,9.5622],[-84.1254,9.5641],[-84.1258,9.5644],[-84.1259,9.5645],[-84.1259,9.5646],[-84.1263,9.5647],[-84.1262,9.5651],[-84.1269,9.5653],[-84.1265,9.5665],[-84.1274,9.5668],[-84.1272,9.5674],[-84.1284,9.5681],[-84.1286,9.5693],[-84.131,9.5713],[-84.1386,9.5716],[-84.1431,9.5693],[-84.147,9.5652],[-84.1504,9.5629],[-84.153,9.5627],[-84.1551,9.5612],[-84.1585,9.5609],[-84.1656,9.5564],[-84.1664,9.5552],[-84.1705,9.5539],[-84.1702,9.5535],[-84.1716,9.5521],[-84.1709,9.5518],[-84.1741,9.5486],[-84.1742,9.5468],[-84.1795,9.5467],[-84.1813,9.5459],[-84.1813,9.5461],[-84.182,9.547],[-84.186,9.5475],[-84.1884,9.5454],[-84.1857,9.5419],[-84.1857,9.541],[-84.1836,9.5388],[-84.1831,9.5367],[-84.182,9.5353],[-84.184,9.5306],[-84.1855,9.5293],[-84.1866,9.5265],[-84.1911,9.527],[-84.1959,9.5251],[-84.1985,9.5224],[-84.2013,9.5157],[-84.2045,9.5135],[-84.2059,9.5139],[-84.2078,9.5114],[-84.2109,9.5124],[-84.2123,9.5108],[-84.2153,9.511],[-84.2153,9.5117],[-84.2161,9.5126],[-84.2165,9.5138],[-84.2175,9.5135],[-84.2171,9.5126],[-84.2207,9.5122],[-84.2208,9.5129],[-84.2217,9.5134],[-84.2218,9.5143],[-84.2259,9.5139],[-84.228,9.5145],[-84.2311,9.5166],[-84.2344,9.5153],[-84.2365,9.5156],[-84.238,9.5143],[-84.2422,9.5129],[-84.2453,9.5105],[-84.2454,9.5075],[-84.2464,9.5066],[-84.2463,9.5065],[-84.2493,9.5052],[-84.2487,9.5042],[-84.25,9.501],[-84.2536,9.4974],[-84.2535,9.4957],[-84.2524,9.4946],[-84.2463,9.4921],[-84.2435,9.4901],[-84.2422,9.4881],[-84.2412,9.4851],[-84.2404,9.4833],[-84.2402,9.4825],[-84.2401,9.4822],[-84.24,9.4818],[-84.24,9.4816],[-84.2392,9.4792],[-84.239,9.4788],[-84.2389,9.4786],[-84.2369,9.4755],[-84.2264,9.463],[-84.2216,9.4608],[-84.2185,9.4605],[-84.2119,9.4617],[-84.2062,9.4617],[-84.1996,9.4578],[-84.1914,9.455],[-84.1895,9.4525],[-84.1895,9.4475],[-84.1896,9.4473],[-84.1808,9.4426],[-84.1715,9.4368],[-84.1671,9.4321],[-84.1651,9.4324],[-84.1664,9.4276],[-84.1684,9.4247],[-84.169,9.4227],[-84.1665,9.4214],[-84.1683,9.4199],[-84.1676,9.4177],[-84.1655,9.4173],[-84.1641,9.4137],[-84.1669,9.4105],[-84.1653,9.4085],[-84.1637,9.4084],[-84.1634,9.406],[-84.1655,9.4024],[-84.1729,9.4027],[-84.1745,9.4005],[-84.1768,9.3996],[-84.1769,9.3954],[-84.1745,9.3946],[-84.1704,9.3951],[-84.1622,9.3971],[-84.1585,9.396],[-84.1528,9.3934],[-84.148,9.3892],[-84.1465,9.3858],[-84.1461,9.3825],[-84.1472,9.3803],[-84.1493,9.3788],[-84.1478,9.3766],[-84.1447,9.3769],[-84.1457,9.3807],[-84.1443,9.3817],[-84.1394,9.3798],[-84.1353,9.3771],[-84.1346,9.3798],[-84.1364,9.3818],[-84.1346,9.3855],[-84.1297,9.386],[-84.1271,9.3806],[-84.1264,9.3768],[-84.1248,9.3731],[-84.1201,9.3744],[-84.118,9.3738],[-84.1172,9.3766],[-84.115,9.3748],[-84.1124,9.374],[-84.1035,9.3737],[-84.0949,9.3727],[-84.0866,9.3702],[-84.0802,9.3676],[-84.0652,9.3603],[-84.0429,9.3498],[-84.0327,9.3455],[-84.0209,9.3417],[-84.017,9.3401],[-84.0052,9.3371],[-83.995,9.3337],[-83.9848,9.3299],[-83.9707,9.3237],[-83.9532,9.3152],[-83.9442,9.3099],[-83.9346,9.3037],[-83.9299,9.3014],[-83.9268,9.2987],[-83.9083,9.2854],[-83.9046,9.2836],[-83.903,9.2817],[-83.8903,9.2714],[-83.8709,9.255],[-83.869,9.2545],[-83.8646,9.2512],[-83.8548,9.2455],[-83.8505,9.2401],[-83.851,9.2384],[-83.8464,9.2377],[-83.8426,9.2338],[-83.8408,9.2297],[-83.8408,9.2271],[-83.842,9.2238],[-83.8396,9.223],[-83.8356,9.2194],[-83.8343,9.2167],[-83.8313,9.2183],[-83.8285,9.2159],[-83.8258,9.2126],[-83.8228,9.2112],[-83.8211,9.2127],[-83.8184,9.2132],[-83.8162,9.2122],[-83.8144,9.2098],[-83.812,9.2106],[-83.8097,9.2092],[-83.8088,9.2062],[-83.8043,9.2044],[-83.8007,9.2047],[-83.7955,9.204],[-83.7925,9.2022],[-83.7904,9.1999],[-83.7906,9.1981],[-83.7866,9.1954],[-83.7855,9.1971],[-83.7817,9.1948],[-83.7743,9.1881],[-83.769,9.1817],[-83.7668,9.1786],[-83.7596,9.1667],[-83.7576,9.159],[-83.7569,9.152],[-83.7488,9.1541],[-83.7393,9.1515],[-83.731,9.1479],[-83.7276,9.1451],[-83.7279,9.1429],[-83.7236,9.1384],[-83.7232,9.1347],[-83.7213,9.1332],[-83.7166,9.1319],[-83.7142,9.1299],[-83.7127,9.1271],[-83.7108,9.1257],[-83.7075,9.1208],[-83.705,9.118],[-83.6981,9.1143],[-83.6944,9.1114],[-83.6921,9.106],[-83.6896,9.1024],[-83.6879,9.1014],[-83.6862,9.0985],[-83.6868,9.0952],[-83.6817,9.0953],[-83.6799,9.0922],[-83.6779,9.0913],[-83.677,9.088],[-83.6784,9.083],[-83.6751,9.0805],[-83.6732,9.0811],[-83.6702,9.0795],[-83.6682,9.0769],[-83.6655,9.0807],[-83.665,9.0832],[-83.6602,9.0903],[-83.656,9.0929],[-83.654,9.0959],[-83.6494,9.0995],[-83.6492,9.101],[-83.6461,9.1022],[-83.644,9.1047],[-83.6391,9.1076],[-83.6383,9.1091],[-83.6349,9.1116],[-83.6288,9.113],[-83.627,9.1147],[-83.6216,9.1162],[-83.6171,9.1166],[-83.6151,9.1174],[-83.6116,9.1173],[-83.6095,9.1165],[-83.6067,9.1131],[-83.6043,9.1133],[-83.6008,9.1117],[-83.5986,9.1097],[-83.5911,9.1075],[-83.5833,9.1023],[-83.5804,9.0965],[-83.5769,9.0925],[-83.5697,9.0863],[-83.5634,9.0848],[-83.5581,9.0857],[-83.5553,9.0843],[-83.5495,9.0831],[-83.5492,9.08],[-83.5537,9.0738],[-83.5521,9.0717],[-83.5526,9.0696],[-83.5567,9.0688],[-83.5591,9.0666],[-83.5623,9.0652],[-83.5622,9.0631],[-83.5636,9.0586],[-83.5607,9.0554],[-83.5596,9.053],[-83.5545,9.0541],[-83.5502,9.0509],[-83.5463,9.0507],[-83.5426,9.0493],[-83.5386,9.0488],[-83.5317,9.0504],[-83.5282,9.0484],[-83.5266,9.0465],[-83.5217,9.0466],[-83.5173,9.0454],[-83.5146,9.0437],[-83.5119,9.0396],[-83.51,9.0357],[-83.507,9.0342],[-83.5048,9.035],[-83.5014,9.0322],[-83.4984,9.033],[-83.4942,9.0284],[-83.4962,9.0226],[-83.4914,9.0182],[-83.4896,9.0182],[-83.4876,9.0161],[-83.4876,9.0141],[-83.4843,9.0134],[-83.4789,9.0114],[-83.4745,9.0077],[-83.4738,9.006],[-83.4756,8.9999],[-83.4719,8.9997],[-83.4694,8.9961],[-83.4664,8.9964],[-83.4639,8.9951],[-83.4611,8.9956],[-83.4595,8.9947],[-83.4559,8.9958],[-83.4532,8.9954],[-83.4502,8.9938],[-83.4471,8.9936],[-83.444,8.9912],[-83.4379,8.99],[-83.4346,8.9902],[-83.4327,8.9914],[-83.4293,8.9901],[-83.4267,8.9874],[-83.4253,8.9828],[-83.424,8.9812],[-83.4208,8.9796],[-83.4169,8.9767],[-83.4148,8.9775],[-83.4135,8.981],[-83.4143,8.9827],[-83.4134,8.9876],[-83.4153,8.99],[-83.4139,8.9933],[-83.412,8.9953],[-83.4082,8.9956],[-83.4027,8.9947],[-83.3995,8.9905],[-83.3991,8.9879],[-83.3967,8.9863],[-83.3922,8.9871],[-83.3882,8.9865],[-83.383,8.9836],[-83.3811,8.9835],[-83.3731,8.9803],[-83.3718,8.978],[-83.3686,8.9753],[-83.369,8.9705],[-83.3683,8.963],[-83.371,8.9552],[-83.3672,8.9532],[-83.3625,8.9493],[-83.3558,8.9446],[-83.3537,8.9448],[-83.3483,8.9439],[-83.3444,8.9422],[-83.3422,8.9405],[-83.338,8.9411],[-83.3293,8.9473],[-83.3277,8.9498],[-83.3257,8.9514],[-83.3203,8.9514],[-83.3188,8.9539],[-83.3222,8.9572],[-83.3236,8.9596],[-83.322,8.9618],[-83.319,8.9619],[-83.3159,8.9596],[-83.314,8.9572],[-83.311,8.9561],[-83.3035,8.9636],[-83.3043,8.9676],[-83.3035,8.9716],[-83.3012,8.9734],[-83.2949,8.9739],[-83.2898,8.9728],[-83.282,8.9693],[-83.277,8.9696],[-83.2716,8.9716],[-83.2722,8.9762],[-83.2744,8.9807],[-83.2723,8.9809],[-83.2708,8.9779],[-83.267,8.9732],[-83.2644,8.9752],[-83.2629,8.9774],[-83.2606,8.9826],[-83.26,8.9862],[-83.2567,8.9919],[-83.2562,8.9943],[-83.2585,8.9989],[-83.2604,8.9989],[-83.2646,9.0019],[-83.2661,9.0042],[-83.2719,9.0114],[-83.2733,9.0116],[-83.2745,9.015],[-83.2768,9.0149],[-83.2802,9.0167],[-83.2817,9.019],[-83.285,9.0193],[-83.2916,9.0215],[-83.2953,9.021],[-83.298,9.0229],[-83.3039,9.025],[-83.2985,9.0473],[-83.2957,9.0528],[-83.2966,9.0566],[-83.295,9.0591],[-83.294,9.0626],[-83.2911,9.0678],[-83.2906,9.071],[-83.292,9.072],[-83.2918,9.0747],[-83.293,9.0762],[-83.293,9.0821],[-83.2899,9.0823],[-83.2864,9.0849],[-83.2854,9.0873],[-83.2822,9.0899],[-83.2764,9.0906],[-83.2685,9.0934],[-83.2637,9.0925],[-83.2634,9.0893],[-83.266,9.0881],[-83.2711,9.0889],[-83.2761,9.0873],[-83.2783,9.0836],[-83.2815,9.0811],[-83.2809,9.0792],[-83.2781,9.077],[-83.2731,9.0746],[-83.2708,9.0722],[-83.2699,9.0698],[-83.2702,9.0659],[-83.2695,9.0637],[-83.2667,9.0626],[-83.2633,9.0639],[-83.2596,9.062],[-83.2579,9.0597],[-83.2555,9.0583],[-83.2521,9.0579],[-83.2485,9.0586],[-83.2455,9.0607],[-83.2433,9.0612],[-83.2399,9.0605],[-83.2378,9.0591],[-83.2364,9.0544],[-83.2336,9.0513],[-83.233,9.0471],[-83.2343,9.0447],[-83.2391,9.0398],[-83.2411,9.0371],[-83.2398,9.0334],[-83.2382,9.0314],[-83.233,9.0278],[-83.2301,9.0274],[-83.2242,9.0244],[-83.2213,9.0242],[-83.214,9.0219],[-83.2146,9.0159],[-83.2173,9.0126],[-83.2173,9.0089],[-83.2158,9.0077],[-83.2117,9.0062],[-83.2025,9.0063],[-83.1964,9.0091],[-83.194,9.0118],[-83.1897,9.0143],[-83.1883,9.0165],[-83.1869,9.0206],[-83.1846,9.0256],[-83.1812,9.0302],[-83.1821,9.0316],[-83.1812,9.0347],[-83.1829,9.0404],[-83.1826,9.0424],[-83.1831,9.0495],[-83.1841,9.0527],[-83.1873,9.0595],[-83.1923,9.0618],[-83.1954,9.0655],[-83.1971,9.0665],[-83.1972,9.0685],[-83.1999,9.0721],[-83.1999,9.0757],[-83.1991,9.0814],[-83.201,9.0849],[-83.2003,9.0899],[-83.2015,9.0929],[-83.2055,9.0952],[-83.2051,9.0999],[-83.2063,9.1037],[-83.2059,9.1064],[-83.2096,9.1113],[-83.2102,9.1128],[-83.2088,9.1157],[-83.2108,9.1162],[-83.2114,9.1188],[-83.2133,9.1201],[-83.2118,9.122],[-83.2133,9.1238],[-83.2116,9.1291],[-83.2121,9.1307],[-83.2152,9.1341],[-83.2136,9.1361],[-83.2143,9.1385],[-83.2143,9.1452],[-83.213,9.1483],[-83.2103,9.1516],[-83.2074,9.1541],[-83.2065,9.1588],[-83.2077,9.161],[-83.2064,9.1631],[-83.2071,9.1672],[-83.206,9.1702],[-83.2078,9.1725],[-83.2107,9.1747],[-83.2098,9.1768],[-83.2108,9.1784],[-83.2091,9.1799],[-83.2089,9.1844],[-83.2108,9.186],[-83.2134,9.1923],[-83.2147,9.2001],[-83.2134,9.2007],[-83.2113,9.205],[-83.2079,9.2075],[-83.2075,9.2105],[-83.2042,9.2111],[-83.2007,9.2144],[-83.1983,9.2153],[-83.1974,9.2177],[-83.1942,9.2204],[-83.1936,9.2224],[-83.195,9.2238],[-83.1961,9.2275],[-83.1976,9.2295],[-83.2002,9.2308],[-83.2022,9.2379],[-83.2015,9.2408],[-83.2024,9.2462],[-83.2008,9.248],[-83.2001,9.2514],[-83.1984,9.2535],[-83.1991,9.2552],[-83.1987,9.2595],[-83.1994,9.2603],[-83.1987,9.2661],[-83.1997,9.2673],[-83.1976,9.2695],[-83.1979,9.2762],[-83.1938,9.2791],[-83.1927,9.2825],[-83.1889,9.2834],[-83.187,9.2857],[-83.1872,9.2883],[-83.1853,9.2913],[-83.1861,9.2961],[-83.1849,9.2984],[-83.1826,9.306],[-83.1837,9.3119],[-83.1819,9.3148],[-83.18,9.3202],[-83.1782,9.3228],[-83.178,9.3253],[-83.1786,9.3261],[-83.1788,9.3269],[-83.1803,9.3258],[-83.1855,9.3244],[-83.188,9.3224],[-83.1906,9.3228],[-83.1907,9.323],[-83.1923,9.3238],[-83.1979,9.3235],[-83.2021,9.3226],[-83.2051,9.321],[-83.2107,9.3215],[-83.2203,9.3201],[-83.2246,9.3209],[-83.2247,9.3212],[-83.2258,9.322],[-83.2259,9.3225],[-83.228,9.3242],[-83.2286,9.3268],[-83.2317,9.3275],[-83.2318,9.3277],[-83.236,9.3289],[-83.2369,9.3331],[-83.237,9.3333],[-83.2371,9.3341],[-83.2392,9.3359],[-83.2394,9.3375],[-83.2431,9.3398],[-83.2453,9.3395],[-83.2496,9.3409],[-83.2497,9.3411],[-83.2548,9.3408],[-83.2598,9.3423],[-83.26,9.3432],[-83.2621,9.3454],[-83.2622,9.3458],[-83.2675,9.347],[-83.2705,9.3489],[-83.2711,9.3505],[-83.2721,9.3516],[-83.2726,9.3528],[-83.2761,9.3541],[-83.2797,9.3564],[-83.2873,9.3551],[-83.2896,9.3577],[-83.2905,9.3623],[-83.2917,9.3638],[-83.2979,9.3671],[-83.298,9.3675],[-83.3002,9.3695],[-83.3006,9.371],[-83.301,9.3715],[-83.3011,9.3726],[-83.3026,9.3741],[-83.3027,9.3745],[-83.3069,9.3762],[-83.3109,9.3804],[-83.3111,9.3808],[-83.3142,9.3831],[-83.3195,9.3841],[-83.3236,9.3841],[-83.3282,9.3813],[-83.3313,9.381],[-83.3318,9.3826],[-83.3339,9.3792],[-83.3343,9.377],[-83.3339,9.3767],[-83.3344,9.3746],[-83.3382,9.3731],[-83.3396,9.3708],[-83.3437,9.3694],[-83.3458,9.3701],[-83.3472,9.3685],[-83.3444,9.3662],[-83.3437,9.363],[-83.3441,9.36],[-83.3439,9.3597],[-83.3452,9.3565],[-83.3481,9.3552],[-83.3513,9.3509],[-83.3552,9.3522],[-83.3573,9.3507],[-83.3604,9.3505],[-83.3621,9.3478],[-83.367,9.3462],[-83.3757,9.3478],[-83.3785,9.3463],[-83.3825,9.3468],[-83.3861,9.3462],[-83.3904,9.343],[-83.3947,9.3424],[-83.3962,9.3403],[-83.3966,9.338],[-83.3989,9.3377],[-83.3991,9.3392],[-83.4005,9.3409],[-83.4007,9.3438],[-83.4012,9.3441],[-83.4012,9.3481],[-83.4038,9.3487],[-83.404,9.3498],[-83.4059,9.3523],[-83.4057,9.3536],[-83.4089,9.3543],[-83.409,9.3546],[-83.4117,9.3566],[-83.4154,9.3573],[-83.4155,9.358],[-83.4159,9.3588],[-83.4164,9.3603],[-83.4184,9.3622],[-83.4186,9.3634],[-83.4234,9.3674],[-83.4261,9.3679],[-83.4286,9.3674],[-83.4313,9.3691],[-83.4317,9.372],[-83.4347,9.3709],[-83.4387,9.372],[-83.4392,9.3765],[-83.4407,9.3776],[-83.4454,9.3771],[-83.4504,9.3778],[-83.4543,9.3792],[-83.4566,9.3816],[-83.4567,9.3817],[-83.4586,9.3841],[-83.4601,9.3887],[-83.4606,9.3894],[-83.4611,9.3907],[-83.4613,9.391],[-83.4614,9.3936],[-83.4622,9.3947],[-83.4627,9.3979],[-83.4641,9.3996],[-83.464,9.4002],[-83.4641,9.4004],[-83.4642,9.4011],[-83.4643,9.4013],[-83.4645,9.4018],[-83.4649,9.4023],[-83.4651,9.4033],[-83.4653,9.4037],[-83.4654,9.4044],[-83.4655,9.4045],[-83.4657,9.405],[-83.4659,9.4053],[-83.466,9.4064],[-83.4696,9.4084],[-83.4695,9.4101],[-83.4702,9.4106],[-83.4702,9.4107],[-83.4706,9.4111],[-83.4708,9.4122],[-83.471,9.4124],[-83.471,9.4133],[-83.4715,9.414],[-83.4717,9.4164],[-83.472,9.4171],[-83.4721,9.4188],[-83.4722,9.4189],[-83.4723,9.4191],[-83.4724,9.4193],[-83.4725,9.4196],[-83.4742,9.4214],[-83.4743,9.4217],[-83.4744,9.4219],[-83.4744,9.422],[-83.4747,9.4227],[-83.4781,9.4251],[-83.4782,9.4254],[-83.482,9.4279],[-83.4823,9.4293],[-83.4829,9.4293],[-83.4817,9.4307],[-83.482,9.4311],[-83.4814,9.432],[-83.4818,9.4325],[-83.4795,9.4369],[-83.4796,9.4391],[-83.4798,9.4395],[-83.4801,9.4416],[-83.4806,9.4422],[-83.48,9.4462],[-83.4782,9.4504],[-83.4785,9.4506],[-83.4789,9.452],[-83.479,9.4523],[-83.4791,9.4527],[-83.4791,9.4528],[-83.4792,9.4561],[-83.4801,9.4569],[-83.4801,9.4572],[-83.4804,9.4575],[-83.4807,9.4601],[-83.4809,9.4604],[-83.4809,9.4606],[-83.4813,9.4611],[-83.4806,9.4634],[-83.4809,9.4636],[-83.481,9.4637],[-83.4814,9.4643],[-83.4817,9.4656],[-83.4818,9.4658],[-83.4818,9.4667],[-83.4838,9.4677],[-83.4836,9.469],[-83.4844,9.4695],[-83.4838,9.474],[-83.4866,9.4765],[-83.4868,9.4781],[-83.4872,9.4787],[-83.4873,9.479],[-83.4876,9.4795],[-83.4876,9.4796],[-83.4878,9.4799],[-83.488,9.4804],[-83.4881,9.4806],[-83.4882,9.481],[-83.4883,9.4811],[-83.4884,9.4815],[-83.4886,9.4816],[-83.4886,9.4836],[-83.4887,9.4837],[-83.4886,9.4841],[-83.4889,9.4843],[-83.4889,9.4846],[-83.4896,9.485],[-83.4896,9.4851],[-83.4937,9.4877],[-83.4971,9.4882],[-83.4974,9.4891],[-83.4976,9.4894],[-83.4977,9.4902],[-83.4999,9.4923],[-83.4999,9.4931],[-83.5001,9.4933],[-83.5001,9.4935],[-83.5043,9.4947],[-83.506,9.4964],[-83.5061,9.4966],[-83.5092,9.4963],[-83.5119,9.4991],[-83.5121,9.5001],[-83.5122,9.5003],[-83.5127,9.5015],[-83.5193,9.5037],[-83.5249,9.5068],[-83.5287,9.5071],[-83.535,9.5099],[-83.5352,9.5116],[-83.5354,9.5119],[-83.5355,9.5121],[-83.5379,9.5132],[-83.538,9.5134],[-83.5381,9.5136],[-83.5384,9.5144],[-83.5386,9.5148],[-83.5386,9.5161],[-83.5422,9.5189],[-83.5422,9.5193],[-83.5429,9.5202],[-83.5424,9.5215],[-83.5438,9.5222],[-83.544,9.5229],[-83.5442,9.5232],[-83.5443,9.5235],[-83.5447,9.524],[-83.5448,9.5244],[-83.546,9.5249],[-83.5459,9.5259],[-83.5462,9.5263],[-83.5466,9.5291],[-83.5496,9.532],[-83.5522,9.5308],[-83.5559,9.531],[-83.5583,9.5323],[-83.56,9.5319],[-83.5601,9.5323],[-83.5603,9.5327],[-83.5604,9.5329],[-83.5629,9.5339],[-83.5683,9.5339],[-83.5684,9.5341],[-83.572,9.5346],[-83.5756,9.5372],[-83.5756,9.5375],[-83.5793,9.5392],[-83.586,9.5414],[-83.5861,9.5419],[-83.5893,9.543],[-83.5894,9.5435],[-83.5936,9.5447],[-83.5953,9.5467],[-83.5947,9.5488],[-83.5949,9.5491],[-83.5951,9.5515],[-83.6039,9.5526],[-83.6053,9.5516],[-83.6074,9.5523],[-83.6101,9.5551],[-83.6102,9.5556],[-83.6112,9.5569],[-83.6175,9.557],[-83.6204,9.5587],[-83.6205,9.5591],[-83.6207,9.5596],[-83.6209,9.56],[-83.6236,9.563],[-83.6275,9.5655],[-83.6276,9.5658],[-83.6281,9.5664],[-83.6283,9.5684],[-83.6303,9.5698],[-83.6291,9.5723],[-83.6293,9.575],[-83.6295,9.5752],[-83.6293,9.5758],[-83.6313,9.5767],[-83.6341,9.5799],[-83.6343,9.5804],[-83.6375,9.5811],[-83.6377,9.5819],[-83.6419,9.5819],[-83.6465,9.5845],[-83.651,9.5836],[-83.6528,9.5841],[-83.6557,9.582],[-83.6557,9.5802],[-83.6578,9.5783],[-83.6598,9.578],[-83.6617,9.5761],[-83.6643,9.5716],[-83.6642,9.5713],[-83.6641,9.5692],[-83.666,9.5656],[-83.6694,9.5618],[-83.6704,9.5597],[-83.675,9.5578],[-83.6826,9.5519],[-83.6858,9.5518],[-83.6888,9.5531],[-83.6938,9.5529],[-83.6957,9.5519],[-83.6981,9.5522],[-83.7036,9.5544],[-83.7037,9.5547],[-83.707,9.5577],[-83.7089,9.5582],[-83.7105,9.5555],[-83.7153,9.5538],[-83.7185,9.5511],[-83.7235,9.5554],[-83.7237,9.5559],[-83.7264,9.5582],[-83.7266,9.5587],[-83.7276,9.5596],[-83.7344,9.5605],[-83.7401,9.5597],[-83.7422,9.5583],[-83.7531,9.56],[-83.7543,9.5613],[-83.7547,9.5629],[-83.756,9.5637],[-83.7561,9.5642],[-83.757,9.5651],[-83.7569,9.5664],[-83.7573,9.567],[-83.7561,9.5694],[-83.7564,9.5698],[-83.7563,9.5714],[-83.7571,9.5724],[-83.757,9.5732],[-83.7575,9.5743],[-83.7571,9.5747],[-83.7577,9.5754],[-83.7578,9.5757],[-83.7587,9.5763],[-83.7591,9.5775],[-83.762,9.581],[-83.7625,9.583],[-83.7637,9.5837],[-83.7646,9.5852],[-83.7646,9.5856],[-83.7663,9.5877],[-83.7663,9.5878],[-83.7664,9.588],[-83.7665,9.5881],[-83.7667,9.5884],[-83.7667,9.5903],[-83.7671,9.5907],[-83.7669,9.5926],[-83.7674,9.5932],[-83.7673,9.5939],[-83.7677,9.5944],[-83.7677,9.5946],[-83.7691,9.5953],[-83.7692,9.5962],[-83.7719,9.5968],[-83.7721,9.5982]]]}},{"type":"Feature","properties":{"id":"turrialba","name":"Turrialba","area_ha":1177534},"geometry":{"type":"Polygon","coordinates":[[[-82.9428,9.0767],[-82.9386,9.0749],[-82.9359,9.0783],[-82.9344,9.0786],[-82.9344,9.0838],[-82.9435,9.4729],[-82.8413,9.497],[-82.8426,9.4993],[-82.8427,9.5048],[-82.8439,9.5065],[-82.8465,9.5074],[-82.8482,9.5098],[-82.8497,9.5144],[-82.8525,9.5122],[-82.8556,9.5111],[-82.8573,9.513],[-82.854,9.5153],[-82.8549,9.5197],[-82.8559,9.5201],[-82.8649,9.5182],[-82.8712,9.5229],[-82.8729,9.526],[-82.8716,9.5317],[-82.8719,9.5343],[-82.8739,9.5373],[-82.8726,9.5402],[-82.8698,9.5412],[-82.8685,9.5439],[-82.8669,9.5452],[-82.8707,9.5526],[-82.8679,9.5534],[-82.871,9.5555],[-82.8723,9.5542],[-82.8778,9.5536],[-82.8816,9.5564],[-82.8808,9.5589],[-82.8819,9.5626],[-82.8854,9.5654],[-82.884,9.5679],[-82.8823,9.573],[-82.8796,9.5761],[-82.8769,9.5815],[-82.8769,9.5869],[-82.8774,9.5908],[-82.8747,9.5936],[-82.8723,9.5947],[-82.8654,9.5902],[-82.8603,9.59],[-82.859,9.591],[-82.8602,9.5931],[-82.8633,9.5949],[-82.8643,9.6021],[-82.8609,9.6075],[-82.8587,9.6123],[-82.854,9.615],[-82.85,9.6153],[-82.8467,9.617],[-82.8396,9.6158],[-82.8346,9.6123],[-82.8324,9.6115],[-82.8266,9.6117],[-82.8255,9.6111],[-82.8253,9.6063],[-82.8241,9.6039],[-82.8221,9.6029],[-82.8192,9.603],[-82.8179,9.6016],[-82.8172,9.5978],[-82.8157,9.5969],[-82.8097,9.5959],[-82.8047,9.5959],[-82.8021,9.597],[-82.7994,9.5996],[-82.7942,9.5991],[-82.788,9.5966],[-82.7849,9.5937],[-82.7824,9.5889],[-82.7779,9.5853],[-82.7755,9.585],[-82.7722,9.5869],[-82.7699,9.5864],[-82.7643,9.593],[-82.7612,9.5947],[-82.758,9.5936],[-82.7535,9.5905],[-82.7502,9.5904],[-82.7469,9.5942],[-82.7446,9.594],[-82.7422,9.5914],[-82.7422,9.5902],[-82.7456,9.588],[-82.7476,9.5837],[-82.7477,9.5814],[-82.744,9.5757],[-82.7433,9.5731],[-82.7434,9.5696],[-82.7423,9.5682],[-82.7391,9.568],[-82.7316,9.5665],[-82.7301,9.5656],[-82.7263,9.5615],[-82.7267,9.5592],[-82.7292,9.5555],[-82.7281,9.5538],[-82.7215,9.5524],[-82.7188,9.5511],[-82.7154,9.546],[-82.7121,9.5474],[-82.7113,9.5526],[-82.7104,9.5544],[-82.7081,9.5549],[-82.7063,9.5541],[-82.705,9.5517],[-82.7047,9.5477],[-82.7021,9.545],[-82.6951,9.5438],[-82.6936,9.5412],[-82.6922,9.5362],[-82.693,9.5342],[-82.6957,9.5326],[-82.6997,9.5318],[-82.7007,9.5282],[-82.6986,9.5259],[-82.6947,9.5231],[-82.6922,9.5193],[-82.6924,9.5138],[-82.69,9.5112],[-82.686,9.5104],[-82.6829,9.5077],[-82.6806,9.5072],[-82.6789,9.5081],[-82.6763,9.5136],[-82.6751,9.5132],[-82.6728,9.5096],[-82.6723,9.5069],[-82.673,9.5034],[-82.672,9.5015],[-82.668,9.5004],[-82.6648,9.5007],[-82.6618,9.5025],[-82.6609,9.504],[-82.6618,9.5086],[-82.6592,9.5106],[-82.6568,9.5083],[-82.6563,9.5053],[-82.6537,9.504],[-82.6505,9.5006],[-82.6494,9.4976],[-82.6474,9.4966],[-82.6402,9.4961],[-82.6364,9.494],[-82.634,9.4946],[-82.634,9.4973],[-82.6361,9.5005],[-82.6345,9.503],[-82.6285,9.502],[-82.6201,9.4984],[-82.6154,9.4988],[-82.6109,9.5003],[-82.6068,9.5037],[-82.605,9.5062],[-82.6038,9.5094],[-82.6052,9.5176],[-82.6045,9.5234],[-82.6038,9.5251],[-82.5977,9.5339],[-82.5978,9.5383],[-82.5992,9.5418],[-82.601,9.5441],[-82.6037,9.5492],[-82.6043,9.5523],[-82.6039,9.5564],[-82.6001,9.559],[-82.5939,9.5599],[-82.5879,9.5593],[-82.583,9.5583],[-82.579,9.557],[-82.5735,9.5534],[-82.5693,9.5475],[-82.5666,9.543],[-82.5643,9.5411],[-82.5601,9.5402],[-82.557,9.5412],[-82.5544,9.5433],[-82.553,9.5466],[-82.5529,9.5488],[-82.554,9.5514],[-82.5568,9.5543],[-82.5634,9.5599],[-82.5654,9.563],[-82.5654,9.5663],[-82.5645,9.5712],[-82.5678,9.5746],[-82.5753,9.5773],[-82.5808,9.581],[-82.5914,9.5865],[-82.5951,9.5894],[-82.597,9.5918],[-82.5997,9.593],[-82.605,9.5972],[-82.6124,9.6071],[-82.6164,9.6108],[-82.6198,9.615],[-82.6206,9.6206],[-82.6192,9.6245],[-82.62,9.6273],[-82.6191,9.6307],[-82.6221,9.6324],[-82.6224,9.6351],[-82.6256,9.6353],[-82.6273,9.6366],[-82.6319,9.638],[-82.6351,9.6382],[-82.6356,9.6369],[-82.6405,9.6354],[-82.6442,9.6379],[-82.6483,9.64],[-82.6496,9.6395],[-82.6542,9.6348],[-82.6563,9.6344],[-82.6598,9.6324],[-82.665,9.6316],[-82.6679,9.6318],[-82.6744,9.6338],[-82.6796,9.6372],[-82.6825,9.6395],[-82.6852,9.6437],[-82.6871,9.6435],[-82.6902,9.641],[-82.6926,9.6408],[-82.6947,9.6381],[-82.6985,9.6378],[-82.7038,9.6394],[-82.7061,9.6407],[-82.7079,9.6402],[-82.7137,9.6427],[-82.7157,9.6421],[-82.7178,9.6429],[-82.7206,9.6457],[-82.7242,9.6433],[-82.7258,9.6437],[-82.7295,9.6468],[-82.731,9.6472],[-82.7386,9.6522],[-82.7413,9.6568],[-82.7471,9.6595],[-82.7509,9.6596],[-82.7536,9.6578],[-82.755,9.6586],[-82.7575,9.6547],[-82.7633,9.6548],[-82.7716,9.658],[-82.7774,9.6619],[-82.7832,9.6669],[-82.7856,9.6695],[-82.7923,9.6781],[-82.7941,9.6813],[-82.8001,9.6903],[-82.8086,9.705],[-82.8112,9.7099],[-82.8148,9.7181],[-82.8157,9.7224],[-82.8153,9.729],[-82.814,9.7329],[-82.8109,9.7363],[-82.8113,9.7391],[-82.8094,9.7451],[-82.8141,9.7492],[-82.8178,9.746],[-82.8197,9.7419],[-82.8231,9.7383],[-82.8268,9.7351],[-82.8291,9.7342],[-82.8343,9.735],[-82.8389,9.7366],[-82.8401,9.7407],[-82.8436,9.7399],[-82.8495,9.7416],[-82.8538,9.7446],[-82.8547,9.747],[-82.8587,9.7503],[-82.8614,9.7514],[-82.865,9.7552],[-82.8855,9.7846],[-82.89,9.7907],[-82.8913,9.7906],[-82.8919,9.794],[-82.8999,9.8036],[-82.9105,9.8155],[-82.922,9.8296],[-82.9236,9.8312],[-82.9372,9.8485],[-82.9396,9.8518],[-82.9536,9.8698],[-82.9587,9.8755],[-82.9624,9.8808],[-82.9731,9.8946],[-82.9803,9.9042],[-82.9842,9.9089],[-82.9881,9.9147],[-82.9942,9.923],[-82.9967,9.9249],[-82.9975,9.9272],[-83.005,9.9369],[-83.0096,9.942],[-83.0171,9.9518],[-83.0255,9.9644],[-83.0286,9.9703],[-83.0308,9.9768],[-83.031,9.984],[-83.0292,9.9891],[-83.0235,9.9911],[-83.0247,9.9937],[-83.0264,9.9941],[-83.0271,9.9977],[-83.0249,9.9995],[-83.0276,10.0029],[-83.0312,10.0025],[-83.0357,10.008],[-83.0372,10.006],[-83.042,10.0087],[-83.0444,10.0092],[-83.0456,10.0108],[-83.051,10.0119],[-83.0551,10.0096],[-83.0623,10.009],[-83.0636,10.0105],[-83.0623,10.0135],[-83.0651,10.015],[-83.0664,10.0134],[-83.0702,10.0126],[-83.0728,10.0132],[-83.0744,10.0117],[-83.0783,10.0107],[-83.0769,10.0073],[-83.0778,10.0002],[-83.083,10.0016],[-83.0888,10.0009],[-83.0982,10.0034],[-83.1039,10.0068],[-83.1038,10.0099],[-83.1007,10.0111],[-83.0988,10.0135],[-83.1015,10.0145],[-83.1051,10.0097],[-83.1069,10.0099],[-83.1098,10.0122],[-83.1219,10.0254],[-83.1258,10.03],[-83.1387,10.046],[-83.1541,10.0673],[-83.1662,10.0835],[-83.1714,10.0908],[-83.1782,10.1013],[-83.1835,10.1091],[-83.1896,10.1166],[-83.1924,10.1173],[-83.1939,10.1198],[-83.1995,10.1263],[-83.2077,10.1354],[-83.2172,10.1468],[-83.2196,10.1487],[-83.2221,10.1529],[-83.2408,10.1774],[-83.2462,10.184],[-83.2492,10.1882],[-83.2575,10.1989],[-83.2597,10.2023],[-83.2679,10.2128],[-83.2742,10.2196],[-83.2782,10.2204],[-83.2781,10.2224],[-83.282,10.2269],[-83.2926,10.2383],[-83.2949,10.2405],[-83.3065,10.2541],[-83.3322,10.2862],[-83.3363,10.292],[-83.3398,10.2961],[-83.347,10.3054],[-83.3537,10.313],[-83.3578,10.3168],[-83.3596,10.3178],[-83.3605,10.32],[-83.3647,10.3245],[-83.3761,10.3381],[-83.3779,10.3411],[-83.3825,10.3467],[-83.3869,10.3528],[-83.3903,10.3537],[-83.3904,10.3562],[-83.3937,10.3604],[-83.3971,10.3657],[-83.4056,10.3768],[-83.4131,10.3883],[-83.418,10.3951],[-83.4303,10.4142],[-83.4364,10.4233],[-83.4434,10.435],[-83.4492,10.4443],[-83.4504,10.4468],[-83.4579,10.459],[-83.4602,10.4636],[-83.4696,10.4798],[-83.4707,10.4823],[-83.4773,10.4939],[-83.4835,10.5061],[-83.486,10.5103],[-83.4885,10.5156],[-83.4944,10.5269],[-83.5023,10.5436],[-83.5059,10.5506],[-83.5079,10.5553],[-83.5127,10.5652],[-83.5176,10.5759],[-83.5193,10.5805],[-83.5214,10.5844],[-83.5247,10.5885],[-83.5241,10.5896],[-83.5245,10.5937],[-83.5295,10.6061],[-83.5319,10.6112],[-83.5329,10.6143],[-83.5409,10.6327],[-83.5554,10.6717],[-83.5575,10.6784],[-83.5623,10.6917],[-83.5678,10.7099],[-83.5719,10.7251],[-83.5758,10.7419],[-83.577,10.7462],[-83.5769,10.749],[-83.5812,10.7694],[-83.5833,10.781],[-83.5857,10.7909],[-83.5858,10.7953],[-83.5842,10.8017],[-83.5877,10.8048],[-83.5868,10.8073],[-83.5896,10.8089],[-83.5978,10.8253],[-83.6085,10.8498],[-83.6109,10.8559],[-83.6192,10.8737],[-83.6215,10.8743],[-83.621,10.8766],[-83.6232,10.8809],[-83.6323,10.8959],[-83.6363,10.903],[-83.6387,10.906],[-83.6462,10.9142],[-83.6477,10.915],[-83.6531,10.9201],[-83.6547,10.9209],[-83.6604,10.9256],[-83.6632,10.927],[-83.667,10.9307],[-83.6688,10.9286],[-83.6738,10.9259],[-83.6761,10.9264],[-83.6758,10.9305],[-83.6734,10.9337],[-83.6745,10.9349],[-83.6812,10.9372],[-83.6887,10.9381],[-83.6977,10.9402],[-83.6979,10.9356],[-83.6965,10.9347],[-83.6941,10.9358],[-83.6909,10.9356],[-83.6879,10.9331],[-83.6864,10.9292],[-83.683,10.9228],[-83.6809,10.9163],[-83.6785,10.9156],[-83.6778,10.9129],[-83.6791,10.9085],[-83.6763,10.9062],[-83.6763,10.9035],[-83.6779,10.9007],[-83.6828,10.8988],[-83.6823,10.8971],[-83.6787,10.8956],[-83.6761,10.892],[-83.6722,10.8922],[-83.6701,10.8916],[-83.6682,10.8886],[-83.6684,10.8838],[-83.667,10.8815],[-83.6677,10.8757],[-83.6708,10.8699],[-83.6733,10.8582],[-83.6752,10.8525],[-83.6725,10.8468],[-83.6708,10.8393],[-83.6707,10.8365],[-83.6678,10.831],[-83.6633,10.8267],[-83.6608,10.8216],[-83.6613,10.8165],[-83.6632,10.8132],[-83.6635,10.8108],[-83.6671,10.804],[-83.6683,10.7999],[-83.6718,10.7967],[-83.6754,10.7961],[-83.6827,10.7924],[-83.6901,10.7913],[-83.6927,10.7885],[-83.6983,10.7873],[-83.7022,10.7885],[-83.7078,10.7916],[-83.7127,10.7928],[-83.7166,10.7918],[-83.723,10.7859],[-83.7275,10.7847],[-83.7326,10.7841],[-83.7358,10.782],[-83.7427,10.7801],[-83.7455,10.7798],[-83.7471,10.7784],[-83.7524,10.7768],[-83.7543,10.7757],[-83.7613,10.7745],[-83.7627,10.7718],[-83.7549,10.7701],[-83.7523,10.7691],[-83.7481,10.766],[-83.7429,10.7592],[-83.7413,10.7579],[-83.7377,10.7524],[-83.7355,10.7474],[-83.7326,10.7389],[-83.7331,10.7366],[-83.7349,10.7348],[-83.7396,10.7316],[-83.7407,10.7294],[-83.741,10.7259],[-83.7394,10.7211],[-83.7307,10.7133],[-83.7257,10.7096],[-83.7173,10.7041],[-83.716,10.7026],[-83.7127,10.6961],[-83.7124,10.6928],[-83.7194,10.6918],[-83.7248,10.6941],[-83.7292,10.6943],[-83.7308,10.6932],[-83.7353,10.6924],[-83.7381,10.6931],[-83.7421,10.6926],[-83.7484,10.6938],[-83.751,10.6961],[-83.7561,10.6956],[-83.7586,10.6989],[-83.7609,10.6981],[-83.7651,10.6994],[-83.7709,10.6963],[-83.7735,10.6927],[-83.7743,10.6896],[-83.776,10.6873],[-83.7798,10.6843],[-83.7807,10.679],[-83.7833,10.6767],[-83.7864,10.6712],[-83.7865,10.668],[-83.7857,10.6652],[-83.7862,10.6614],[-83.7875,10.6577],[-83.7916,10.6565],[-83.7945,10.655],[-83.7966,10.653],[-83.8007,10.6535],[-83.8074,10.6519],[-83.8095,10.6522],[-83.8117,10.6486],[-83.8157,10.65],[-83.819,10.6481],[-83.822,10.6484],[-83.8247,10.6467],[-83.8278,10.6466],[-83.8305,10.6448],[-83.8356,10.6453],[-83.8388,10.6439],[-83.8408,10.6404],[-83.8401,10.6383],[-83.842,10.6341],[-83.8424,10.6311],[-83.8401,10.6245],[-83.8406,10.6176],[-83.845,10.613],[-83.8441,10.6118],[-83.8434,10.606],[-83.8453,10.6064],[-83.8457,10.6039],[-83.842,10.6011],[-83.8414,10.5951],[-83.8378,10.593],[-83.8363,10.5903],[-83.8385,10.5879],[-83.8367,10.584],[-83.8394,10.5774],[-83.8416,10.5741],[-83.8437,10.5729],[-83.8426,10.5686],[-83.8403,10.5672],[-83.8414,10.5652],[-83.844,10.5636],[-83.8457,10.5589],[-83.845,10.5559],[-83.8473,10.5511],[-83.8443,10.5504],[-83.8431,10.5487],[-83.8462,10.5463],[-83.8454,10.54],[-83.8418,10.54],[-83.8404,10.5392],[-83.8376,10.531],[-83.8384,10.527],[-83.8376,10.5157],[-83.8392,10.5116],[-83.8308,10.5026],[-83.8322,10.4962],[-83.8281,10.4944],[-83.8283,10.4922],[-83.8304,10.4889],[-83.8301,10.4838],[-83.831,10.482],[-83.8365,10.4787],[-83.8386,10.4745],[-83.838,10.4721],[-83.8336,10.4691],[-83.8309,10.4656],[-83.831,10.4622],[-83.8329,10.4596],[-83.8393,10.4551],[-83.8422,10.448],[-83.8437,10.4459],[-83.8464,10.4448],[-83.8535,10.4471],[-83.856,10.4466],[-83.8594,10.4446],[-83.8593,10.4388],[-83.8612,10.4371],[-83.8649,10.4362],[-83.8682,10.4342],[-83.874,10.429],[-83.875,10.4249],[-83.8748,10.4188],[-83.8763,10.4143],[-83.8774,10.4133],[-83.8794,10.4087],[-83.8804,10.405],[-83.8802,10.4006],[-83.875,10.3892],[-83.8725,10.3857],[-83.8691,10.3796],[-83.8621,10.3722],[-83.8569,10.3651],[-83.8554,10.3592],[-83.8538,10.3548],[-83.8511,10.3494],[-83.8503,10.3444],[-83.85,10.3385],[-83.8512,10.3367],[-83.8525,10.3285],[-83.8531,10.3135],[-83.8527,10.3102],[-83.8534,10.3064],[-83.8515,10.3022],[-83.8513,10.2938],[-83.8491,10.289],[-83.8492,10.281],[-83.8505,10.2768],[-83.8526,10.2733],[-83.8534,10.2698],[-83.8537,10.2639],[-83.8555,10.2584],[-83.8588,10.2521],[-83.8615,10.251],[-83.8648,10.2474],[-83.8661,10.245],[-83.8694,10.2448],[-83.8742,10.2418],[-83.8764,10.238],[-83.8813,10.2333],[-83.8862,10.2305],[-83.8932,10.2208],[-83.8962,10.2191],[-83.8986,10.2155],[-83.9019,10.213],[-83.9063,10.2084],[-83.9071,10.2065],[-83.9107,10.2049],[-83.9127,10.2031],[-83.9132,10.2021],[-83.918,10.1977],[-83.9248,10.1943],[-83.9299,10.1896],[-83.9336,10.1856],[-83.9351,10.1802],[-83.935,10.1778],[-83.9415,10.1635],[-83.9455,10.1568],[-83.9459,10.1511],[-83.9473,10.1482],[-83.9473,10.146],[-83.946,10.1423],[-83.945,10.1415],[-83.9443,10.1372],[-83.9418,10.1326],[-83.9418,10.13],[-83.9386,10.125],[-83.9374,10.1201],[-83.9379,10.1179],[-83.9365,10.1141],[-83.9372,10.1104],[-83.9356,10.1033],[-83.9343,10.1003],[-83.9325,10.0982],[-83.9329,10.0963],[-83.9316,10.0927],[-83.932,10.0897],[-83.9314,10.0857],[-83.9317,10.0837],[-83.9262,10.0792],[-83.923,10.0786],[-83.9224,10.0768],[-83.9204,10.0757],[-83.9186,10.077],[-83.9169,10.0745],[-83.9124,10.0733],[-83.9108,10.0708],[-83.907,10.0681],[-83.9014,10.0648],[-83.8998,10.0625],[-83.8954,10.0609],[-83.889,10.0542],[-83.8867,10.0494],[-83.8816,10.0446],[-83.8798,10.0413],[-83.8787,10.0374],[-83.8752,10.0345],[-83.8759,10.0321],[-83.8755,10.0276],[-83.8772,10.0231],[-83.877,10.0205],[-83.8755,10.0171],[-83.8725,10.0148],[-83.8704,10.0089],[-83.8672,10.0039],[-83.8673,10.0008],[-83.8685,9.999],[-83.8688,9.9947],[-83.8666,9.9873],[-83.8656,9.9857],[-83.8618,9.9827],[-83.8594,9.9793],[-83.8602,9.9768],[-83.8592,9.9739],[-83.8596,9.9715],[-83.8623,9.9721],[-83.8674,9.971],[-83.8706,9.9659],[-83.8711,9.9631],[-83.8728,9.9595],[-83.8721,9.956],[-83.8724,9.9506],[-83.8752,9.9489],[-83.8779,9.9438],[-83.8802,9.9428],[-83.8829,9.9394],[-83.8832,9.9349],[-83.8847,9.9312],[-83.885,9.9256],[-83.8871,9.9228],[-83.8885,9.9192],[-83.8883,9.9171],[-83.8892,9.9113],[-83.8903,9.9079],[-83.8918,9.9062],[-83.8922,9.9033],[-83.8941,9.8983],[-83.8934,9.8967],[-83.8956,9.8934],[-83.8997,9.891],[-83.9004,9.8894],[-83.9055,9.8852],[-83.9074,9.8847],[-83.9078,9.8826],[-83.9065,9.879],[-83.9068,9.8768],[-83.905,9.8733],[-83.9099,9.8705],[-83.9107,9.8682],[-83.9073,9.8665],[-83.9088,9.8624],[-83.9089,9.8582],[-83.9039,9.8553],[-83.9009,9.8525],[-83.8988,9.8495],[-83.895,9.8481],[-83.8909,9.8427],[-83.887,9.8391],[-83.8868,9.8357],[-83.8836,9.8346],[-83.8726,9.829],[-83.8709,9.8259],[-83.867,9.8213],[-83.8649,9.8177],[-83.8657,9.815],[-83.8649,9.813],[-83.867,9.8094],[-83.8669,9.8074],[-83.8703,9.8088],[-83.8737,9.8064],[-83.8742,9.8029],[-83.8728,9.7976],[-83.8735,9.795],[-83.8749,9.7937],[-83.8728,9.7899],[-83.875,9.7866],[-83.8734,9.7841],[-83.8718,9.7835],[-83.8709,9.7791],[-83.8722,9.7751],[-83.8721,9.7712],[-83.8695,9.7683],[-83.8678,9.768],[-83.7653,9.6042],[-83.7635,9.6031],[-83.7631,9.6006],[-83.7593,9.5966],[-83.7579,9.5922],[-83.7604,9.5891],[-83.7609,9.5871],[-83.7627,9.586],[-83.7637,9.5837],[-83.7625,9.583],[-83.762,9.581],[-83.7591,9.5775],[-83.7587,9.5763],[-83.7578,9.5757],[-83.7577,9.5754],[-83.7571,9.5747],[-83.7575,9.5743],[-83.757,9.5732],[-83.7571,9.5724],[-83.7563,9.5714],[-83.7564,9.5698],[-83.7561,9.5694],[-83.7573,9.567],[-83.7569,9.5664],[-83.757,9.5651],[-83.7561,9.5642],[-83.756,9.5637],[-83.7547,9.5629],[-83.7543,9.5613],[-83.7531,9.56],[-83.7422,9.5583],[-83.7401,9.5597],[-83.7344,9.5605],[-83.7276,9.5596],[-83.7266,9.5587],[-83.7264,9.5582],[-83.7237,9.5559],[-83.7235,9.5554],[-83.7185,9.5511],[-83.7153,9.5538],[-83.7105,9.5556],[-83.7089,9.5582],[-83.707,9.5577],[-83.7037,9.5547],[-83.7036,9.5544],[-83.6981,9.5522],[-83.6957,9.5519],[-83.6938,9.553],[-83.6888,9.5531],[-83.6858,9.5518],[-83.6826,9.5519],[-83.675,9.5578],[-83.6705,9.5597],[-83.6694,9.5618],[-83.666,9.5656],[-83.6641,9.5692],[-83.6642,9.5713],[-83.6643,9.5716],[-83.6618,9.5761],[-83.6598,9.578],[-83.6578,9.5783],[-83.6557,9.5802],[-83.6557,9.582],[-83.6528,9.5841],[-83.651,9.5836],[-83.6465,9.5845],[-83.6419,9.5819],[-83.6377,9.5819],[-83.6375,9.5811],[-83.6343,9.5804],[-83.6341,9.5799],[-83.6314,9.5767],[-83.6293,9.5758],[-83.6295,9.5752],[-83.6293,9.575],[-83.6291,9.5723],[-83.6303,9.5698],[-83.6283,9.5684],[-83.6281,9.5664],[-83.6276,9.5658],[-83.6275,9.5655],[-83.6236,9.563],[-83.6209,9.56],[-83.6207,9.5596],[-83.6205,9.5591],[-83.6204,9.5587],[-83.6175,9.557],[-83.6112,9.5569],[-83.6102,9.5556],[-83.6101,9.5551],[-83.6074,9.5523],[-83.6053,9.5516],[-83.6039,9.5526],[-83.5951,9.5515],[-83.5949,9.5491],[-83.5947,9.5488],[-83.5953,9.5467],[-83.5936,9.5447],[-83.5894,9.5435],[-83.5893,9.543],[-83.5861,9.5419],[-83.586,9.5414],[-83.5793,9.5393],[-83.5756,9.5375],[-83.5756,9.5372],[-83.572,9.5346],[-83.5684,9.5341],[-83.5683,9.5339],[-83.5629,9.5339],[-83.5604,9.5329],[-83.5603,9.5327],[-83.5601,9.5323],[-83.56,9.5319],[-83.5583,9.5323],[-83.5559,9.531],[-83.5522,9.5308],[-83.5496,9.532],[-83.5466,9.5291],[-83.5462,9.5263],[-83.5459,9.5259],[-83.546,9.5249],[-83.5448,9.5244],[-83.5447,9.524],[-83.5443,9.5235],[-83.5442,9.5232],[-83.544,9.5229],[-83.5438,9.5222],[-83.5424,9.5215],[-83.5429,9.5202],[-83.5422,9.5193],[-83.5422,9.5189],[-83.5386,9.5161],[-83.5386,9.5148],[-83.5384,9.5144],[-83.5381,9.5136],[-83.538,9.5134],[-83.5379,9.5132],[-83.5355,9.5121],[-83.5354,9.5119],[-83.5352,9.5116],[-83.535,9.5099],[-83.5287,9.5071],[-83.5249,9.5069],[-83.5193,9.5037],[-83.5127,9.5015],[-83.5122,9.5003],[-83.5121,9.5001],[-83.5119,9.4991],[-83.5092,9.4963],[-83.5061,9.4966],[-83.506,9.4964],[-83.5043,9.4948],[-83.5001,9.4935],[-83.5001,9.4933],[-83.4999,9.4931],[-83.4999,9.4923],[-83.4977,9.4902],[-83.4976,9.4894],[-83.4974,9.4891],[-83.4971,9.4882],[-83.4937,9.4877],[-83.4896,9.4851],[-83.4896,9.485],[-83.4889,9.4846],[-83.4889,9.4843],[-83.4886,9.4841],[-83.4887,9.4837],[-83.4886,9.4836],[-83.4886,9.4816],[-83.4884,9.4815],[-83.4883,9.4811],[-83.4882,9.481],[-83.4881,9.4806],[-83.488,9.4804],[-83.4878,9.4799],[-83.4876,9.4796],[-83.4876,9.4795],[-83.4873,9.479],[-83.4872,9.4787],[-83.4868,9.4781],[-83.4866,9.4765],[-83.4838,9.474],[-83.4844,9.4695],[-83.4836,9.469],[-83.4838,9.4677],[-83.4818,9.4667],[-83.4818,9.4658],[-83.4817,9.4656],[-83.4814,9.4643],[-83.481,9.4637],[-83.4809,9.4636],[-83.4806,9.4634],[-83.4813,9.4611],[-83.4809,9.4606],[-83.4809,9.4604],[-83.4807,9.4601],[-83.4804,9.4575],[-83.4801,9.4572],[-83.4801,9.4569],[-83.4792,9.4561],[-83.4791,9.4528],[-83.4791,9.4527],[-83.479,9.4523],[-83.4789,9.452],[-83.4785,9.4506],[-83.4782,9.4504],[-83.48,9.4461],[-83.4806,9.4422],[-83.4801,9.4416],[-83.4798,9.4395],[-83.4796,9.4391],[-83.4795,9.4369],[-83.4818,9.4325],[-83.4814,9.432],[-83.482,9.4311],[-83.4817,9.4307],[-83.4829,9.4293],[-83.4823,9.4293],[-83.482,9.4279],[-83.4782,9.4254],[-83.4781,9.4251],[-83.4747,9.4227],[-83.4744,9.422],[-83.4744,9.4219],[-83.4743,9.4217],[-83.4742,9.4214],[-83.4725,9.4196],[-83.4724,9.4193],[-83.4723,9.4191],[-83.4722,9.4189],[-83.4721,9.4188],[-83.472,9.4171],[-83.4717,9.4164],[-83.4715,9.414],[-83.471,9.4133],[-83.471,9.4124],[-83.4708,9.4122],[-83.4706,9.4111],[-83.4702,9.4107],[-83.4702,9.4106],[-83.4695,9.4101],[-83.4696,9.4084],[-83.466,9.4064],[-83.4659,9.4053],[-83.4657,9.405],[-83.4655,9.4045],[-83.4654,9.4044],[-83.4653,9.4037],[-83.4651,9.4033],[-83.4649,9.4023],[-83.4645,9.4018],[-83.4643,9.4013],[-83.4642,9.4011],[-83.4641,9.4004],[-83.464,9.4002],[-83.4641,9.3996],[-83.4627,9.3979],[-83.4622,9.3947],[-83.4614,9.3936],[-83.4613,9.391],[-83.4611,9.3907],[-83.4606,9.3894],[-83.4601,9.3887],[-83.4586,9.3841],[-83.4567,9.3817],[-83.4566,9.3816],[-83.4543,9.3792],[-83.4504,9.3778],[-83.4454,9.3771],[-83.4407,9.3777],[-83.4392,9.3765],[-83.4387,9.372],[-83.4347,9.3709],[-83.4317,9.372],[-83.4313,9.3691],[-83.4286,9.3674],[-83.4261,9.3679],[-83.4235,9.3674],[-83.4186,9.3634],[-83.4184,9.3622],[-83.4164,9.3603],[-83.4159,9.3588],[-83.4155,9.358],[-83.4154,9.3573],[-83.4118,9.3566],[-83.409,9.3546],[-83.4089,9.3543],[-83.4057,9.3536],[-83.4059,9.3523],[-83.404,9.3498],[-83.4038,9.3487],[-83.4012,9.3481],[-83.4012,9.3441],[-83.4007,9.3438],[-83.4005,9.3409],[-83.3991,9.3392],[-83.3989,9.3377],[-83.3966,9.338],[-83.3962,9.3403],[-83.3947,9.3424],[-83.3904,9.343],[-83.3861,9.3462],[-83.3825,9.3468],[-83.3785,9.3463],[-83.3757,9.3478],[-83.367,9.3462],[-83.3621,9.3478],[-83.3604,9.3505],[-83.3573,9.3507],[-83.3552,9.3522],[-83.3513,9.3509],[-83.3481,9.3552],[-83.3452,9.3565],[-83.3439,9.3597],[-83.3441,9.36],[-83.3437,9.363],[-83.3444,9.3662],[-83.3472,9.3685],[-83.3458,9.3701],[-83.3437,9.3694],[-83.3396,9.3708],[-83.3382,9.3731],[-83.3344,9.3746],[-83.3339,9.3767],[-83.3343,9.377],[-83.3339,9.3792],[-83.3318,9.3826],[-83.3313,9.381],[-83.3282,9.3813],[-83.3236,9.3841],[-83.3195,9.3842],[-83.3143,9.3831],[-83.3111,9.3808],[-83.3109,9.3804],[-83.3069,9.3762],[-83.3027,9.3745],[-83.3026,9.3741],[-83.3011,9.3726],[-83.301,9.3715],[-83.3006,9.371],[-83.3002,9.3695],[-83.298,9.3675],[-83.2979,9.3671],[-83.2917,9.3638],[-83.2905,9.3623],[-83.2896,9.3577],[-83.2873,9.3551],[-83.2797,9.3565],[-83.2761,9.3541],[-83.2726,9.3528],[-83.2721,9.3516],[-83.2711,9.3505],[-83.2705,9.3489],[-83.2675,9.347],[-83.2622,9.3458],[-83.2621,9.3454],[-83.26,9.3432],[-83.2598,9.3423],[-83.2548,9.3408],[-83.2497,9.3411],[-83.2496,9.3409],[-83.2453,9.3395],[-83.2431,9.3398],[-83.2394,9.3375],[-83.2392,9.3359],[-83.2371,9.3341],[-83.237,9.3333],[-83.2369,9.3331],[-83.236,9.3289],[-83.2318,9.3277],[-83.2317,9.3275],[-83.2286,9.3268],[-83.228,9.3242],[-83.2259,9.3225],[-83.2258,9.322],[-83.2247,9.3212],[-83.2246,9.3209],[-83.2203,9.3201],[-83.2107,9.3215],[-83.2051,9.321],[-83.2021,9.3226],[-83.1979,9.3235],[-83.1923,9.3238],[-83.1907,9.323],[-83.1906,9.3228],[-83.188,9.3224],[-83.1855,9.3244],[-83.1803,9.3258],[-83.1792,9.3266],[-83.1788,9.3269],[-83.1785,9.3269],[-83.1769,9.3261],[-83.1756,9.3246],[-83.1754,9.3242],[-83.1742,9.3236],[-83.1741,9.3231],[-83.1729,9.3223],[-83.1729,9.3219],[-83.1694,9.3203],[-83.1692,9.3197],[-83.1683,9.3189],[-83.1682,9.3182],[-83.1677,9.3177],[-83.1677,9.3166],[-83.1675,9.3164],[-83.1674,9.3153],[-83.1668,9.3149],[-83.1666,9.3136],[-83.1664,9.3133],[-83.1662,9.3126],[-83.1659,9.3124],[-83.1659,9.3121],[-83.1656,9.3115],[-83.1656,9.3081],[-83.164,9.308],[-83.1639,9.3071],[-83.1604,9.306],[-83.1602,9.3054],[-83.1596,9.3046],[-83.1595,9.3041],[-83.1586,9.3032],[-83.1584,9.3026],[-83.1582,9.3024],[-83.1578,9.3007],[-83.1575,9.3004],[-83.1573,9.2999],[-83.1543,9.2995],[-83.1542,9.2993],[-83.154,9.2989],[-83.1538,9.2984],[-83.1525,9.2978],[-83.1528,9.2971],[-83.1525,9.2968],[-83.1519,9.2951],[-83.1447,9.2927],[-83.1459,9.29],[-83.1433,9.2889],[-83.1431,9.2885],[-83.1421,9.2874],[-83.142,9.287],[-83.1408,9.2863],[-83.1406,9.2856],[-83.1364,9.2836],[-83.1363,9.2835],[-83.1345,9.2822],[-83.1346,9.2764],[-83.1297,9.2757],[-83.1273,9.2765],[-83.1256,9.2757],[-83.1212,9.2758],[-83.119,9.2748],[-83.1159,9.2748],[-83.1158,9.2743],[-83.1155,9.2738],[-83.1154,9.2736],[-83.1132,9.2722],[-83.1124,9.2688],[-83.1099,9.2657],[-83.1097,9.2653],[-83.1031,9.2636],[-83.1029,9.2631],[-83.1022,9.2627],[-83.1026,9.2594],[-83.0963,9.2556],[-83.0962,9.2554],[-83.0922,9.2539],[-83.0903,9.2548],[-83.0837,9.2558],[-83.0792,9.253],[-83.0757,9.2515],[-83.0756,9.2512],[-83.0733,9.2503],[-83.0729,9.2463],[-83.0727,9.246],[-83.0726,9.2457],[-83.0722,9.2453],[-83.072,9.2447],[-83.0716,9.2443],[-83.0716,9.2427],[-83.0736,9.2384],[-83.0732,9.2379],[-83.0738,9.237],[-83.0775,9.2366],[-83.08,9.2337],[-83.079,9.2328],[-83.0791,9.2286],[-83.0761,9.2259],[-83.0765,9.2199],[-83.0762,9.2197],[-83.0757,9.2184],[-83.0755,9.2181],[-83.0753,9.2174],[-83.0724,9.2166],[-83.0723,9.2145],[-83.0717,9.214],[-83.0716,9.2133],[-83.0667,9.2102],[-83.0667,9.2092],[-83.0655,9.2084],[-83.0654,9.2081],[-83.0645,9.2068],[-83.0641,9.2051],[-83.0605,9.2027],[-83.0574,9.2024],[-83.0567,9.1995],[-83.0573,9.1979],[-83.0559,9.1967],[-83.0603,9.1923],[-83.0665,9.1903],[-83.0668,9.1869],[-83.0683,9.184],[-83.0676,9.183],[-83.0674,9.1825],[-83.0656,9.1814],[-83.0657,9.1781],[-83.0634,9.176],[-83.0632,9.1753],[-83.0629,9.1749],[-83.0626,9.1743],[-83.0624,9.1739],[-83.0622,9.1736],[-83.061,9.1725],[-83.061,9.1719],[-83.0586,9.1708],[-83.0586,9.169],[-83.0554,9.1677],[-83.0468,9.162],[-83.0467,9.1604],[-83.0438,9.1601],[-83.0411,9.161],[-83.0382,9.1601],[-83.0349,9.162],[-83.0303,9.1613],[-83.0282,9.1598],[-83.0219,9.1593],[-83.0191,9.158],[-83.0157,9.1578],[-83.0135,9.1567],[-83.0085,9.1567],[-83.0036,9.1554],[-83.0001,9.1565],[-82.9969,9.1584],[-82.9952,9.1566],[-82.9948,9.1557],[-82.9917,9.1552],[-82.9914,9.1548],[-82.9942,9.1473],[-82.9958,9.1449],[-82.9953,9.1433],[-82.9946,9.1426],[-82.9937,9.1396],[-82.9926,9.1386],[-82.993,9.1352],[-82.996,9.1271],[-82.9917,9.1251],[-82.9897,9.1248],[-82.9873,9.1231],[-82.987,9.1218],[-82.989,9.12],[-82.9897,9.1168],[-82.9811,9.1129],[-82.9809,9.112],[-82.9805,9.1114],[-82.9817,9.1067],[-82.9807,9.1042],[-82.9796,9.1032],[-82.9811,9.1006],[-82.9804,9.0981],[-82.9778,9.097],[-82.9773,9.0941],[-82.9739,9.0949],[-82.9699,9.0967],[-82.9662,9.094],[-82.964,9.0944],[-82.9618,9.093],[-82.9615,9.0921],[-82.9578,9.09],[-82.955,9.0918],[-82.9512,9.0912],[-82.9499,9.0897],[-82.9482,9.0844],[-82.9479,9.084],[-82.9478,9.0825],[-82.9461,9.0827],[-82.9439,9.081],[-82.9428,9.0767]]]}},{"type":"Feature","properties":{"id":"valle_central","name":"Valle Central","area_ha":265069},"geometry":{"type":"Polygon","coordinates":[[[-84.1612,10.4137],[-84.1626,10.4135],[-84.1651,10.4095],[-84.1668,10.4101],[-84.168,10.4062],[-84.1699,10.4047],[-84.1707,10.4012],[-84.175,10.397],[-84.1764,10.3937],[-84.1758,10.3907],[-84.1787,10.3878],[-84.1779,10.3825],[-84.18,10.3799],[-84.1793,10.3772],[-84.1813,10.375],[-84.1808,10.373],[-84.1828,10.371],[-84.1818,10.3693],[-84.1833,10.3674],[-84.1834,10.3629],[-84.1808,10.3566],[-84.1811,10.3539],[-84.1853,10.3493],[-84.1863,10.3472],[-84.1865,10.3435],[-84.1852,10.3422],[-84.1857,10.3388],[-84.1891,10.3354],[-84.1895,10.3328],[-84.1924,10.3308],[-84.193,10.3288],[-84.1952,10.3262],[-84.1952,10.3223],[-84.1941,10.3184],[-84.1981,10.3105],[-84.1979,10.3077],[-84.1957,10.3044],[-84.1932,10.3029],[-84.1929,10.2987],[-84.1945,10.2969],[-84.1985,10.2949],[-84.2006,10.2924],[-84.2024,10.2916],[-84.2045,10.2869],[-84.2025,10.2863],[-84.1997,10.2832],[-84.2008,10.2812],[-84.2001,10.2796],[-84.2019,10.2756],[-84.2051,10.2733],[-84.2063,10.2709],[-84.2106,10.2676],[-84.212,10.2629],[-84.2119,10.2598],[-84.2127,10.2572],[-84.2148,10.2541],[-84.2153,10.2517],[-84.2187,10.2492],[-84.2247,10.2469],[-84.231,10.247],[-84.242,10.2419],[-84.2414,10.2356],[-84.2378,10.2308],[-84.2373,10.2287],[-84.2324,10.2228],[-84.2319,10.2207],[-84.2285,10.2142],[-84.2263,10.2119],[-84.2268,10.2081],[-84.2307,10.1981],[-84.239,10.1857],[-84.2365,10.1851],[-84.2379,10.1815],[-84.2376,10.1763],[-84.2368,10.174],[-84.2321,10.1706],[-84.2303,10.1665],[-84.2313,10.1627],[-84.2331,10.1613],[-84.2355,10.161],[-84.2373,10.1591],[-84.2374,10.1572],[-84.2398,10.1534],[-84.241,10.1483],[-84.2429,10.1445],[-84.243,10.1355],[-84.2457,10.1339],[-84.25,10.1298],[-84.2509,10.1269],[-84.2502,10.1251],[-84.2509,10.1227],[-84.2552,10.1211],[-84.2576,10.1166],[-84.2636,10.1114],[-84.2695,10.1049],[-84.2719,10.1004],[-84.2706,10.0934],[-84.2733,10.0832],[-84.2717,10.0814],[-84.2729,10.0793],[-84.2713,10.0777],[-84.271,10.0736],[-84.2727,10.0699],[-84.2738,10.063],[-84.2751,10.0624],[-84.2755,10.0599],[-84.2784,10.0549],[-84.2776,10.0489],[-84.2797,10.0459],[-84.2804,10.0406],[-84.282,10.0393],[-84.2847,10.0388],[-84.2883,10.033],[-84.2891,10.0286],[-84.2918,10.0261],[-84.2941,10.0255],[-84.2963,10.021],[-84.299,10.0186],[-84.2998,10.0152],[-84.3035,10.0125],[-84.3098,10.0057],[-84.3109,10.0015],[-84.3105,9.9987],[-84.3207,9.9962],[-84.3222,9.995],[-84.3245,9.9977],[-84.3269,9.9962],[-84.3297,9.9968],[-84.3327,10.0012],[-84.337,10.002],[-84.3387,10.0012],[-84.34,9.998],[-84.3396,9.9961],[-84.3421,9.9929],[-84.3414,9.9912],[-84.3415,9.9863],[-84.3442,9.9855],[-84.3422,9.9835],[-84.3444,9.9799],[-84.3448,9.9779],[-84.3474,9.9743],[-84.35,9.9739],[-84.3523,9.9712],[-84.3493,9.9697],[-84.3505,9.968],[-84.3487,9.9667],[-84.3491,9.9627],[-84.3534,9.9578],[-84.3535,9.9544],[-84.3561,9.9535],[-84.3526,9.9493],[-84.3528,9.9478],[-84.3554,9.9474],[-84.3558,9.9451],[-84.3527,9.9445],[-84.3531,9.9416],[-84.3572,9.9375],[-84.3588,9.9349],[-84.363,9.9324],[-84.3656,9.9331],[-84.3674,9.932],[-84.3679,9.9299],[-84.3705,9.9287],[-84.3721,9.9266],[-84.3743,9.927],[-84.3807,9.9295],[-84.3828,9.9335],[-84.3851,9.932],[-84.3895,9.9362],[-84.3939,9.9361],[-84.3946,9.9343],[-84.3937,9.9311],[-84.3949,9.9305],[-84.3995,9.9314],[-84.4065,9.927],[-84.4098,9.9285],[-84.4136,9.9279],[-84.4127,9.9247],[-84.4171,9.9214],[-84.4217,9.9205],[-84.4241,9.9256],[-84.4299,9.9226],[-84.4321,9.9226],[-84.4349,9.9213],[-84.4383,9.9215],[-84.4387,9.9233],[-84.4407,9.924],[-84.4428,9.9222],[-84.446,9.9225],[-84.4501,9.9221],[-84.4535,9.9228],[-84.4559,9.921],[-84.4614,9.9228],[-84.463,9.9241],[-84.4653,9.9224],[-84.4676,9.9168],[-84.4691,9.9157],[-84.4723,9.9163],[-84.4766,9.9153],[-84.4806,9.9116],[-84.483,9.9105],[-84.494,9.9072],[-84.4966,9.9082],[-84.4977,9.9112],[-84.4996,9.9098],[-84.4998,9.9066],[-84.5015,9.9005],[-84.5047,9.8927],[-84.5061,9.8902],[-84.5084,9.8883],[-84.5098,9.8926],[-84.5133,9.893],[-84.5158,9.8905],[-84.5189,9.8863],[-84.5255,9.885],[-84.5265,9.8836],[-84.5265,9.881],[-84.5294,9.8769],[-84.5319,9.8783],[-84.5344,9.878],[-84.5352,9.8766],[-84.5337,9.8731],[-84.5359,9.8724],[-84.539,9.8741],[-84.5408,9.8762],[-84.5436,9.8737],[-84.5431,9.8711],[-84.5398,9.8649],[-84.5375,9.8631],[-84.5388,9.8613],[-84.5405,9.8614],[-84.5452,9.8632],[-84.5494,9.8623],[-84.5466,9.8581],[-84.5475,9.8544],[-84.5468,9.8504],[-84.5483,9.8476],[-84.5522,9.8494],[-84.5557,9.8499],[-84.5563,9.8469],[-84.559,9.8437],[-84.5629,9.8427],[-84.5632,9.8386],[-84.5603,9.8377],[-84.5585,9.8355],[-84.5603,9.8324],[-84.5661,9.8291],[-84.5678,9.8269],[-84.5695,9.8275],[-84.5709,9.8302],[-84.5766,9.8269],[-84.581,9.8257],[-84.5822,9.8246],[-84.583,9.8189],[-84.5828,9.8155],[-84.5815,9.8132],[-84.5795,9.8117],[-84.5794,9.8101],[-84.5769,9.8088],[-84.5743,9.8107],[-84.5721,9.8094],[-84.5696,9.811],[-84.5665,9.8095],[-84.5681,9.8067],[-84.5657,9.8029],[-84.5639,9.7981],[-84.5605,9.7932],[-84.5621,9.7903],[-84.5583,9.7899],[-84.5573,9.788],[-84.5586,9.7869],[-84.5583,9.7839],[-84.5564,9.7825],[-84.5508,9.7807],[-84.5491,9.7781],[-84.5473,9.78],[-84.5414,9.7819],[-84.5412,9.78],[-84.5387,9.7772],[-84.5442,9.7712],[-84.5452,9.769],[-84.5494,9.7654],[-84.5502,9.761],[-84.552,9.7588],[-84.5524,9.7566],[-84.5545,9.7559],[-84.5661,9.7589],[-84.5657,9.7513],[-84.5672,9.746],[-84.5691,9.7427],[-84.5736,9.738],[-84.5775,9.7413],[-84.5823,9.7416],[-84.5853,9.7412],[-84.5864,9.7431],[-84.5885,9.7428],[-84.5907,9.7441],[-84.5922,9.742],[-84.5924,9.736],[-84.5903,9.7312],[-84.5906,9.7267],[-84.5894,9.7213],[-84.5867,9.718],[-84.5866,9.7154],[-84.5842,9.7115],[-84.583,9.7059],[-84.5848,9.7004],[-84.5845,9.6912],[-84.5828,9.6901],[-84.5833,9.6857],[-84.5843,9.6834],[-84.5834,9.6818],[-84.5834,9.6786],[-84.5809,9.6739],[-84.5802,9.6712],[-84.5809,9.6666],[-84.5786,9.6633],[-84.5774,9.6605],[-84.5725,9.6545],[-84.5737,9.6512],[-84.5718,9.6438],[-84.5689,9.6419],[-84.5683,9.6391],[-84.566,9.6369],[-84.5655,9.6334],[-84.5639,9.6317],[-84.564,9.6278],[-84.5604,9.6252],[-84.5578,9.6259],[-84.5552,9.6248],[-84.5546,9.6226],[-84.5508,9.6191],[-84.5496,9.6104],[-84.5505,9.6062],[-84.5518,9.6044],[-84.5508,9.5985],[-84.5493,9.5969],[-84.5503,9.5941],[-84.5484,9.5912],[-84.5469,9.5905],[-84.5471,9.5879],[-84.5442,9.5862],[-84.5436,9.5847],[-84.5401,9.5852],[-84.5389,9.5862],[-84.5366,9.5824],[-84.5334,9.5806],[-84.5325,9.5792],[-84.5303,9.5792],[-84.529,9.5757],[-84.5253,9.573],[-84.5235,9.5741],[-84.5194,9.5723],[-84.512,9.5731],[-84.5063,9.5711],[-84.5037,9.5733],[-84.4995,9.5727],[-84.4945,9.57],[-84.4899,9.5725],[-84.4854,9.5698],[-84.4838,9.5707],[-84.4839,9.5755],[-84.4805,9.5766],[-84.4784,9.5732],[-84.4747,9.5747],[-84.4726,9.5729],[-84.4709,9.5758],[-84.4651,9.5732],[-84.4642,9.5701],[-84.4625,9.5714],[-84.463,9.575],[-84.4614,9.5777],[-84.4589,9.5796],[-84.4577,9.5823],[-84.4554,9.5805],[-84.4543,9.5777],[-84.4523,9.578],[-84.4494,9.5757],[-84.4457,9.5777],[-84.4448,9.5752],[-84.4417,9.5756],[-84.4423,9.5732],[-84.4398,9.5723],[-84.4396,9.5688],[-84.4364,9.5679],[-84.4384,9.5658],[-84.4347,9.5641],[-84.4369,9.5625],[-84.4299,9.5573],[-84.4286,9.5587],[-84.4248,9.5589],[-84.4272,9.5615],[-84.4284,9.5641],[-84.4239,9.5645],[-84.4231,9.5674],[-84.4193,9.5695],[-84.4179,9.5722],[-84.415,9.5724],[-84.413,9.5757],[-84.4147,9.5768],[-84.4142,9.5786],[-84.4156,9.5803],[-84.4151,9.5825],[-84.4126,9.5838],[-84.4102,9.5834],[-84.4083,9.5813],[-84.4054,9.5815],[-84.4045,9.5834],[-84.4016,9.5831],[-84.4025,9.5874],[-84.4014,9.5894],[-84.3987,9.5899],[-84.3993,9.592],[-84.3977,9.5943],[-84.397,9.5971],[-84.3942,9.5972],[-84.3919,9.6006],[-84.3931,9.6015],[-84.3958,9.6071],[-84.398,9.6096],[-84.3982,9.6165],[-84.3951,9.619],[-84.3942,9.6209],[-84.397,9.6244],[-84.3976,9.6274],[-84.3967,9.6327],[-84.3985,9.6349],[-84.3963,9.6371],[-84.3877,9.6388],[-84.3835,9.6344],[-84.3784,9.635],[-84.3771,9.6374],[-84.3755,9.6358],[-84.3726,9.6348],[-84.3686,9.635],[-84.3668,9.632],[-84.3625,9.6317],[-84.3606,9.6337],[-84.3617,9.6375],[-84.3594,9.6372],[-84.3571,9.6387],[-84.3533,9.6382],[-84.352,9.6393],[-84.35,9.6381],[-84.3471,9.6326],[-84.3453,9.6317],[-84.3393,9.6342],[-84.3371,9.6347],[-84.3371,9.6378],[-84.3357,9.6405],[-84.3305,9.6398],[-84.3294,9.6382],[-84.3235,9.6361],[-84.3195,9.6374],[-84.3161,9.6415],[-84.3126,9.6429],[-84.3098,9.6414],[-84.3048,9.6436],[-84.3054,9.6471],[-84.3054,9.6545],[-84.3045,9.6592],[-84.2998,9.6628],[-84.2998,9.6652],[-84.3016,9.6678],[-84.3011,9.6698],[-84.2979,9.6686],[-84.2972,9.6705],[-84.3027,9.679],[-84.3037,9.6817],[-84.3068,9.6836],[-84.3073,9.6883],[-84.3089,9.6927],[-84.3092,9.6973],[-84.3118,9.6993],[-84.3161,9.7008],[-84.3183,9.704],[-84.3201,9.7044],[-84.3231,9.7032],[-84.3225,9.707],[-84.3265,9.7091],[-84.3295,9.7121],[-84.3281,9.7139],[-84.331,9.7168],[-84.33,9.7193],[-84.331,9.7218],[-84.3325,9.7223],[-84.3331,9.725],[-84.3319,9.7277],[-84.3337,9.7295],[-84.3386,9.7368],[-84.3391,9.7397],[-84.3418,9.7406],[-84.3412,9.7446],[-84.3412,9.7483],[-84.3378,9.75],[-84.3401,9.753],[-84.3366,9.7547],[-84.3375,9.7575],[-84.3333,9.7645],[-84.3289,9.7649],[-84.3265,9.766],[-84.3268,9.7681],[-84.3232,9.7703],[-84.3232,9.7735],[-84.3211,9.7763],[-84.3189,9.7779],[-84.3141,9.7787],[-84.3111,9.7782],[-84.3097,9.7802],[-84.3038,9.7786],[-84.302,9.7774],[-84.2998,9.7781],[-84.2939,9.7778],[-84.291,9.7785],[-84.2866,9.7781],[-84.28,9.7806],[-84.2769,9.7805],[-84.2743,9.7821],[-84.274,9.7876],[-84.2701,9.7869],[-84.2698,9.7912],[-84.268,9.7926],[-84.2685,9.7945],[-84.2671,9.7964],[-84.2676,9.8038],[-84.2634,9.8089],[-84.2586,9.8107],[-84.2564,9.8101],[-84.2524,9.8113],[-84.2443,9.8106],[-84.2409,9.8116],[-84.2373,9.809],[-84.2325,9.8089],[-84.2316,9.8102],[-84.2281,9.8112],[-84.2247,9.8108],[-84.2235,9.8133],[-84.2211,9.8155],[-84.2222,9.8183],[-84.2212,9.8206],[-84.2229,9.8237],[-84.2225,9.827],[-84.2238,9.831],[-84.2235,9.8331],[-84.2211,9.8352],[-84.2198,9.8418],[-84.2181,9.8398],[-84.215,9.839],[-84.2158,9.8441],[-84.2125,9.8431],[-84.2113,9.8412],[-84.2029,9.8405],[-84.201,9.8413],[-84.1979,9.8395],[-84.193,9.8397],[-84.1869,9.8438],[-84.1797,9.8496],[-84.1766,9.8537],[-84.1742,9.8547],[-84.1713,9.8577],[-84.1696,9.858],[-84.1669,9.8605],[-84.1633,9.8615],[-84.1569,9.8612],[-84.1538,9.8587],[-84.152,9.8587],[-84.1511,9.8568],[-84.1447,9.8569],[-84.1421,9.8542],[-84.138,9.8478],[-84.1355,9.8474],[-84.1342,9.8491],[-84.1344,9.8515],[-84.1312,9.8556],[-84.1227,9.861],[-84.1211,9.8649],[-84.1187,9.8658],[-84.116,9.8704],[-84.1104,9.8734],[-84.1082,9.8734],[-84.1041,9.8751],[-84.0936,9.882],[-84.0915,9.8837],[-84.0882,9.8842],[-84.0874,9.8853],[-84.0842,9.8858],[-84.0841,9.8888],[-84.0862,9.8908],[-84.0864,9.8942],[-84.0879,9.8945],[-84.0892,9.8967],[-84.092,9.8982],[-84.0883,9.9024],[-84.0869,9.9015],[-84.0843,9.9036],[-84.078,9.9041],[-84.0778,9.9062],[-84.0746,9.9069],[-84.074,9.9082],[-84.0708,9.908],[-84.0675,9.9062],[-84.0671,9.9044],[-84.0598,9.9018],[-84.0556,9.901],[-84.0548,9.9027],[-84.0511,9.9005],[-84.0484,9.9018],[-84.0472,9.9041],[-84.0455,9.9031],[-84.0398,9.9023],[-84.0358,9.9003],[-84.0331,9.9003],[-84.0297,9.8972],[-84.0324,9.8959],[-84.0341,9.8938],[-84.0382,9.8961],[-84.0404,9.8957],[-84.0373,9.8888],[-84.0346,9.8871],[-84.0322,9.8838],[-84.0284,9.8829],[-84.0216,9.8843],[-84.0152,9.882],[-84.0129,9.8822],[-84.0093,9.8809],[-84.0066,9.8781],[-84.0022,9.8768],[-83.997,9.8762],[-83.9947,9.88],[-83.9839,9.8836],[-83.9795,9.8841],[-83.9785,9.8829],[-83.9755,9.8823],[-83.972,9.8844],[-83.9707,9.8895],[-83.9665,9.8891],[-83.9614,9.8937],[-83.9635,9.8947],[-83.9625,9.8987],[-83.9607,9.897],[-83.9587,9.8976],[-83.9592,9.9007],[-83.9558,9.9014],[-83.9545,9.903],[-83.9545,9.9153],[-83.9548,9.9174],[-83.9582,9.9205],[-83.9574,9.9222],[-83.9577,9.9289],[-83.9558,9.9306],[-83.9526,9.9309],[-83.9497,9.9337],[-83.948,9.9389],[-83.9521,9.9405],[-83.9541,9.9402],[-83.9566,9.9495],[-83.9543,9.9525],[-83.9502,9.9541],[-83.9492,9.9529],[-83.9435,9.9553],[-83.9412,9.9568],[-83.9375,9.9576],[-83.9368,9.9552],[-83.9324,9.9531],[-83.9303,9.9516],[-83.9207,9.9516],[-83.915,9.9547],[-83.9144,9.9567],[-83.9116,9.9599],[-83.9063,9.9611],[-83.9035,9.9663],[-83.8974,9.9688],[-83.8906,9.9679],[-83.8871,9.9697],[-83.8821,9.9709],[-83.8787,9.971],[-83.872,9.9694],[-83.8697,9.9709],[-83.8674,9.971],[-83.8623,9.9721],[-83.8596,9.9715],[-83.8592,9.9739],[-83.8602,9.9768],[-83.8594,9.9793],[-83.8618,9.9827],[-83.8656,9.9857],[-83.8666,9.9873],[-83.8688,9.9947],[-83.8685,9.999],[-83.8673,10.0008],[-83.8672,10.0039],[-83.8704,10.0089],[-83.8725,10.0148],[-83.8755,10.0171],[-83.877,10.0205],[-83.8772,10.0231],[-83.8755,10.0276],[-83.8759,10.0321],[-83.8752,10.0345],[-83.8787,10.0374],[-83.8798,10.0413],[-83.8816,10.0446],[-83.8867,10.0494],[-83.889,10.0542],[-83.8954,10.0609],[-83.8998,10.0625],[-83.9014,10.0648],[-83.907,10.0681],[-83.9108,10.0708],[-83.9124,10.0733],[-83.9169,10.0745],[-83.9186,10.077],[-83.9204,10.0757],[-83.9224,10.0768],[-83.923,10.0786],[-83.9262,10.0792],[-83.9317,10.0837],[-83.9314,10.0857],[-83.932,10.0897],[-83.9316,10.0927],[-83.9329,10.0963],[-83.9325,10.0982],[-83.9343,10.1003],[-83.9356,10.1033],[-83.9372,10.1104],[-83.9365,10.1141],[-83.9379,10.1179],[-83.9374,10.1201],[-83.9386,10.125],[-83.9418,10.13],[-83.9418,10.1326],[-83.9443,10.1372],[-83.945,10.1415],[-83.946,10.1423],[-83.9473,10.146],[-83.9473,10.1482],[-83.9459,10.1511],[-83.9455,10.1568],[-83.9415,10.1635],[-83.935,10.1778],[-83.9351,10.1802],[-83.9336,10.1856],[-83.9299,10.1896],[-83.9248,10.1943],[-83.918,10.1977],[-83.9132,10.2021],[-83.9127,10.2031],[-83.9206,10.1987],[-83.9241,10.1981],[-83.9288,10.1987],[-83.9344,10.2001],[-83.9387,10.1993],[-83.9426,10.2009],[-83.9465,10.2002],[-83.9495,10.2006],[-83.9531,10.1991],[-83.9537,10.1963],[-83.9566,10.195],[-83.9595,10.1946],[-83.9654,10.1914],[-83.9695,10.1881],[-83.9762,10.1868],[-83.9788,10.1876],[-83.9834,10.1865],[-83.9857,10.188],[-83.9924,10.1879],[-83.9943,10.1892],[-83.9959,10.1887],[-84.0004,10.1906],[-84.0035,10.1901],[-84.0054,10.1885],[-84.0082,10.1886],[-84.0128,10.187],[-84.0186,10.1869],[-84.0223,10.185],[-84.0254,10.1855],[-84.028,10.1848],[-84.0299,10.1856],[-84.0321,10.1832],[-84.0345,10.1825],[-84.0371,10.1833],[-84.0391,10.1862],[-84.0432,10.1948],[-84.0432,10.1968],[-84.0452,10.1984],[-84.0485,10.1985],[-84.0523,10.1996],[-84.0576,10.2042],[-84.0585,10.2082],[-84.0612,10.2056],[-84.0631,10.2063],[-84.0647,10.2052],[-84.069,10.2057],[-84.0734,10.2056],[-84.0749,10.2025],[-84.0779,10.2014],[-84.0793,10.2021],[-84.081,10.198],[-84.0838,10.1977],[-84.0845,10.1948],[-84.0875,10.1929],[-84.0907,10.1917],[-84.0962,10.1916],[-84.1011,10.1993],[-84.1045,10.2002],[-84.1037,10.2104],[-84.1037,10.2141],[-84.1044,10.2164],[-84.104,10.2191],[-84.1023,10.2205],[-84.1031,10.2246],[-84.105,10.2265],[-84.1046,10.2298],[-84.1056,10.2319],[-84.1047,10.2344],[-84.1069,10.2353],[-84.1074,10.2376],[-84.1094,10.2397],[-84.11,10.2421],[-84.1086,10.2431],[-84.1095,10.2461],[-84.1079,10.2495],[-84.1094,10.2512],[-84.1124,10.2525],[-84.1125,10.2568],[-84.114,10.2616],[-84.1172,10.2614],[-84.1205,10.2627],[-84.1224,10.2662],[-84.1253,10.2655],[-84.1291,10.2696],[-84.1309,10.2697],[-84.1319,10.2718],[-84.1346,10.2729],[-84.1367,10.2759],[-84.1408,10.2784],[-84.1446,10.2833],[-84.1449,10.2858],[-84.1466,10.2862],[-84.1505,10.2896],[-84.1563,10.2906],[-84.1559,10.2921],[-84.1585,10.2971],[-84.1605,10.2957],[-84.1613,10.2985],[-84.1612,10.4137]]]}},{"type":"Feature","properties":{"id":"valle_occidental","name":"Valle Occidental","area_ha":259163},"geometry":{"type":"Polygon","coordinates":[[[-84.1612,10.4137],[-84.1612,10.44],[-84.1612,10.5753],[-84.1628,10.575],[-84.1661,10.5724],[-84.1721,10.5736],[-84.1727,10.5773],[-84.1756,10.5763],[-84.1765,10.5742],[-84.1797,10.5727],[-84.1825,10.5668],[-84.1854,10.5665],[-84.1869,10.5647],[-84.1876,10.5621],[-84.1921,10.5619],[-84.1936,10.5594],[-84.1956,10.5579],[-84.2025,10.5574],[-84.2047,10.5532],[-84.2035,10.5495],[-84.2052,10.5469],[-84.2055,10.5448],[-84.2086,10.5427],[-84.21,10.5405],[-84.2101,10.5365],[-84.2122,10.536],[-84.2117,10.5322],[-84.2126,10.5295],[-84.2149,10.5272],[-84.2112,10.5267],[-84.2098,10.5238],[-84.2139,10.5189],[-84.2165,10.5168],[-84.2176,10.5143],[-84.221,10.5124],[-84.2225,10.5074],[-84.226,10.5076],[-84.2275,10.5042],[-84.2304,10.5046],[-84.2301,10.5001],[-84.2332,10.4983],[-84.2312,10.4963],[-84.233,10.4939],[-84.2309,10.4879],[-84.2335,10.4821],[-84.2337,10.4787],[-84.2362,10.4751],[-84.236,10.4733],[-84.2376,10.4716],[-84.2363,10.4693],[-84.2397,10.465],[-84.2403,10.4617],[-84.2421,10.4562],[-84.2409,10.4545],[-84.2415,10.4525],[-84.2435,10.4507],[-84.2465,10.4495],[-84.2491,10.442],[-84.2531,10.4407],[-84.2544,10.4383],[-84.2544,10.4327],[-84.2583,10.4253],[-84.2571,10.4216],[-84.2603,10.4201],[-84.261,10.4183],[-84.2576,10.4151],[-84.2566,10.4129],[-84.2573,10.4108],[-84.2571,10.4064],[-84.2589,10.402],[-84.2571,10.3941],[-84.2554,10.392],[-84.2556,10.3905],[-84.2531,10.3867],[-84.2534,10.3825],[-84.2497,10.3764],[-84.2523,10.3746],[-84.2498,10.3732],[-84.2501,10.3709],[-84.249,10.3663],[-84.2463,10.3627],[-84.2451,10.3597],[-84.2464,10.3577],[-84.2449,10.3547],[-84.2426,10.3543],[-84.2446,10.3496],[-84.2445,10.3475],[-84.2465,10.3421],[-84.2481,10.3411],[-84.2477,10.3366],[-84.2452,10.333],[-84.2416,10.3324],[-84.2404,10.3298],[-84.244,10.3277],[-84.246,10.3241],[-84.2434,10.3202],[-84.2448,10.3178],[-84.2478,10.3162],[-84.248,10.3134],[-84.253,10.3046],[-84.2566,10.3019],[-84.2576,10.2987],[-84.2568,10.2961],[-84.2578,10.2936],[-84.2565,10.2918],[-84.26,10.2849],[-84.2619,10.2837],[-84.2617,10.2819],[-84.2655,10.2751],[-84.2656,10.2732],[-84.2692,10.2702],[-84.2705,10.268],[-84.2735,10.2658],[-84.2768,10.265],[-84.281,10.2631],[-84.2819,10.2619],[-84.286,10.2617],[-84.2888,10.2603],[-84.2932,10.2602],[-84.2958,10.2618],[-84.3006,10.262],[-84.3027,10.2614],[-84.3051,10.2619],[-84.312,10.2606],[-84.3143,10.2588],[-84.3181,10.2568],[-84.3213,10.2571],[-84.3254,10.261],[-84.3293,10.2606],[-84.3327,10.2633],[-84.3345,10.2589],[-84.3361,10.2582],[-84.3394,10.2588],[-84.3434,10.257],[-84.3437,10.2543],[-84.3455,10.2522],[-84.3479,10.252],[-84.3498,10.2485],[-84.3518,10.2465],[-84.3551,10.2466],[-84.357,10.2476],[-84.3581,10.2542],[-84.3604,10.2563],[-84.3687,10.2546],[-84.3708,10.2526],[-84.3737,10.2521],[-84.3755,10.2536],[-84.3797,10.252],[-84.3821,10.2541],[-84.3831,10.2576],[-84.3866,10.2583],[-84.3871,10.2598],[-84.3912,10.2592],[-84.3917,10.2605],[-84.3969,10.2601],[-84.3983,10.2609],[-84.4001,10.2596],[-84.4013,10.263],[-84.4031,10.262],[-84.4053,10.2628],[-84.4096,10.2632],[-84.4128,10.2624],[-84.4155,10.2643],[-84.4214,10.264],[-84.4232,10.2657],[-84.4265,10.2658],[-84.4277,10.2684],[-84.433,10.2706],[-84.4477,10.2667],[-84.5174,10.2494],[-84.5188,10.255],[-84.5179,10.2564],[-84.5192,10.2605],[-84.5175,10.2638],[-84.5174,10.2682],[-84.5185,10.2738],[-84.5208,10.2759],[-84.5218,10.278],[-84.5211,10.2807],[-84.5226,10.2839],[-84.5221,10.2872],[-84.5233,10.2897],[-84.5237,10.2936],[-84.5248,10.2945],[-84.5245,10.2993],[-84.5256,10.3013],[-84.5242,10.3061],[-84.5237,10.3097],[-84.5247,10.314],[-84.523,10.3191],[-84.5233,10.3234],[-84.5223,10.3254],[-84.5216,10.3306],[-84.52,10.3333],[-84.5206,10.3371],[-84.5195,10.3451],[-84.5203,10.3485],[-84.5189,10.3526],[-84.5184,10.3581],[-84.5211,10.3605],[-84.5228,10.3656],[-84.5262,10.3659],[-84.528,10.3695],[-84.5288,10.374],[-84.5319,10.3728],[-84.5318,10.3685],[-84.533,10.3661],[-84.5314,10.3633],[-84.5332,10.3614],[-84.5345,10.3575],[-84.5394,10.3555],[-84.5457,10.3545],[-84.55,10.3515],[-84.5524,10.348],[-84.5616,10.342],[-84.5682,10.3389],[-84.5716,10.3356],[-84.5734,10.3352],[-84.5746,10.3333],[-84.5801,10.331],[-84.5812,10.3289],[-84.5816,10.3259],[-84.5831,10.3229],[-84.5852,10.321],[-84.5874,10.3207],[-84.5897,10.3164],[-84.5912,10.3164],[-84.5919,10.3141],[-84.5942,10.3134],[-84.596,10.311],[-84.5991,10.3097],[-84.6032,10.3093],[-84.6069,10.3114],[-84.6094,10.3109],[-84.6115,10.3117],[-84.6153,10.312],[-84.6171,10.3108],[-84.6198,10.3105],[-84.6236,10.3113],[-84.6265,10.314],[-84.6292,10.3145],[-84.629,10.3161],[-84.6311,10.3203],[-84.6344,10.3238],[-84.6356,10.3292],[-84.6326,10.3356],[-84.6324,10.339],[-84.6336,10.3412],[-84.634,10.344],[-84.6331,10.3456],[-84.6343,10.3474],[-84.6329,10.3487],[-84.6324,10.353],[-84.6312,10.3538],[-84.6313,10.3566],[-84.6337,10.3595],[-84.6325,10.3619],[-84.629,10.365],[-84.6262,10.3648],[-84.6216,10.3676],[-84.6177,10.3686],[-84.6144,10.3677],[-84.6125,10.3684],[-84.6093,10.3678],[-84.6072,10.3685],[-84.6032,10.3655],[-84.5967,10.3651],[-84.5915,10.3672],[-84.5865,10.3712],[-84.5808,10.372],[-84.5774,10.3712],[-84.5755,10.3725],[-84.5698,10.3803],[-84.5658,10.3826],[-84.5648,10.3843],[-84.5618,10.3857],[-84.557,10.3898],[-84.5544,10.3946],[-84.5543,10.4057],[-84.5552,10.4089],[-84.5577,10.4147],[-84.5581,10.4245],[-84.5574,10.429],[-84.5553,10.4313],[-84.5528,10.436],[-84.5493,10.435],[-84.5467,10.4366],[-84.548,10.4395],[-84.5505,10.4422],[-84.5537,10.4423],[-84.5551,10.4445],[-84.5594,10.4452],[-84.5571,10.4487],[-84.5618,10.4483],[-84.5626,10.4445],[-84.565,10.445],[-84.567,10.4442],[-84.5702,10.4398],[-84.5725,10.4392],[-84.5738,10.4407],[-84.5771,10.4413],[-84.5813,10.4384],[-84.5838,10.4386],[-84.5827,10.442],[-84.5901,10.4442],[-84.5928,10.4429],[-84.5943,10.4453],[-84.5965,10.4463],[-84.5996,10.4458],[-84.6024,10.444],[-84.6043,10.4438],[-84.6091,10.4453],[-84.6102,10.447],[-84.6133,10.4475],[-84.6154,10.4492],[-84.6174,10.4486],[-84.618,10.4513],[-84.6202,10.4537],[-84.6253,10.4563],[-84.6308,10.4554],[-84.6338,10.4538],[-84.6377,10.4548],[-84.6415,10.4547],[-84.6446,10.4535],[-84.6451,10.4523],[-84.6496,10.4504],[-84.6509,10.4442],[-84.6508,10.442],[-84.6561,10.4309],[-84.6561,10.4291],[-84.658,10.4259],[-84.6605,10.4236],[-84.6633,10.4196],[-84.6648,10.4187],[-84.6652,10.4158],[-84.6686,10.4109],[-84.6883,10.4428],[-84.6934,10.4333],[-84.7213,10.3767],[-84.7213,10.3801],[-84.7241,10.3835],[-84.7271,10.3884],[-84.7266,10.3913],[-84.7305,10.3936],[-84.7315,10.395],[-84.7354,10.3946],[-84.7384,10.3959],[-84.7399,10.3979],[-84.7433,10.3979],[-84.7446,10.3993],[-84.7473,10.3988],[-84.7473,10.4014],[-84.7494,10.4047],[-84.7495,10.4077],[-84.7511,10.4106],[-84.7532,10.4127],[-84.751,10.4173],[-84.7519,10.4223],[-84.7478,10.43],[-84.751,10.4318],[-84.7559,10.4292],[-84.7576,10.4309],[-84.761,10.4306],[-84.7643,10.431],[-84.7659,10.429],[-84.7654,10.427],[-84.7668,10.4228],[-84.7662,10.4179],[-84.7673,10.416],[-84.7672,10.4121],[-84.7699,10.41],[-84.7726,10.4026],[-84.7736,10.4015],[-84.7748,10.3946],[-84.7792,10.3892],[-84.7812,10.3846],[-84.7793,10.3798],[-84.7778,10.3786],[-84.7734,10.3769],[-84.7736,10.3753],[-84.7711,10.3743],[-84.7716,10.3696],[-84.7698,10.3676],[-84.7684,10.363],[-84.7693,10.3605],[-84.7686,10.357],[-84.7662,10.3549],[-84.7678,10.3517],[-84.771,10.3504],[-84.774,10.3507],[-84.7741,10.3472],[-84.7776,10.3431],[-84.7773,10.3402],[-84.7822,10.3303],[-84.7849,10.3269],[-84.7851,10.3236],[-84.7874,10.3211],[-84.7939,10.3208],[-84.7937,10.3165],[-84.7913,10.315],[-84.7905,10.3116],[-84.7864,10.3108],[-84.7866,10.3055],[-84.786,10.3014],[-84.7831,10.2982],[-84.7827,10.2947],[-84.7834,10.2928],[-84.7806,10.2908],[-84.7777,10.2865],[-84.7714,10.2825],[-84.7694,10.2791],[-84.7666,10.2793],[-84.7669,10.2761],[-84.7655,10.274],[-84.7671,10.2695],[-84.7643,10.2692],[-84.7659,10.2643],[-84.7645,10.2623],[-84.7604,10.2618],[-84.7583,10.2594],[-84.7577,10.255],[-84.7536,10.2534],[-84.751,10.2535],[-84.7481,10.255],[-84.747,10.2529],[-84.7432,10.2536],[-84.7414,10.2523],[-84.7386,10.2532],[-84.7337,10.2505],[-84.7314,10.2509],[-84.7266,10.2558],[-84.7253,10.2552],[-84.7228,10.2566],[-84.7207,10.2612],[-84.7224,10.2639],[-84.7227,10.267],[-84.7205,10.2685],[-84.7186,10.2669],[-84.7123,10.2667],[-84.7075,10.2629],[-84.7013,10.2627],[-84.7005,10.2648],[-84.6969,10.2679],[-84.697,10.2705],[-84.6954,10.2741],[-84.6951,10.2767],[-84.692,10.2769],[-84.69,10.2812],[-84.6854,10.2842],[-84.6809,10.2835],[-84.6765,10.2817],[-84.676,10.2798],[-84.6731,10.2788],[-84.6743,10.2771],[-84.6741,10.2709],[-84.6699,10.2682],[-84.6694,10.2644],[-84.6699,10.2601],[-84.6681,10.2591],[-84.6669,10.2554],[-84.6647,10.2542],[-84.6611,10.254],[-84.6602,10.2514],[-84.6597,10.2465],[-84.6573,10.2442],[-84.6568,10.2423],[-84.6583,10.2378],[-84.6564,10.2328],[-84.6595,10.2302],[-84.6619,10.2257],[-84.6603,10.2232],[-84.6612,10.2201],[-84.6602,10.2168],[-84.6619,10.2135],[-84.6618,10.2106],[-84.6646,10.2063],[-84.662,10.2027],[-84.6614,10.1992],[-84.6639,10.1956],[-84.668,10.1928],[-84.6723,10.1882],[-84.6739,10.1855],[-84.6766,10.1831],[-84.679,10.182],[-84.6802,10.1797],[-84.6833,10.1766],[-84.6812,10.1747],[-84.6778,10.174],[-84.6718,10.176],[-84.6677,10.1755],[-84.6665,10.172],[-84.6643,10.1701],[-84.6636,10.1671],[-84.6667,10.1619],[-84.6668,10.1597],[-84.6683,10.1585],[-84.6698,10.1552],[-84.6652,10.1522],[-84.6643,10.15],[-84.6665,10.1481],[-84.6655,10.1454],[-84.6728,10.1408],[-84.6731,10.1393],[-84.6717,10.1355],[-84.672,10.1329],[-84.6714,10.1284],[-84.6683,10.1264],[-84.6662,10.1231],[-84.6635,10.1204],[-84.6614,10.114],[-84.6594,10.11],[-84.6573,10.1092],[-84.6551,10.1057],[-84.6539,10.1016],[-84.6507,10.0993],[-84.6506,10.0965],[-84.6481,10.0939],[-84.6493,10.0917],[-84.648,10.09],[-84.6475,10.0865],[-84.6452,10.0859],[-84.644,10.0836],[-84.6439,10.0812],[-84.6406,10.0782],[-84.6371,10.0773],[-84.6361,10.0747],[-84.6311,10.0713],[-84.6312,10.068],[-84.6296,10.0662],[-84.628,10.0627],[-84.6287,10.0595],[-84.6272,10.0575],[-84.6263,10.0493],[-84.623,10.0469],[-84.6202,10.0457],[-84.6149,10.0455],[-84.6122,10.0464],[-84.6026,10.0444],[-84.6002,10.0375],[-84.5982,10.0377],[-84.5955,10.0357],[-84.5873,10.0315],[-84.5856,10.0292],[-84.5796,10.0262],[-84.5756,10.0229],[-84.5741,10.0204],[-84.5722,10.0191],[-84.5681,10.0214],[-84.5652,10.0239],[-84.5657,10.0285],[-84.5633,10.0292],[-84.5634,10.0259],[-84.5625,10.0222],[-84.564,10.0194],[-84.5641,10.0165],[-84.5607,10.0125],[-84.5614,10.0094],[-84.5595,10.0081],[-84.5583,10.0052],[-84.5564,10.0051],[-84.5556,10.0005],[-84.5565,9.9957],[-84.554,9.994],[-84.5549,9.9919],[-84.5533,9.9862],[-84.5585,9.9832],[-84.5599,9.9815],[-84.5645,9.9827],[-84.5683,9.9813],[-84.5694,9.9836],[-84.5724,9.9864],[-84.5746,9.9834],[-84.576,9.984],[-84.5792,9.9812],[-84.5839,9.9804],[-84.5842,9.9786],[-84.5875,9.9781],[-84.5897,9.9793],[-84.5911,9.9778],[-84.5914,9.9734],[-84.5923,9.9724],[-84.5973,9.9735],[-84.5991,9.969],[-84.6017,9.9706],[-84.6025,9.969],[-84.6061,9.9652],[-84.607,9.9609],[-84.6111,9.9563],[-84.6147,9.9572],[-84.6164,9.9547],[-84.6154,9.9521],[-84.6183,9.9512],[-84.6219,9.9515],[-84.627,9.9507],[-84.63,9.9491],[-84.6331,9.9492],[-84.6369,9.9473],[-84.6366,9.9453],[-84.6382,9.9425],[-84.6413,9.9403],[-84.6429,9.9418],[-84.6457,9.9424],[-84.6477,9.9444],[-84.6497,9.9446],[-84.6501,9.9419],[-84.6525,9.941],[-84.653,9.9347],[-84.6586,9.9349],[-84.66,9.9317],[-84.6587,9.9276],[-84.6604,9.9252],[-84.6656,9.9239],[-84.6668,9.9222],[-84.6652,9.9204],[-84.6663,9.9176],[-84.6714,9.9155],[-84.6715,9.9115],[-84.6738,9.9099],[-84.6753,9.9102],[-84.6775,9.9068],[-84.6796,9.9083],[-84.6846,9.909],[-84.6879,9.9068],[-84.6892,9.9042],[-84.6886,9.9014],[-84.6864,9.9005],[-84.6867,9.8986],[-84.6844,9.897],[-84.6861,9.8952],[-84.6841,9.8936],[-84.6873,9.8877],[-84.6846,9.8878],[-84.682,9.8851],[-84.679,9.8787],[-84.6815,9.8775],[-84.6813,9.874],[-84.6847,9.8702],[-84.6866,9.8717],[-84.6913,9.8703],[-84.6917,9.8662],[-84.693,9.8648],[-84.6958,9.866],[-84.6972,9.8637],[-84.6988,9.8621],[-84.6973,9.8602],[-84.7017,9.8599],[-84.7014,9.8579],[-84.6977,9.8565],[-84.6896,9.8516],[-84.6841,9.8472],[-84.68,9.8431],[-84.6757,9.8366],[-84.6747,9.8332],[-84.6703,9.8293],[-84.6659,9.8239],[-84.6586,9.8137],[-84.6553,9.8086],[-84.6505,9.8001],[-84.6428,9.7879],[-84.6405,9.7832],[-84.6391,9.7817],[-84.6382,9.7784],[-84.636,9.7742],[-84.6326,9.7703],[-84.6296,9.7655],[-84.6278,9.7613],[-84.6291,9.7584],[-84.6276,9.7558],[-84.6275,9.7537],[-84.6312,9.7499],[-84.6309,9.748],[-84.632,9.7411],[-84.6325,9.7402],[-84.6395,9.7372],[-84.6421,9.7346],[-84.6441,9.7315],[-84.6462,9.7301],[-84.648,9.7309],[-84.6505,9.7295],[-84.6521,9.7239],[-84.6532,9.7222],[-84.6559,9.7215],[-84.6593,9.716],[-84.6608,9.7075],[-84.6647,9.7055],[-84.6669,9.7058],[-84.6685,9.7013],[-84.6717,9.6979],[-84.6745,9.6975],[-84.6748,9.6951],[-84.6743,9.6898],[-84.6757,9.6903],[-84.6758,9.6857],[-84.6733,9.6848],[-84.6749,9.6822],[-84.6726,9.6804],[-84.6694,9.6752],[-84.6685,9.6721],[-84.67,9.6669],[-84.6724,9.6657],[-84.6719,9.6622],[-84.6729,9.6592],[-84.6748,9.6597],[-84.6785,9.6581],[-84.6807,9.6522],[-84.6775,9.6489],[-84.6746,9.651],[-84.6729,9.6506],[-84.669,9.6523],[-84.6634,9.651],[-84.6617,9.6517],[-84.6578,9.649],[-84.6552,9.6444],[-84.6546,9.6417],[-84.655,9.6388],[-84.6577,9.6351],[-84.6628,9.6331],[-84.6641,9.6309],[-84.6607,9.6302],[-84.6587,9.6274],[-84.655,9.6272],[-84.6529,9.6246],[-84.6528,9.6227],[-84.6471,9.6206],[-84.6452,9.6221],[-84.6428,9.622],[-84.6376,9.6189],[-84.6302,9.6131],[-84.625,9.6071],[-84.622,9.6018],[-84.6211,9.5966],[-84.6223,9.5949],[-84.6256,9.5926],[-84.6261,9.5915],[-84.6235,9.5885],[-84.6229,9.5868],[-84.6185,9.5836],[-84.6182,9.5812],[-84.6136,9.5801],[-84.6036,9.5739],[-84.5967,9.5692],[-84.5751,9.5539],[-84.5703,9.5501],[-84.565,9.5465],[-84.5652,9.5457],[-84.5554,9.5388],[-84.5538,9.5402],[-84.5472,9.5366],[-84.5456,9.5371],[-84.5449,9.5401],[-84.5475,9.5427],[-84.5499,9.5424],[-84.5499,9.5453],[-84.5471,9.5448],[-84.5443,9.5468],[-84.5438,9.5491],[-84.5465,9.5497],[-84.5474,9.5511],[-84.5445,9.5531],[-84.5432,9.5554],[-84.5389,9.5581],[-84.5408,9.5606],[-84.5406,9.5639],[-84.5381,9.5661],[-84.5342,9.567],[-84.5326,9.569],[-84.5326,9.5727],[-84.5299,9.5739],[-84.529,9.5757],[-84.5303,9.5792],[-84.5325,9.5792],[-84.5334,9.5806],[-84.5366,9.5824],[-84.5389,9.5862],[-84.5401,9.5852],[-84.5436,9.5847],[-84.5442,9.5862],[-84.5471,9.5879],[-84.5469,9.5905],[-84.5484,9.5912],[-84.5503,9.5941],[-84.5493,9.5969],[-84.5508,9.5985],[-84.5518,9.6044],[-84.5505,9.6062],[-84.5496,9.6104],[-84.5508,9.6191],[-84.5546,9.6226],[-84.5552,9.6248],[-84.5578,9.6259],[-84.5604,9.6252],[-84.564,9.6278],[-84.5639,9.6317],[-84.5655,9.6334],[-84.566,9.6369],[-84.5683,9.6391],[-84.5689,9.6419],[-84.5718,9.6438],[-84.5737,9.6512],[-84.5725,9.6545],[-84.5774,9.6605],[-84.5786,9.6633],[-84.5809,9.6666],[-84.5802,9.6712],[-84.5809,9.6739],[-84.5834,9.6786],[-84.5834,9.6818],[-84.5843,9.6834],[-84.5833,9.6857],[-84.5828,9.6901],[-84.5845,9.6912],[-84.5848,9.7004],[-84.583,9.7059],[-84.5842,9.7115],[-84.5866,9.7154],[-84.5867,9.718],[-84.5894,9.7213],[-84.5906,9.7267],[-84.5903,9.7312],[-84.5924,9.736],[-84.5922,9.742],[-84.5907,9.7441],[-84.5885,9.7428],[-84.5864,9.7431],[-84.5853,9.7412],[-84.5823,9.7416],[-84.5775,9.7413],[-84.5736,9.738],[-84.5691,9.7427],[-84.5672,9.746],[-84.5657,9.7513],[-84.5661,9.7589],[-84.5545,9.7559],[-84.5524,9.7566],[-84.552,9.7588],[-84.5502,9.761],[-84.5494,9.7654],[-84.5452,9.769],[-84.5442,9.7712],[-84.5387,9.7772],[-84.5412,9.78],[-84.5414,9.7819],[-84.5473,9.78],[-84.5491,9.7781],[-84.5508,9.7807],[-84.5564,9.7825],[-84.5583,9.7839],[-84.5586,9.7869],[-84.5573,9.788],[-84.5583,9.7899],[-84.5621,9.7903],[-84.5605,9.7932],[-84.5639,9.7981],[-84.5657,9.8029],[-84.5681,9.8067],[-84.5665,9.8095],[-84.5696,9.811],[-84.5721,9.8094],[-84.5743,9.8107],[-84.5769,9.8088],[-84.5794,9.8101],[-84.5795,9.8117],[-84.5815,9.8132],[-84.5828,9.8155],[-84.583,9.8189],[-84.5822,9.8246],[-84.581,9.8257],[-84.5766,9.8269],[-84.5709,9.8302],[-84.5695,9.8275],[-84.5678,9.8269],[-84.5661,9.8291],[-84.5603,9.8324],[-84.5585,9.8355],[-84.5603,9.8377],[-84.5632,9.8386],[-84.5629,9.8427],[-84.559,9.8437],[-84.5563,9.8469],[-84.5557,9.8499],[-84.5522,9.8494],[-84.5483,9.8476],[-84.5468,9.8504],[-84.5475,9.8544],[-84.5466,9.8581],[-84.5494,9.8623],[-84.5452,9.8632],[-84.5405,9.8614],[-84.5388,9.8613],[-84.5375,9.8631],[-84.5398,9.8649],[-84.5431,9.8711],[-84.5436,9.8737],[-84.5408,9.8762],[-84.539,9.8741],[-84.5359,9.8724],[-84.5337,9.8731],[-84.5352,9.8766],[-84.5344,9.878],[-84.5319,9.8783],[-84.5294,9.8769],[-84.5265,9.881],[-84.5265,9.8836],[-84.5255,9.885],[-84.5189,9.8863],[-84.5158,9.8905],[-84.5133,9.893],[-84.5098,9.8926],[-84.5084,9.8883],[-84.5061,9.8902],[-84.5047,9.8927],[-84.5015,9.9005],[-84.4998,9.9066],[-84.4996,9.9098],[-84.4977,9.9112],[-84.4966,9.9082],[-84.494,9.9072],[-84.483,9.9105],[-84.4806,9.9116],[-84.4766,9.9153],[-84.4723,9.9163],[-84.4691,9.9157],[-84.4676,9.9168],[-84.4653,9.9224],[-84.463,9.9241],[-84.4614,9.9228],[-84.4559,9.921],[-84.4535,9.9228],[-84.4501,9.9221],[-84.446,9.9225],[-84.4428,9.9222],[-84.4407,9.924],[-84.4387,9.9233],[-84.4383,9.9215],[-84.4349,9.9213],[-84.4321,9.9226],[-84.4299,9.9226],[-84.4241,9.9256],[-84.4217,9.9205],[-84.4171,9.9214],[-84.4127,9.9247],[-84.4136,9.9279],[-84.4098,9.9285],[-84.4065,9.927],[-84.3995,9.9314],[-84.3949,9.9305],[-84.3937,9.9311],[-84.3946,9.9343],[-84.3939,9.9361],[-84.3895,9.9362],[-84.3851,9.932],[-84.3828,9.9335],[-84.3807,9.9295],[-84.3743,9.927],[-84.3721,9.9266],[-84.3705,9.9287],[-84.3679,9.9299],[-84.3674,9.932],[-84.3656,9.9331],[-84.363,9.9324],[-84.3588,9.9349],[-84.3572,9.9375],[-84.3531,9.9416],[-84.3527,9.9445],[-84.3558,9.9451],[-84.3554,9.9474],[-84.3528,9.9478],[-84.3526,9.9493],[-84.3561,9.9535],[-84.3535,9.9544],[-84.3534,9.9578],[-84.3491,9.9627],[-84.3487,9.9667],[-84.3505,9.968],[-84.3493,9.9697],[-84.3523,9.9712],[-84.35,9.9739],[-84.3474,9.9743],[-84.3448,9.9779],[-84.3444,9.9799],[-84.3422,9.9835],[-84.3442,9.9855],[-84.3415,9.9863],[-84.3414,9.9912],[-84.3421,9.9929],[-84.3396,9.9961],[-84.34,9.998],[-84.3387,10.0012],[-84.337,10.002],[-84.3327,10.0012],[-84.3297,9.9968],[-84.3269,9.9962],[-84.3245,9.9977],[-84.3222,9.995],[-84.3207,9.9962],[-84.3105,9.9987],[-84.3109,10.0015],[-84.3098,10.0057],[-84.3035,10.0125],[-84.2998,10.0152],[-84.299,10.0186],[-84.2963,10.021],[-84.2941,10.0255],[-84.2918,10.0261],[-84.2891,10.0286],[-84.2883,10.033],[-84.2847,10.0388],[-84.282,10.0393],[-84.2804,10.0406],[-84.2797,10.0459],[-84.2776,10.0489],[-84.2784,10.0549],[-84.2755,10.0599],[-84.2751,10.0624],[-84.2738,10.063],[-84.2727,10.0699],[-84.271,10.0736],[-84.2713,10.0777],[-84.2729,10.0793],[-84.2717,10.0814],[-84.2733,10.0832],[-84.2706,10.0934],[-84.2719,10.1004],[-84.2695,10.1049],[-84.2636,10.1114],[-84.2576,10.1166],[-84.2552,10.1211],[-84.2509,10.1227],[-84.2502,10.1251],[-84.2509,10.1269],[-84.25,10.1298],[-84.2457,10.1339],[-84.243,10.1355],[-84.2429,10.1445],[-84.241,10.1483],[-84.2398,10.1534],[-84.2374,10.1572],[-84.2373,10.1591],[-84.2355,10.161],[-84.2331,10.1613],[-84.2313,10.1627],[-84.2303,10.1665],[-84.2321,10.1706],[-84.2368,10.174],[-84.2376,10.1763],[-84.2379,10.1815],[-84.2365,10.1851],[-84.239,10.1857],[-84.2307,10.1981],[-84.2268,10.2081],[-84.2263,10.2119],[-84.2285,10.2142],[-84.2319,10.2207],[-84.2324,10.2228],[-84.2373,10.2287],[-84.2378,10.2308],[-84.2414,10.2356],[-84.242,10.2419],[-84.231,10.247],[-84.2247,10.2469],[-84.2187,10.2492],[-84.2153,10.2517],[-84.2148,10.2541],[-84.2127,10.2572],[-84.2119,10.2598],[-84.212,10.2629],[-84.2106,10.2676],[-84.2063,10.2709],[-84.2051,10.2733],[-84.2019,10.2756],[-84.2001,10.2796],[-84.2008,10.2812],[-84.1997,10.2832],[-84.2025,10.2863],[-84.2045,10.2869],[-84.2024,10.2916],[-84.2006,10.2924],[-84.1985,10.2949],[-84.1945,10.2969],[-84.1929,10.2987],[-84.1932,10.3029],[-84.1957,10.3044],[-84.1979,10.3077],[-84.1981,10.3105],[-84.1941,10.3184],[-84.1952,10.3223],[-84.1952,10.3262],[-84.193,10.3288],[-84.1924,10.3308],[-84.1895,10.3328],[-84.1891,10.3354],[-84.1857,10.3388],[-84.1852,10.3422],[-84.1865,10.3435],[-84.1863,10.3472],[-84.1853,10.3493],[-84.1811,10.3539],[-84.1808,10.3566],[-84.1834,10.3629],[-84.1833,10.3674],[-84.1818,10.3693],[-84.1828,10.371],[-84.1808,10.373],[-84.1813,10.375],[-84.1793,10.3772],[-84.18,10.3799],[-84.1779,10.3825],[-84.1787,10.3878],[-84.1758,10.3907],[-84.1764,10.3937],[-84.175,10.397],[-84.1707,10.4012],[-84.1699,10.4047],[-84.168,10.4062],[-84.1668,10.4101],[-84.1651,10.4095],[-84.1626,10.4135],[-84.1612,10.4137]]]}},{"type":"Feature","properties":{"id":"zona_norte","name":"Zona Norte","area_ha":2164928},"geometry":{"type":"MultiPolygon","coordinates":[[[[-83.7627,10.7718],[-83.7643,10.7689],[-83.7709,10.7699],[-83.7758,10.7714],[-83.7833,10.772],[-83.7877,10.77],[-83.7932,10.7691],[-83.7954,10.7658],[-83.7989,10.7566],[-83.801,10.7543],[-83.8073,10.7509],[-83.8092,10.748],[-83.8122,10.7462],[-83.8142,10.746],[-83.8205,10.7482],[-83.8252,10.7487],[-83.8286,10.7482],[-83.8335,10.7461],[-83.8403,10.744],[-83.8428,10.7422],[-83.8474,10.7362],[-83.8539,10.7289],[-83.8581,10.7222],[-83.8633,10.7175],[-83.8687,10.716],[-83.8723,10.7162],[-83.8758,10.7184],[-83.8846,10.7206],[-83.89,10.7216],[-83.892,10.7215],[-83.8975,10.7182],[-83.9048,10.7153],[-83.9083,10.7143],[-83.9117,10.7121],[-83.919,10.7098],[-83.924,10.7094],[-83.9321,10.7077],[-83.9342,10.7094],[-83.936,10.7134],[-83.9354,10.7181],[-83.9363,10.7206],[-83.9389,10.7219],[-83.943,10.7221],[-83.9486,10.7235],[-83.9523,10.7235],[-83.9584,10.7262],[-83.9652,10.7278],[-83.9676,10.7298],[-83.9692,10.7336],[-83.9699,10.7404],[-83.971,10.744],[-83.9729,10.7456],[-83.979,10.7472],[-83.9848,10.7505],[-83.9904,10.7545],[-83.9921,10.7581],[-83.9944,10.7599],[-83.9985,10.7602],[-84.0052,10.7643],[-84.0081,10.7687],[-84.0091,10.7723],[-84.0137,10.7773],[-84.0153,10.7806],[-84.0161,10.7854],[-84.0177,10.7886],[-84.0211,10.7916],[-84.0257,10.7924],[-84.0281,10.7916],[-84.0305,10.7889],[-84.0321,10.7861],[-84.0323,10.7798],[-84.0338,10.7764],[-84.0333,10.7743],[-84.0359,10.7713],[-84.0413,10.7709],[-84.043,10.7721],[-84.0474,10.7778],[-84.0494,10.7786],[-84.0552,10.7784],[-84.0605,10.7752],[-84.0618,10.773],[-84.0624,10.767],[-84.0613,10.766],[-84.0624,10.7635],[-84.0704,10.7598],[-84.0752,10.7598],[-84.082,10.7588],[-84.0892,10.764],[-84.0927,10.7675],[-84.1013,10.7741],[-84.1049,10.7746],[-84.1067,10.7736],[-84.1101,10.769],[-84.1146,10.7658],[-84.1197,10.7646],[-84.1209,10.7637],[-84.1255,10.7645],[-84.1277,10.7657],[-84.1321,10.7719],[-84.1328,10.7763],[-84.1326,10.7828],[-84.133,10.7849],[-84.1349,10.7866],[-84.1407,10.7876],[-84.1465,10.7873],[-84.1513,10.7859],[-84.1565,10.7861],[-84.165,10.7851],[-84.173,10.7864],[-84.1757,10.786],[-84.1892,10.7899],[-84.192,10.7894],[-84.1999,10.7822],[-84.2015,10.7815],[-84.2038,10.7826],[-84.2069,10.787],[-84.2083,10.7919],[-84.2051,10.794],[-84.205,10.7962],[-84.2064,10.7979],[-84.21,10.8001],[-84.2131,10.801],[-84.2191,10.8012],[-84.2218,10.8005],[-84.2245,10.8022],[-84.2268,10.8055],[-84.2291,10.8117],[-84.2317,10.8129],[-84.2349,10.8131],[-84.2374,10.8151],[-84.2378,10.8192],[-84.2363,10.8201],[-84.2316,10.821],[-84.2268,10.8228],[-84.2226,10.8238],[-84.2203,10.8251],[-84.2192,10.8301],[-84.2149,10.8393],[-84.2152,10.8438],[-84.2182,10.8507],[-84.2197,10.8556],[-84.2191,10.8615],[-84.2197,10.8645],[-84.2237,10.8694],[-84.2251,10.8729],[-84.2286,10.8753],[-84.2373,10.8762],[-84.2395,10.8782],[-84.2411,10.8821],[-84.2441,10.885],[-84.2505,10.8883],[-84.2519,10.8885],[-84.2583,10.8915],[-84.2608,10.8919],[-84.2639,10.8909],[-84.2695,10.8923],[-84.2722,10.8918],[-84.2801,10.893],[-84.2827,10.8937],[-84.285,10.8954],[-84.2867,10.8987],[-84.2885,10.9042],[-84.2914,10.9094],[-84.2917,10.9111],[-84.2948,10.9134],[-84.2971,10.9138],[-84.2999,10.9167],[-84.302,10.9169],[-84.3047,10.9158],[-84.3078,10.9175],[-84.3103,10.9218],[-84.3127,10.9207],[-84.316,10.9165],[-84.3172,10.9162],[-84.3227,10.918],[-84.3245,10.9197],[-84.3258,10.9243],[-84.3314,10.9303],[-84.3345,10.937],[-84.3349,10.9417],[-84.3357,10.9448],[-84.3377,10.9473],[-84.344,10.9492],[-84.3486,10.9496],[-84.3509,10.9511],[-84.3511,10.9549],[-84.3488,10.9593],[-84.3471,10.9678],[-84.3419,10.9714],[-84.3416,10.9735],[-84.3431,10.9765],[-84.351,10.988],[-84.3567,10.9924],[-84.3587,10.9958],[-84.3765,10.9777],[-84.3998,10.9752],[-84.4203,10.9554],[-84.4506,10.961],[-84.4861,11.001],[-84.5645,11.033],[-84.5747,11.0512],[-84.606,11.0384],[-84.6664,11.0725],[-84.6805,11.0843],[-84.7417,11.047],[-84.8823,10.9613],[-84.9107,10.944],[-84.9912,10.9742],[-85.1323,11.027],[-85.2282,11.0629],[-85.3575,11.1263],[-85.424,11.1291],[-85.5223,11.1677],[-85.5604,11.2101],[-85.6099,11.2197],[-85.6927,11.0795],[-85.6904,11.0767],[-85.6887,11.0765],[-85.6856,11.0745],[-85.6815,11.0682],[-85.6778,11.0687],[-85.6754,11.066],[-85.6725,11.0657],[-85.6693,11.058],[-85.6688,11.0541],[-85.6674,11.0522],[-85.6682,11.0507],[-85.6675,11.0466],[-85.6678,11.043],[-85.6689,11.0403],[-85.6748,11.0328],[-85.6795,11.0317],[-85.6888,11.0266],[-85.691,11.0265],[-85.6992,11.028],[-85.7031,11.0281],[-85.7076,11.0301],[-85.7129,11.0267],[-85.7149,11.0279],[-85.7182,11.0323],[-85.7182,11.0373],[-85.7198,11.0379],[-85.7212,11.0411],[-85.7248,11.047],[-85.7282,11.0482],[-85.7306,11.0479],[-85.7312,11.0464],[-85.7335,11.0464],[-85.7352,11.0479],[-85.736,11.0448],[-85.7404,11.0437],[-85.7388,11.0412],[-85.7383,11.0379],[-85.7358,11.0387],[-85.7343,11.0355],[-85.7358,11.032],[-85.7444,11.0338],[-85.7456,11.0323],[-85.7454,11.0299],[-85.7465,11.028],[-85.7507,11.0265],[-85.7538,11.0241],[-85.7541,11.0218],[-85.7522,11.0204],[-85.7524,11.0183],[-85.7471,11.016],[-85.7381,11.0101],[-85.7366,11.0082],[-85.7331,11.008],[-85.7314,11.0065],[-85.7247,11.0062],[-85.7242,11.0049],[-85.7192,11.0015],[-85.7171,10.9993],[-85.7142,10.9986],[-85.7129,10.9971],[-85.7104,10.9968],[-85.709,10.9943],[-85.7106,10.9922],[-85.7094,10.9894],[-85.7042,10.9875],[-85.7025,10.9855],[-85.7011,10.9863],[-85.6972,10.9831],[-85.6944,10.982],[-85.6925,10.9791],[-85.6899,10.9783],[-85.6883,10.9745],[-85.6882,10.9704],[-85.6888,10.9673],[-85.6918,10.9634],[-85.6956,10.9642],[-85.6986,10.9627],[-85.7016,10.964],[-85.7031,10.9603],[-85.7056,10.9596],[-85.7047,10.9577],[-85.7072,10.9546],[-85.7141,10.9563],[-85.715,10.9537],[-85.7186,10.9563],[-85.72,10.9553],[-85.7169,10.953],[-85.7092,10.952],[-85.7061,10.9492],[-85.7039,10.949],[-85.7014,10.9502],[-85.7016,10.947],[-85.7009,10.9446],[-85.7016,10.9409],[-85.7041,10.9356],[-85.7055,10.9347],[-85.7081,10.9363],[-85.7106,10.9368],[-85.7121,10.9343],[-85.7119,10.9327],[-85.7142,10.9313],[-85.7121,10.9283],[-85.7132,10.9254],[-85.718,10.9236],[-85.7224,10.9246],[-85.723,10.9268],[-85.722,10.93],[-85.7202,10.9315],[-85.7203,10.9348],[-85.7219,10.9345],[-85.7271,10.9367],[-85.7299,10.9341],[-85.7333,10.9352],[-85.7342,10.938],[-85.7382,10.9386],[-85.7413,10.9379],[-85.7447,10.939],[-85.7467,10.9367],[-85.7521,10.9373],[-85.7534,10.9392],[-85.7562,10.9394],[-85.7641,10.9384],[-85.7661,10.9356],[-85.7684,10.9362],[-85.7691,10.9386],[-85.7721,10.9376],[-85.7774,10.9401],[-85.7785,10.9384],[-85.7789,10.9346],[-85.7819,10.9346],[-85.7861,10.938],[-85.7883,10.9372],[-85.788,10.9332],[-85.7896,10.9319],[-85.7933,10.9314],[-85.7973,10.9331],[-85.7999,10.9322],[-85.7982,10.9274],[-85.7908,10.9237],[-85.7896,10.9196],[-85.7876,10.9188],[-85.7856,10.915],[-85.7863,10.9132],[-85.7902,10.9098],[-85.7947,10.9092],[-85.7961,10.9108],[-85.7993,10.9121],[-85.8013,10.9119],[-85.8059,10.9152],[-85.807,10.918],[-85.8094,10.919],[-85.814,10.9192],[-85.8172,10.9209],[-85.8189,10.9241],[-85.8182,10.926],[-85.8198,10.9299],[-85.8119,10.9343],[-85.8113,10.9371],[-85.8156,10.9397],[-85.8161,10.9436],[-85.8186,10.9437],[-85.8231,10.9459],[-85.8238,10.943],[-85.8304,10.9449],[-85.8321,10.9433],[-85.8359,10.9452],[-85.8378,10.9444],[-85.8456,10.9451],[-85.8546,10.9451],[-85.8582,10.9484],[-85.8595,10.9471],[-85.8655,10.9485],[-85.8699,10.9507],[-85.8729,10.9491],[-85.8817,10.9501],[-85.8847,10.9488],[-85.8769,10.9448],[-85.8679,10.9414],[-85.8642,10.9415],[-85.8618,10.9377],[-85.8612,10.9338],[-85.8621,10.9295],[-85.8644,10.9267],[-85.8675,10.927],[-85.8703,10.9255],[-85.871,10.9232],[-85.8766,10.9217],[-85.8799,10.9224],[-85.8802,10.921],[-85.8835,10.9185],[-85.8853,10.9181],[-85.8946,10.9146],[-85.8988,10.9124],[-85.9,10.9104],[-85.9068,10.9091],[-85.9121,10.9104],[-85.9142,10.9071],[-85.9169,10.9061],[-85.9185,10.9045],[-85.923,10.904],[-85.9267,10.9013],[-85.9292,10.9003],[-85.931,10.9008],[-85.9353,10.8989],[-85.9385,10.8959],[-85.9417,10.8944],[-85.946,10.8944],[-85.9494,10.8905],[-85.9473,10.8899],[-85.9448,10.8907],[-85.9348,10.8947],[-85.9316,10.8937],[-85.9297,10.8951],[-85.9255,10.8951],[-85.9228,10.8958],[-85.9211,10.8973],[-85.9167,10.8991],[-85.9143,10.8973],[-85.9088,10.8967],[-85.9067,10.8955],[-85.9044,10.8922],[-85.9039,10.8902],[-85.9013,10.8898],[-85.8919,10.8863],[-85.8903,10.8864],[-85.887,10.8843],[-85.8828,10.8824],[-85.8786,10.8812],[-85.8764,10.8792],[-85.8723,10.8783],[-85.8696,10.8784],[-85.8652,10.875],[-85.8644,10.8722],[-85.8622,10.8705],[-85.8569,10.8634],[-85.855,10.8581],[-85.854,10.8537],[-85.8527,10.855],[-85.8469,10.8566],[-85.8427,10.8564],[-85.8382,10.8552],[-85.8341,10.8526],[-85.8299,10.8542],[-85.8275,10.8541],[-85.8236,10.8524],[-85.8218,10.8534],[-85.8165,10.851],[-85.8081,10.8495],[-85.8038,10.8495],[-85.8016,10.8506],[-85.7988,10.8534],[-85.7968,10.8535],[-85.7937,10.852],[-85.7889,10.847],[-85.7878,10.8431],[-85.7888,10.8385],[-85.7921,10.8359],[-85.794,10.837],[-85.7981,10.836],[-85.802,10.8333],[-85.8023,10.8277],[-85.8015,10.8255],[-85.7949,10.8216],[-85.793,10.8187],[-85.793,10.8163],[-85.7913,10.8148],[-85.7852,10.8148],[-85.7808,10.8136],[-85.7765,10.8132],[-85.771,10.8086],[-85.7678,10.807],[-85.7649,10.8038],[-85.7615,10.8038],[-85.7613,10.8062],[-85.7595,10.809],[-85.7532,10.8137],[-85.7486,10.8156],[-85.744,10.8187],[-85.7387,10.8181],[-85.7336,10.8158],[-85.7309,10.8133],[-85.7285,10.8138],[-85.7257,10.8123],[-85.7234,10.8098],[-85.7209,10.8116],[-85.7185,10.8119],[-85.7119,10.8091],[-85.7104,10.8069],[-85.7083,10.8059],[-85.7056,10.8075],[-85.7022,10.8063],[-85.6948,10.7997],[-85.6928,10.8017],[-85.6877,10.8032],[-85.6829,10.7997],[-85.6779,10.7929],[-85.676,10.7914],[-85.6743,10.7885],[-85.6655,10.7775],[-85.6611,10.7712],[-85.6579,10.7643],[-85.6571,10.7592],[-85.6596,10.7532],[-85.6623,10.7483],[-85.6633,10.742],[-85.6624,10.7368],[-85.661,10.7334],[-85.6607,10.7281],[-85.6618,10.7259],[-85.6622,10.7212],[-85.6608,10.7156],[-85.6599,10.7146],[-85.6592,10.7105],[-85.6567,10.704],[-85.6558,10.6979],[-85.6572,10.6947],[-85.6547,10.6881],[-85.6539,10.682],[-85.6531,10.6794],[-85.6537,10.6727],[-85.6567,10.6659],[-85.6588,10.664],[-85.6608,10.6647],[-85.666,10.6638],[-85.6682,10.6625],[-85.6708,10.6631],[-85.6733,10.6602],[-85.671,10.6597],[-85.6702,10.6565],[-85.6726,10.6541],[-85.6738,10.6514],[-85.6791,10.6524],[-85.6797,10.6493],[-85.6829,10.6474],[-85.6849,10.6445],[-85.6825,10.6424],[-85.6771,10.6424],[-85.6744,10.643],[-85.6719,10.6449],[-85.6705,10.6426],[-85.6723,10.6401],[-85.6726,10.6383],[-85.6757,10.6355],[-85.6801,10.6336],[-85.6814,10.6352],[-85.6835,10.6353],[-85.6835,10.6329],[-85.6848,10.631],[-85.6873,10.6304],[-85.6888,10.6279],[-85.6907,10.6272],[-85.6878,10.6236],[-85.6864,10.6238],[-85.6853,10.6209],[-85.6868,10.6193],[-85.6868,10.6164],[-85.6895,10.6122],[-85.6965,10.612],[-85.696,10.6099],[-85.6921,10.6061],[-85.6903,10.6076],[-85.6896,10.6103],[-85.6847,10.6117],[-85.6794,10.6115],[-85.6781,10.6137],[-85.6769,10.6204],[-85.674,10.6228],[-85.6742,10.6256],[-85.6755,10.6268],[-85.6741,10.6317],[-85.6715,10.6327],[-85.669,10.6326],[-85.6621,10.6365],[-85.6593,10.6394],[-85.6524,10.6432],[-85.6497,10.6432],[-85.6411,10.6391],[-85.6351,10.6356],[-85.6317,10.6327],[-85.6287,10.6279],[-85.6278,10.6242],[-85.629,10.6231],[-85.6302,10.6197],[-85.6348,10.616],[-85.6397,10.6137],[-85.6409,10.6138],[-85.6412,10.609],[-85.6442,10.6041],[-85.6461,10.6027],[-85.6484,10.6041],[-85.6503,10.6006],[-85.6493,10.5977],[-85.6503,10.592],[-85.6538,10.5887],[-85.6632,10.5878],[-85.6628,10.5901],[-85.6638,10.5931],[-85.6682,10.5909],[-85.67,10.5915],[-85.672,10.5905],[-85.6746,10.5924],[-85.6765,10.5907],[-85.68,10.589],[-85.679,10.5849],[-85.6768,10.5819],[-85.6779,10.577],[-85.681,10.5728],[-85.6847,10.5705],[-85.6869,10.5722],[-85.6925,10.5723],[-85.6947,10.574],[-85.6988,10.5734],[-85.6995,10.5699],[-85.6935,10.5678],[-85.6907,10.5657],[-85.6918,10.559],[-85.6933,10.5561],[-85.6962,10.5532],[-85.7006,10.5509],[-85.7045,10.5499],[-85.7063,10.5504],[-85.7086,10.5544],[-85.7136,10.5561],[-85.7155,10.552],[-85.7183,10.5515],[-85.7181,10.5489],[-85.7205,10.5468],[-85.7231,10.546],[-85.726,10.5468],[-85.7285,10.544],[-85.7305,10.5449],[-85.7318,10.5433],[-85.7351,10.5441],[-85.7364,10.5409],[-85.7383,10.5389],[-85.7426,10.5374],[-85.7477,10.5318],[-85.7527,10.5298],[-85.7567,10.5299],[-85.7604,10.5314],[-85.7613,10.5326],[-85.7652,10.5349],[-85.766,10.5375],[-85.7686,10.5401],[-85.7721,10.5408],[-85.7751,10.5406],[-85.7778,10.544],[-85.7788,10.5382],[-85.7829,10.5372],[-85.7832,10.5357],[-85.781,10.5343],[-85.7815,10.5306],[-85.7844,10.5296],[-85.7846,10.528],[-85.7871,10.5234],[-85.7898,10.5234],[-85.7892,10.5201],[-85.7928,10.5169],[-85.8008,10.5197],[-85.8046,10.5173],[-85.8074,10.5134],[-85.8068,10.5118],[-85.8016,10.5094],[-85.7995,10.5095],[-85.798,10.5049],[-85.7985,10.5027],[-85.8018,10.4994],[-85.8018,10.4969],[-85.7995,10.4975],[-85.7991,10.4955],[-85.7952,10.4954],[-85.7938,10.4906],[-85.7966,10.4869],[-85.7969,10.4844],[-85.7986,10.4837],[-85.7967,10.4811],[-85.7914,10.4833],[-85.7886,10.482],[-85.7866,10.4802],[-85.7879,10.4781],[-85.7865,10.4766],[-85.783,10.4773],[-85.7813,10.4763],[-85.7798,10.4735],[-85.7783,10.4684],[-85.7795,10.4654],[-85.7777,10.4648],[-85.7765,10.4622],[-85.7764,10.4586],[-85.7729,10.4576],[-85.7717,10.4532],[-85.7728,10.4483],[-85.7752,10.4434],[-85.7803,10.4384],[-85.7859,10.4373],[-85.7893,10.4389],[-85.7885,10.4413],[-85.7909,10.4431],[-85.7942,10.4437],[-85.8,10.446],[-85.7985,10.4426],[-85.7959,10.4426],[-85.7943,10.4408],[-85.793,10.4368],[-85.7929,10.4331],[-85.7941,10.4301],[-85.7932,10.4262],[-85.7913,10.4252],[-85.7906,10.4231],[-85.7923,10.4199],[-85.7946,10.4192],[-85.7943,10.4167],[-85.7954,10.4133],[-85.798,10.4085],[-85.8015,10.4048],[-85.8034,10.4048],[-85.8045,10.4026],[-85.8091,10.4001],[-85.8157,10.4001],[-85.8198,10.402],[-85.8198,10.4071],[-85.8217,10.4096],[-85.8262,10.4095],[-85.8259,10.4072],[-85.827,10.401],[-85.8286,10.3982],[-85.8316,10.3969],[-85.8335,10.3981],[-85.835,10.3972],[-85.8354,10.3936],[-85.8372,10.3894],[-85.8407,10.3849],[-85.8435,10.3837],[-85.8475,10.3771],[-85.8466,10.3733],[-85.8471,10.3721],[-85.8504,10.3705],[-85.8532,10.3713],[-85.8546,10.3681],[-85.8575,10.3666],[-85.8595,10.3685],[-85.8622,10.3662],[-85.8641,10.366],[-85.8668,10.3673],[-85.8667,10.3645],[-85.8682,10.362],[-85.8731,10.3592],[-85.8755,10.3568],[-85.8732,10.3521],[-85.8735,10.3512],[-85.8706,10.3483],[-85.8684,10.3488],[-85.8626,10.3482],[-85.8614,10.3444],[-85.8585,10.3453],[-85.8563,10.3433],[-85.8545,10.3385],[-85.8524,10.3376],[-85.8461,10.3297],[-85.8416,10.3214],[-85.8403,10.3168],[-85.8403,10.311],[-85.8412,10.3088],[-85.8407,10.3048],[-85.8444,10.298],[-85.8466,10.2965],[-85.8512,10.2953],[-85.8547,10.2928],[-85.853,10.2874],[-85.85,10.2815],[-85.8491,10.2782],[-85.85,10.2731],[-85.8499,10.27],[-85.8514,10.2691],[-85.8544,10.2632],[-85.853,10.2609],[-85.8538,10.257],[-85.8519,10.2551],[-85.8514,10.2487],[-85.8478,10.2456],[-85.848,10.242],[-85.8448,10.2407],[-85.8414,10.2357],[-85.8373,10.226],[-85.8385,10.2206],[-85.8362,10.2154],[-85.8374,10.2137],[-85.8378,10.2104],[-85.8357,10.2084],[-85.8365,10.2068],[-85.8398,10.2082],[-85.8407,10.2063],[-85.8389,10.201],[-85.835,10.1986],[-85.8346,10.1975],[-85.8307,10.195],[-85.8309,10.1941],[-85.8245,10.1861],[-85.8232,10.1818],[-85.822,10.1803],[-85.8183,10.1786],[-85.8184,10.1736],[-85.8164,10.1723],[-85.8141,10.1678],[-85.8109,10.164],[-85.8091,10.1611],[-85.8082,10.1576],[-85.8089,10.1554],[-85.8079,10.1526],[-85.8092,10.15],[-85.8057,10.1481],[-85.801,10.1426],[-85.8001,10.1381],[-85.8007,10.1358],[-85.7985,10.13],[-85.7955,10.1242],[-85.7954,10.1218],[-85.7931,10.1181],[-85.7935,10.1135],[-85.7951,10.1115],[-85.7936,10.1069],[-85.7887,10.103],[-85.7873,10.0989],[-85.7875,10.0972],[-85.7895,10.0941],[-85.785,10.0926],[-85.7814,10.0887],[-85.7812,10.0862],[-85.7791,10.0854],[-85.778,10.0799],[-85.7732,10.0766],[-85.7722,10.0746],[-85.7695,10.072],[-85.7711,10.0692],[-85.7702,10.0667],[-85.7673,10.0678],[-85.7653,10.0647],[-85.7669,10.0618],[-85.7638,10.0621],[-85.7636,10.0586],[-85.7586,10.0564],[-85.7549,10.0536],[-85.7537,10.0509],[-85.7507,10.0489],[-85.749,10.0451],[-85.7459,10.0399],[-85.7439,10.0349],[-85.742,10.0317],[-85.7395,10.0308],[-85.7379,10.028],[-85.7349,10.0253],[-85.733,10.0252],[-85.7307,10.0236],[-85.7275,10.0184],[-85.7281,10.0169],[-85.7255,10.0137],[-85.7224,10.0137],[-85.7149,10.0067],[-85.7106,10.0031],[-85.7032,9.9957],[-85.6982,9.9896],[-85.6966,9.986],[-85.6891,9.9789],[-85.6827,9.9705],[-85.6796,9.9641],[-85.6807,9.9614],[-85.6775,9.9593],[-85.6752,9.9552],[-85.6759,9.9531],[-85.6746,9.9514],[-85.6773,9.9487],[-85.6732,9.947],[-85.6694,9.9425],[-85.665,9.9333],[-85.6626,9.929],[-85.6612,9.9209],[-85.6619,9.9173],[-85.6615,9.9157],[-85.6623,9.9114],[-85.6637,9.9089],[-85.6654,9.908],[-85.6679,9.9084],[-85.6692,9.9074],[-85.6688,9.9042],[-85.6671,9.9029],[-85.664,9.9038],[-85.6613,9.9033],[-85.6591,9.9044],[-85.6542,9.9024],[-85.6523,9.8992],[-85.6507,9.9],[-85.653,9.903],[-85.6525,9.9055],[-85.6507,9.9074],[-85.6456,9.9095],[-85.6413,9.9095],[-85.6386,9.9085],[-85.6337,9.9046],[-85.6328,9.9024],[-85.6293,9.9011],[-85.628,9.8974],[-85.6277,9.8938],[-85.6249,9.8913],[-85.6242,9.893],[-85.6206,9.8924],[-85.6181,9.8927],[-85.6142,9.8915],[-85.6099,9.8912],[-85.6071,9.8878],[-85.6045,9.8879],[-85.6028,9.8893],[-85.5992,9.8907],[-85.5948,9.891],[-85.5921,9.888],[-85.5935,9.8864],[-85.5894,9.8848],[-85.5886,9.8833],[-85.583,9.8816],[-85.5775,9.8825],[-85.5755,9.882],[-85.5741,9.8802],[-85.5724,9.8802],[-85.5715,9.878],[-85.5695,9.8768],[-85.5666,9.8797],[-85.5645,9.8805],[-85.5573,9.8801],[-85.5524,9.8783],[-85.5475,9.8739],[-85.5466,9.8743],[-85.5415,9.8738],[-85.5392,9.8747],[-85.5358,9.8737],[-85.5338,9.8742],[-85.5321,9.8769],[-85.5295,9.8791],[-85.5244,9.8809],[-85.5205,9.8805],[-85.5171,9.8789],[-85.5111,9.8728],[-85.5084,9.8711],[-85.5077,9.8695],[-85.5084,9.8653],[-85.5106,9.8637],[-85.5091,9.8605],[-85.507,9.8602],[-85.5032,9.8637],[-85.5009,9.8639],[-85.4998,9.8671],[-85.497,9.8698],[-85.491,9.8714],[-85.4856,9.8697],[-85.4837,9.8678],[-85.483,9.8629],[-85.4857,9.8619],[-85.4856,9.8604],[-85.483,9.8576],[-85.4794,9.857],[-85.4786,9.8556],[-85.4756,9.8544],[-85.473,9.852],[-85.4719,9.8526],[-85.4672,9.8495],[-85.4645,9.8502],[-85.4628,9.8494],[-85.4611,9.8541],[-85.4608,9.8578],[-85.4579,9.8594],[-85.4572,9.8608],[-85.4539,9.8596],[-85.4529,9.8611],[-85.4501,9.8623],[-85.4426,9.8618],[-85.4306,9.8592],[-85.4274,9.858],[-85.4264,9.853],[-85.4215,9.852],[-85.4151,9.8518],[-85.4109,9.8495],[-85.4099,9.8502],[-85.4075,9.848],[-85.4029,9.8471],[-85.404,9.8507],[-85.4027,9.8522],[-85.3975,9.8527],[-85.3956,9.8515],[-85.3922,9.8511],[-85.3889,9.8486],[-85.3868,9.8493],[-85.384,9.8477],[-85.3814,9.8489],[-85.3757,9.8467],[-85.3732,9.8446],[-85.3727,9.843],[-85.3698,9.8423],[-85.3687,9.8402],[-85.3656,9.8415],[-85.3639,9.8402],[-85.3588,9.8389],[-85.3397,9.8285],[-85.3362,9.8261],[-85.3334,9.8232],[-85.3334,9.8186],[-85.336,9.8165],[-85.3329,9.8159],[-85.3312,9.8165],[-85.328,9.8154],[-85.327,9.8164],[-85.3232,9.8172],[-85.3177,9.8147],[-85.3043,9.8071],[-85.303,9.8069],[-85.2986,9.8035],[-85.2928,9.8009],[-85.2918,9.7998],[-85.2835,9.7943],[-85.2768,9.789],[-85.272,9.7839],[-85.2691,9.7797],[-85.2677,9.7759],[-85.2657,9.7735],[-85.2671,9.7689],[-85.2731,9.7646],[-85.2744,9.761],[-85.2733,9.7591],[-85.268,9.759],[-85.2554,9.7522],[-85.2449,9.7453],[-85.2374,9.7391],[-85.2325,9.7339],[-85.2314,9.7322],[-85.2236,9.725],[-85.2192,9.7167],[-85.2182,9.7161],[-85.2163,9.7112],[-85.2152,9.7059],[-85.211,9.7019],[-85.207,9.695],[-85.203,9.6896],[-85.2024,9.6863],[-85.2033,9.6835],[-85.2051,9.6826],[-85.2009,9.6773],[-85.2013,9.6737],[-85.1993,9.6733],[-85.1982,9.6703],[-85.1909,9.6631],[-85.187,9.6601],[-85.1845,9.6573],[-85.1833,9.6546],[-85.1793,9.6497],[-85.1759,9.6481],[-85.17,9.6425],[-85.1659,9.6379],[-85.1655,9.6362],[-85.1628,9.6354],[-85.1627,9.6341],[-85.1577,9.6308],[-85.1496,9.6227],[-85.1495,9.621],[-85.1478,9.6194],[-85.1445,9.6128],[-85.1452,9.6102],[-85.1469,9.6098],[-85.1461,9.6072],[-85.1438,9.6075],[-85.1431,9.6061],[-85.1447,9.6037],[-85.1424,9.5993],[-85.1443,9.5974],[-85.1453,9.5945],[-85.143,9.5912],[-85.1424,9.5865],[-85.143,9.5838],[-85.1413,9.5831],[-85.1416,9.5803],[-85.1329,9.5759],[-85.1332,9.5737],[-85.1312,9.5717],[-85.1276,9.5735],[-85.1257,9.5755],[-85.1227,9.5744],[-85.1207,9.5727],[-85.1211,9.5709],[-85.1184,9.5705],[-85.1169,9.569],[-85.1145,9.565],[-85.1178,9.5617],[-85.1162,9.5596],[-85.1106,9.5552],[-85.1099,9.5605],[-85.1116,9.5616],[-85.1089,9.566],[-85.1029,9.5693],[-85.1004,9.5678],[-85.0986,9.5695],[-85.0958,9.5675],[-85.0911,9.5704],[-85.0911,9.5764],[-85.0917,9.5838],[-85.0926,9.586],[-85.0902,9.5891],[-85.0887,9.5893],[-85.0872,9.5932],[-85.0854,9.5949],[-85.0848,9.5973],[-85.0826,9.5986],[-85.0828,9.6034],[-85.0788,9.6086],[-85.0785,9.6109],[-85.0765,9.6134],[-85.0759,9.6178],[-85.0765,9.621],[-85.0754,9.6235],[-85.0778,9.6285],[-85.0758,9.6299],[-85.0752,9.6325],[-85.0732,9.6335],[-85.0728,9.6354],[-85.0738,9.6379],[-85.0729,9.6405],[-85.0725,9.6443],[-85.0711,9.6477],[-85.0686,9.6495],[-85.0667,9.6541],[-85.0649,9.6565],[-85.0583,9.6604],[-85.0573,9.6643],[-85.0549,9.6665],[-85.0492,9.6695],[-85.0404,9.6727],[-85.0388,9.6795],[-85.0362,9.6818],[-85.0313,9.6841],[-85.0247,9.6861],[-85.0239,9.6857],[-85.0141,9.6885],[-85.0132,9.688],[-85.0071,9.6896],[-85.0042,9.6921],[-85.0039,9.6947],[-85.0015,9.6954],[-84.9986,9.6984],[-84.996,9.7023],[-84.9946,9.7059],[-84.9976,9.7076],[-84.9985,9.712],[-85.0025,9.7134],[-85.0058,9.7125],[-85.0096,9.7138],[-85.0148,9.7136],[-85.016,9.7156],[-85.017,9.7233],[-85.0155,9.7282],[-85.0144,9.7333],[-85.0133,9.7355],[-85.0097,9.7399],[-85.0065,9.743],[-84.9994,9.747],[-84.9945,9.7486],[-84.9919,9.7479],[-84.992,9.7463],[-84.9869,9.7446],[-84.9855,9.7433],[-84.985,9.7403],[-84.9828,9.7399],[-84.9806,9.7408],[-84.9782,9.74],[-84.9759,9.7358],[-84.9761,9.7332],[-84.9738,9.731],[-84.968,9.7311],[-84.965,9.7289],[-84.9616,9.7299],[-84.9575,9.728],[-84.9553,9.7281],[-84.9542,9.7308],[-84.9519,9.7326],[-84.953,9.7353],[-84.951,9.7383],[-84.9517,9.7423],[-84.9534,9.7431],[-84.9559,9.7474],[-84.9556,9.7494],[-84.953,9.7533],[-84.954,9.7572],[-84.9512,9.7595],[-84.9471,9.7583],[-84.9464,9.7603],[-84.9421,9.7612],[-84.936,9.7571],[-84.9345,9.7576],[-84.9319,9.7628],[-84.9291,9.7635],[-84.9286,9.7669],[-84.9305,9.7697],[-84.9309,9.7719],[-84.9289,9.7755],[-84.9269,9.7759],[-84.9238,9.7798],[-84.9224,9.7803],[-84.9205,9.7847],[-84.9232,9.7863],[-84.9238,9.7898],[-84.923,9.7922],[-84.919,9.7947],[-84.9138,9.7949],[-84.9086,9.7957],[-84.9019,9.7981],[-84.9031,9.8004],[-84.9031,9.8034],[-84.8995,9.8106],[-84.8972,9.814],[-84.8949,9.8153],[-84.8887,9.8132],[-84.8823,9.8125],[-84.8786,9.8141],[-84.8802,9.8175],[-84.8791,9.8199],[-84.875,9.8237],[-84.8719,9.8227],[-84.866,9.8253],[-84.8643,9.8291],[-84.8682,9.8292],[-84.8727,9.8308],[-84.8801,9.8313],[-84.883,9.8324],[-84.8862,9.8325],[-84.8903,9.8338],[-84.8921,9.8327],[-84.8955,9.8341],[-84.8973,9.832],[-84.9013,9.8298],[-84.9101,9.8271],[-84.9148,9.8246],[-84.9172,9.8268],[-84.9194,9.8263],[-84.9266,9.8326],[-84.9283,9.8332],[-84.9289,9.8366],[-84.9322,9.8369],[-84.9287,9.8406],[-84.9228,9.8428],[-84.9217,9.8445],[-84.9232,9.8464],[-84.9239,9.8492],[-84.9185,9.8533],[-84.9113,9.8553],[-84.9087,9.8548],[-84.9086,9.858],[-84.9114,9.8593],[-84.9142,9.8587],[-84.9156,9.8613],[-84.9196,9.8607],[-84.9218,9.8648],[-84.9201,9.8677],[-84.9229,9.871],[-84.9251,9.8725],[-84.9269,9.8723],[-84.9283,9.8739],[-84.9337,9.8753],[-84.9341,9.8785],[-84.9381,9.8813],[-84.9354,9.887],[-84.9357,9.8896],[-84.9332,9.8909],[-84.9334,9.8948],[-84.9327,9.8968],[-84.928,9.9013],[-84.9229,9.9012],[-84.9195,9.9029],[-84.9158,9.9025],[-84.9141,9.9038],[-84.9158,9.9062],[-84.9161,9.9084],[-84.9182,9.9092],[-84.9209,9.9158],[-84.9195,9.9213],[-84.9215,9.9256],[-84.9257,9.925],[-84.9316,9.9249],[-84.9345,9.9264],[-84.936,9.9292],[-84.9339,9.931],[-84.9437,9.9347],[-84.9449,9.9356],[-84.9484,9.9349],[-84.9538,9.9378],[-84.956,9.9381],[-84.9597,9.9417],[-84.9616,9.9386],[-84.9638,9.9376],[-84.9663,9.9383],[-84.9695,9.9411],[-84.9718,9.9403],[-84.9744,9.9382],[-84.9778,9.9393],[-84.9812,9.9363],[-84.9834,9.938],[-84.9872,9.9395],[-84.9894,9.9372],[-84.9953,9.9385],[-84.9992,9.9399],[-85.0006,9.9377],[-85.0039,9.9382],[-85.0075,9.9378],[-85.0113,9.94],[-85.0137,9.9437],[-85.016,9.9457],[-85.0175,9.9459],[-85.0192,9.9486],[-85.0215,9.9499],[-85.0233,9.9567],[-85.0225,9.9588],[-85.0305,9.9599],[-85.0366,9.9638],[-85.0389,9.9636],[-85.044,9.9681],[-85.0459,9.969],[-85.0487,9.9734],[-85.0523,9.9755],[-85.0551,9.9757],[-85.0565,9.9748],[-85.0579,9.9709],[-85.0641,9.9719],[-85.0647,9.9678],[-85.0671,9.9669],[-85.0702,9.9676],[-85.072,9.9664],[-85.0743,9.9681],[-85.0722,9.9695],[-85.0746,9.9718],[-85.078,9.9675],[-85.0827,9.9674],[-85.0806,9.9734],[-85.0804,9.9753],[-85.0823,9.976],[-85.0869,9.9746],[-85.0903,9.9723],[-85.0928,9.9717],[-85.1019,9.9753],[-85.1044,9.9747],[-85.1076,9.9764],[-85.1088,9.9778],[-85.1143,9.9797],[-85.1168,9.9791],[-85.1158,9.9834],[-85.1165,9.986],[-85.1182,9.9886],[-85.1191,9.9915],[-85.1217,9.9925],[-85.1247,9.9909],[-85.128,9.9916],[-85.1297,9.9897],[-85.1319,9.9904],[-85.137,9.9937],[-85.1427,10.0005],[-85.1478,10.004],[-85.1523,10.0088],[-85.1534,10.0111],[-85.1559,10.0117],[-85.1572,10.0135],[-85.1622,10.0168],[-85.1637,10.0204],[-85.1653,10.0215],[-85.1684,10.0214],[-85.1683,10.0242],[-85.1695,10.0262],[-85.1684,10.0309],[-85.169,10.0339],[-85.167,10.0378],[-85.1626,10.0361],[-85.1596,10.0309],[-85.1569,10.0301],[-85.1544,10.0308],[-85.1518,10.0346],[-85.1498,10.0406],[-85.1513,10.0437],[-85.1524,10.0495],[-85.155,10.0496],[-85.1585,10.0475],[-85.162,10.0468],[-85.1672,10.0467],[-85.1699,10.0461],[-85.1746,10.0485],[-85.1788,10.0525],[-85.1819,10.0602],[-85.1817,10.0617],[-85.1834,10.0647],[-85.1864,10.0664],[-85.188,10.0645],[-85.1903,10.0637],[-85.1915,10.0705],[-85.1928,10.0725],[-85.193,10.0754],[-85.1947,10.0797],[-85.1948,10.0829],[-85.2012,10.0846],[-85.2047,10.0846],[-85.2133,10.0857],[-85.217,10.0884],[-85.219,10.0908],[-85.2215,10.0921],[-85.2255,10.0919],[-85.2258,10.0932],[-85.2299,10.0948],[-85.2315,10.0979],[-85.2353,10.1023],[-85.2366,10.1074],[-85.2401,10.106],[-85.2405,10.11],[-85.2381,10.1121],[-85.2376,10.1141],[-85.2389,10.1186],[-85.2407,10.1203],[-85.2391,10.1232],[-85.2392,10.1278],[-85.24,10.1303],[-85.2425,10.1336],[-85.2423,10.1361],[-85.2404,10.1374],[-85.2416,10.1412],[-85.2451,10.1448],[-85.2439,10.1477],[-85.2445,10.1492],[-85.2438,10.1528],[-85.2457,10.1595],[-85.2456,10.1622],[-85.2471,10.1678],[-85.2468,10.1723],[-85.2476,10.1787],[-85.2461,10.1822],[-85.2468,10.1868],[-85.2447,10.1937],[-85.2441,10.1997],[-85.243,10.2007],[-85.2346,10.212],[-85.23,10.208],[-85.2276,10.2042],[-85.2263,10.2002],[-85.2271,10.1961],[-85.2251,10.1924],[-85.22,10.1877],[-85.2172,10.186],[-85.2178,10.1843],[-85.2156,10.1821],[-85.2088,10.1795],[-85.2018,10.1776],[-85.2005,10.1777],[-85.1904,10.1733],[-85.1828,10.1731],[-85.1755,10.1737],[-85.1736,10.1722],[-85.1686,10.1668],[-85.1638,10.1674],[-85.1566,10.1662],[-85.1521,10.1633],[-85.1493,10.1637],[-85.1465,10.1623],[-85.1441,10.1601],[-85.1401,10.1625],[-85.1349,10.1611],[-85.1335,10.1643],[-85.1339,10.1666],[-85.1304,10.1703],[-85.1227,10.1746],[-85.1166,10.1762],[-85.1094,10.1763],[-85.1082,10.1752],[-85.0998,10.1727],[-85.0983,10.1731],[-85.0934,10.1703],[-85.0847,10.1694],[-85.0835,10.1654],[-85.0833,10.1615],[-85.0856,10.161],[-85.0871,10.1655],[-85.0901,10.1665],[-85.0941,10.1661],[-85.0963,10.1638],[-85.0962,10.1609],[-85.0945,10.1571],[-85.092,10.1552],[-85.084,10.1505],[-85.0778,10.1448],[-85.0793,10.1387],[-85.0768,10.1355],[-85.0669,10.1352],[-85.0644,10.1347],[-85.0624,10.1331],[-85.059,10.1331],[-85.0565,10.1347],[-85.0534,10.1385],[-85.0499,10.1409],[-85.046,10.1409],[-85.043,10.1372],[-85.0384,10.1351],[-85.0362,10.1332],[-85.0252,10.1315],[-85.0248,10.1287],[-85.0179,10.1247],[-85.0165,10.1246],[-85.0158,10.1219],[-85.0135,10.1182],[-85.0103,10.1149],[-85.0085,10.1142],[-85.0039,10.1071],[-85.0024,10.103],[-85.0015,10.1031],[-84.9929,10.0987],[-84.9911,10.0987],[-84.9854,10.0967],[-84.9837,10.0949],[-84.9805,10.0951],[-84.9759,10.0926],[-84.9727,10.0921],[-84.9678,10.0895],[-84.9631,10.0855],[-84.9592,10.0777],[-84.9579,10.07],[-84.9549,10.0686],[-84.955,10.0671],[-84.9635,10.0689],[-84.9658,10.069],[-84.9678,10.0668],[-84.9676,10.0644],[-84.9638,10.0638],[-84.9628,10.0627],[-84.9585,10.0636],[-84.9557,10.0621],[-84.9552,10.0598],[-84.9531,10.059],[-84.9503,10.0612],[-84.9455,10.0615],[-84.9455,10.0592],[-84.9443,10.0576],[-84.9406,10.0553],[-84.9363,10.0512],[-84.9333,10.0475],[-84.9317,10.0435],[-84.9284,10.039],[-84.9247,10.0383],[-84.9233,10.0394],[-84.92,10.0391],[-84.9205,10.0359],[-84.9151,10.0328],[-84.9098,10.031],[-84.9105,10.0295],[-84.9074,10.028],[-84.9028,10.0272],[-84.8992,10.0259],[-84.8999,10.0245],[-84.898,10.021],[-84.8962,10.0198],[-84.8911,10.0184],[-84.8889,10.0152],[-84.8869,10.0147],[-84.8838,10.0107],[-84.881,10.0098],[-84.8772,10.0075],[-84.8747,10.0093],[-84.8707,10.0065],[-84.8707,10.0052],[-84.8651,10.0027],[-84.8618,10.003],[-84.8592,10.0047],[-84.858,10.0044],[-84.8565,9.9996],[-84.8546,9.9997],[-84.8532,9.9964],[-84.8502,9.9953],[-84.847,9.9957],[-84.8448,9.9951],[-84.8423,9.9916],[-84.8398,9.9897],[-84.8376,9.9893],[-84.8327,9.9863],[-84.8294,9.9884],[-84.827,9.9866],[-84.8211,9.9849],[-84.8141,9.9868],[-84.8075,9.9868],[-84.8024,9.9848],[-84.7983,9.9839],[-84.7975,9.986],[-84.795,9.9865],[-84.7938,9.9847],[-84.795,9.9826],[-84.7884,9.9818],[-84.7855,9.9821],[-84.7851,9.9808],[-84.7954,9.981],[-84.7991,9.9823],[-84.8019,9.9819],[-84.8104,9.982],[-84.8157,9.9827],[-84.8184,9.9818],[-84.8199,9.9802],[-84.8255,9.9789],[-84.8283,9.9791],[-84.8308,9.9806],[-84.8331,9.9797],[-84.8355,9.9801],[-84.8429,9.9783],[-84.8512,9.9772],[-84.8483,9.9742],[-84.841,9.974],[-84.833,9.9746],[-84.8242,9.9771],[-84.8151,9.9793],[-84.809,9.9803],[-84.8025,9.9804],[-84.7864,9.98],[-84.7752,9.9789],[-84.7683,9.9775],[-84.7603,9.9755],[-84.7522,9.973],[-84.7426,9.9695],[-84.7394,9.9664],[-84.7381,9.964],[-84.7383,9.9606],[-84.7372,9.9589],[-84.7395,9.9568],[-84.7388,9.9552],[-84.7406,9.9532],[-84.7405,9.9495],[-84.7357,9.9461],[-84.7363,9.9415],[-84.7281,9.9372],[-84.7205,9.9312],[-84.7157,9.9253],[-84.7132,9.9184],[-84.7144,9.9142],[-84.7239,9.9111],[-84.7226,9.907],[-84.7242,9.9044],[-84.725,9.901],[-84.7271,9.8992],[-84.7296,9.9006],[-84.7304,9.897],[-84.7294,9.8946],[-84.7314,9.8935],[-84.7299,9.8918],[-84.725,9.8895],[-84.7235,9.8882],[-84.7227,9.8844],[-84.7149,9.881],[-84.7111,9.8785],[-84.7054,9.8742],[-84.7016,9.8702],[-84.6972,9.8637],[-84.6958,9.866],[-84.693,9.8648],[-84.6917,9.8662],[-84.6913,9.8703],[-84.6866,9.8717],[-84.6847,9.8702],[-84.6813,9.874],[-84.6815,9.8775],[-84.679,9.8787],[-84.682,9.8851],[-84.6846,9.8878],[-84.6873,9.8877],[-84.6841,9.8936],[-84.6861,9.8952],[-84.6844,9.897],[-84.6867,9.8986],[-84.6864,9.9005],[-84.6886,9.9014],[-84.6892,9.9042],[-84.6879,9.9068],[-84.6846,9.909],[-84.6796,9.9083],[-84.6775,9.9068],[-84.6753,9.9102],[-84.6738,9.9099],[-84.6715,9.9115],[-84.6714,9.9155],[-84.6663,9.9176],[-84.6652,9.9204],[-84.6668,9.9222],[-84.6656,9.9239],[-84.6604,9.9252],[-84.6587,9.9276],[-84.66,9.9317],[-84.6586,9.9349],[-84.653,9.9347],[-84.6525,9.941],[-84.6501,9.9419],[-84.6497,9.9446],[-84.6477,9.9444],[-84.6457,9.9424],[-84.6429,9.9418],[-84.6413,9.9403],[-84.6382,9.9425],[-84.6366,9.9453],[-84.6369,9.9473],[-84.6331,9.9492],[-84.63,9.9491],[-84.627,9.9507],[-84.6219,9.9515],[-84.6183,9.9512],[-84.6154,9.9521],[-84.6164,9.9547],[-84.6147,9.9572],[-84.6111,9.9563],[-84.607,9.9609],[-84.6061,9.9652],[-84.6025,9.969],[-84.6017,9.9706],[-84.5991,9.969],[-84.5973,9.9735],[-84.5923,9.9724],[-84.5914,9.9734],[-84.5911,9.9778],[-84.5897,9.9793],[-84.5875,9.9781],[-84.5842,9.9786],[-84.5839,9.9804],[-84.5792,9.9812],[-84.576,9.984],[-84.5746,9.9834],[-84.5724,9.9864],[-84.5694,9.9836],[-84.5683,9.9813],[-84.5645,9.9827],[-84.5599,9.9815],[-84.5585,9.9832],[-84.5533,9.9862],[-84.5549,9.9919],[-84.554,9.994],[-84.5565,9.9957],[-84.5556,10.0005],[-84.5564,10.0051],[-84.5583,10.0052],[-84.5595,10.0081],[-84.5614,10.0094],[-84.5607,10.0125],[-84.5641,10.0165],[-84.564,10.0194],[-84.5625,10.0222],[-84.5634,10.0259],[-84.5633,10.0292],[-84.5657,10.0285],[-84.5652,10.0239],[-84.5681,10.0214],[-84.5722,10.0191],[-84.5741,10.0204],[-84.5756,10.0229],[-84.5796,10.0262],[-84.5856,10.0292],[-84.5873,10.0315],[-84.5955,10.0357],[-84.5982,10.0377],[-84.6002,10.0375],[-84.6026,10.0444],[-84.6122,10.0464],[-84.6149,10.0455],[-84.6202,10.0457],[-84.623,10.0469],[-84.6263,10.0493],[-84.6272,10.0575],[-84.6287,10.0595],[-84.628,10.0627],[-84.6296,10.0662],[-84.6312,10.068],[-84.6311,10.0713],[-84.6361,10.0747],[-84.6371,10.0773],[-84.6406,10.0782],[-84.6439,10.0812],[-84.644,10.0836],[-84.6452,10.0859],[-84.6475,10.0865],[-84.648,10.09],[-84.6493,10.0917],[-84.6481,10.0939],[-84.6506,10.0965],[-84.6507,10.0993],[-84.6539,10.1016],[-84.6551,10.1057],[-84.6573,10.1092],[-84.6594,10.11],[-84.6614,10.114],[-84.6635,10.1204],[-84.6662,10.1231],[-84.6683,10.1264],[-84.6714,10.1284],[-84.672,10.1329],[-84.6717,10.1355],[-84.6731,10.1393],[-84.6728,10.1408],[-84.6655,10.1454],[-84.6665,10.1481],[-84.6643,10.15],[-84.6652,10.1522],[-84.6698,10.1552],[-84.6683,10.1585],[-84.6668,10.1597],[-84.6667,10.1619],[-84.6636,10.1671],[-84.6643,10.1701],[-84.6665,10.172],[-84.6677,10.1755],[-84.6718,10.176],[-84.6778,10.174],[-84.6812,10.1747],[-84.6833,10.1766],[-84.6802,10.1797],[-84.679,10.182],[-84.6766,10.1831],[-84.6739,10.1855],[-84.6723,10.1882],[-84.668,10.1928],[-84.6639,10.1956],[-84.6614,10.1992],[-84.662,10.2027],[-84.6646,10.2063],[-84.6618,10.2106],[-84.6619,10.2135],[-84.6602,10.2168],[-84.6612,10.2201],[-84.6603,10.2232],[-84.6619,10.2257],[-84.6595,10.2302],[-84.6564,10.2328],[-84.6583,10.2378],[-84.6568,10.2423],[-84.6573,10.2442],[-84.6597,10.2465],[-84.6602,10.2514],[-84.6611,10.254],[-84.6647,10.2542],[-84.6669,10.2554],[-84.6681,10.2591],[-84.6699,10.2601],[-84.6694,10.2644],[-84.6699,10.2682],[-84.6741,10.2709],[-84.6743,10.2771],[-84.6731,10.2788],[-84.676,10.2798],[-84.6765,10.2817],[-84.6809,10.2835],[-84.6854,10.2842],[-84.69,10.2812],[-84.692,10.2769],[-84.6951,10.2767],[-84.6954,10.2741],[-84.697,10.2705],[-84.6969,10.2679],[-84.7005,10.2648],[-84.7013,10.2627],[-84.7075,10.2629],[-84.7123,10.2667],[-84.7186,10.2669],[-84.7205,10.2685],[-84.7227,10.267],[-84.7224,10.2639],[-84.7207,10.2612],[-84.7228,10.2566],[-84.7253,10.2552],[-84.7266,10.2558],[-84.7314,10.2509],[-84.7337,10.2505],[-84.7386,10.2532],[-84.7414,10.2523],[-84.7432,10.2536],[-84.747,10.2529],[-84.7481,10.255],[-84.751,10.2535],[-84.7536,10.2534],[-84.7577,10.255],[-84.7583,10.2594],[-84.7604,10.2618],[-84.7645,10.2623],[-84.7659,10.2643],[-84.7643,10.2692],[-84.7671,10.2695],[-84.7655,10.274],[-84.7669,10.2761],[-84.7666,10.2793],[-84.7694,10.2791],[-84.7714,10.2825],[-84.7777,10.2865],[-84.7806,10.2908],[-84.7834,10.2928],[-84.7827,10.2947],[-84.7831,10.2982],[-84.786,10.3014],[-84.7866,10.3055],[-84.7864,10.3108],[-84.7905,10.3116],[-84.7913,10.315],[-84.7937,10.3165],[-84.7939,10.3208],[-84.7874,10.3211],[-84.7851,10.3236],[-84.7849,10.3269],[-84.7822,10.3303],[-84.7773,10.3402],[-84.7776,10.3431],[-84.7741,10.3472],[-84.774,10.3507],[-84.771,10.3504],[-84.7678,10.3517],[-84.7662,10.3549],[-84.7686,10.357],[-84.7693,10.3605],[-84.7684,10.363],[-84.7698,10.3676],[-84.7716,10.3696],[-84.7711,10.3743],[-84.7736,10.3753],[-84.7734,10.3769],[-84.7778,10.3786],[-84.7793,10.3798],[-84.7812,10.3846],[-84.7792,10.3892],[-84.7748,10.3946],[-84.7736,10.4015],[-84.7726,10.4026],[-84.7699,10.41],[-84.7672,10.4121],[-84.7673,10.416],[-84.7662,10.4179],[-84.7668,10.4228],[-84.7654,10.427],[-84.7659,10.429],[-84.7643,10.431],[-84.761,10.4306],[-84.7576,10.4309],[-84.7559,10.4292],[-84.751,10.4318],[-84.7478,10.43],[-84.7519,10.4223],[-84.751,10.4173],[-84.7532,10.4127],[-84.7511,10.4106],[-84.7495,10.4077],[-84.7494,10.4047],[-84.7473,10.4014],[-84.7473,10.3988],[-84.7446,10.3993],[-84.7433,10.3979],[-84.7399,10.3979],[-84.7384,10.3959],[-84.7354,10.3946],[-84.7315,10.395],[-84.7305,10.3936],[-84.7266,10.3913],[-84.7271,10.3884],[-84.7241,10.3835],[-84.7213,10.3801],[-84.7213,10.3767],[-84.6934,10.4333],[-84.6883,10.4428],[-84.6686,10.4109],[-84.6652,10.4158],[-84.6648,10.4187],[-84.6633,10.4196],[-84.6605,10.4236],[-84.658,10.4259],[-84.6561,10.4291],[-84.6561,10.4309],[-84.6508,10.442],[-84.6509,10.4442],[-84.6496,10.4504],[-84.6451,10.4523],[-84.6446,10.4535],[-84.6415,10.4547],[-84.6377,10.4548],[-84.6338,10.4538],[-84.6308,10.4554],[-84.6253,10.4563],[-84.6202,10.4537],[-84.618,10.4513],[-84.6174,10.4486],[-84.6154,10.4492],[-84.6133,10.4475],[-84.6102,10.447],[-84.6091,10.4453],[-84.6043,10.4438],[-84.6024,10.444],[-84.5996,10.4458],[-84.5965,10.4463],[-84.5943,10.4453],[-84.5928,10.4429],[-84.5901,10.4442],[-84.5827,10.442],[-84.5838,10.4386],[-84.5813,10.4384],[-84.5771,10.4413],[-84.5738,10.4407],[-84.5725,10.4392],[-84.5702,10.4398],[-84.567,10.4442],[-84.565,10.445],[-84.5626,10.4445],[-84.5618,10.4483],[-84.5571,10.4487],[-84.5594,10.4452],[-84.5551,10.4445],[-84.5537,10.4423],[-84.5505,10.4422],[-84.548,10.4395],[-84.5467,10.4366],[-84.5493,10.435],[-84.5528,10.436],[-84.5553,10.4313],[-84.5574,10.429],[-84.5581,10.4245],[-84.5577,10.4147],[-84.5552,10.4089],[-84.5543,10.4057],[-84.5544,10.3946],[-84.557,10.3898],[-84.5618,10.3857],[-84.5648,10.3843],[-84.5658,10.3826],[-84.5698,10.3803],[-84.5755,10.3725],[-84.5774,10.3712],[-84.5808,10.372],[-84.5865,10.3712],[-84.5915,10.3672],[-84.5967,10.3651],[-84.6032,10.3655],[-84.6072,10.3685],[-84.6093,10.3678],[-84.6125,10.3684],[-84.6144,10.3677],[-84.6177,10.3686],[-84.6216,10.3676],[-84.6262,10.3648],[-84.629,10.365],[-84.6325,10.3619],[-84.6337,10.3595],[-84.6313,10.3566],[-84.6312,10.3538],[-84.6324,10.353],[-84.6329,10.3487],[-84.6343,10.3474],[-84.6331,10.3456],[-84.634,10.344],[-84.6336,10.3412],[-84.6324,10.339],[-84.6326,10.3356],[-84.6356,10.3292],[-84.6344,10.3238],[-84.6311,10.3203],[-84.629,10.3161],[-84.6292,10.3145],[-84.6265,10.314],[-84.6236,10.3113],[-84.6198,10.3105],[-84.6171,10.3108],[-84.6153,10.312],[-84.6115,10.3117],[-84.6094,10.3109],[-84.6069,10.3114],[-84.6032,10.3093],[-84.5991,10.3097],[-84.596,10.311],[-84.5942,10.3134],[-84.5919,10.3141],[-84.5912,10.3164],[-84.5897,10.3164],[-84.5874,10.3207],[-84.5852,10.321],[-84.5831,10.3229],[-84.5816,10.3259],[-84.5812,10.3289],[-84.5801,10.331],[-84.5746,10.3333],[-84.5734,10.3352],[-84.5716,10.3356],[-84.5682,10.3389],[-84.5616,10.342],[-84.5524,10.348],[-84.55,10.3515],[-84.5457,10.3545],[-84.5394,10.3555],[-84.5345,10.3575],[-84.5332,10.3614],[-84.5314,10.3633],[-84.533,10.3661],[-84.5318,10.3685],[-84.5319,10.3728],[-84.5288,10.374],[-84.528,10.3695],[-84.5262,10.3659],[-84.5228,10.3656],[-84.5211,10.3605],[-84.5184,10.3581],[-84.5189,10.3526],[-84.5203,10.3485],[-84.5195,10.3451],[-84.5206,10.3371],[-84.52,10.3333],[-84.5216,10.3306],[-84.5223,10.3254],[-84.5233,10.3234],[-84.523,10.3191],[-84.5247,10.314],[-84.5237,10.3097],[-84.5242,10.3061],[-84.5256,10.3013],[-84.5245,10.2993],[-84.5248,10.2945],[-84.5237,10.2936],[-84.5233,10.2897],[-84.5221,10.2872],[-84.5226,10.2839],[-84.5211,10.2807],[-84.5218,10.278],[-84.5208,10.2759],[-84.5185,10.2738],[-84.5174,10.2682],[-84.5175,10.2638],[-84.5192,10.2605],[-84.5179,10.2564],[-84.5188,10.255],[-84.5174,10.2494],[-84.4477,10.2667],[-84.433,10.2706],[-84.4277,10.2684],[-84.4265,10.2658],[-84.4232,10.2657],[-84.4214,10.264],[-84.4155,10.2643],[-84.4128,10.2624],[-84.4096,10.2632],[-84.4053,10.2628],[-84.4031,10.262],[-84.4013,10.263],[-84.4001,10.2596],[-84.3983,10.2609],[-84.3969,10.2601],[-84.3917,10.2605],[-84.3912,10.2592],[-84.3871,10.2598],[-84.3866,10.2583],[-84.3831,10.2576],[-84.3821,10.2541],[-84.3797,10.252],[-84.3755,10.2536],[-84.3737,10.2521],[-84.3708,10.2526],[-84.3687,10.2546],[-84.3604,10.2563],[-84.3581,10.2542],[-84.357,10.2476],[-84.3551,10.2466],[-84.3518,10.2465],[-84.3498,10.2485],[-84.3479,10.252],[-84.3455,10.2522],[-84.3437,10.2543],[-84.3434,10.257],[-84.3394,10.2588],[-84.3361,10.2582],[-84.3345,10.2589],[-84.3327,10.2633],[-84.3293,10.2606],[-84.3254,10.261],[-84.3213,10.2571],[-84.3181,10.2568],[-84.3143,10.2588],[-84.312,10.2606],[-84.3051,10.2619],[-84.3027,10.2614],[-84.3006,10.262],[-84.2958,10.2618],[-84.2932,10.2602],[-84.2888,10.2603],[-84.286,10.2617],[-84.2819,10.2619],[-84.281,10.2631],[-84.2768,10.265],[-84.2735,10.2658],[-84.2705,10.268],[-84.2692,10.2702],[-84.2656,10.2732],[-84.2655,10.2751],[-84.2617,10.2819],[-84.2619,10.2837],[-84.26,10.2849],[-84.2565,10.2918],[-84.2578,10.2936],[-84.2568,10.2961],[-84.2576,10.2987],[-84.2566,10.3019],[-84.253,10.3046],[-84.248,10.3134],[-84.2478,10.3162],[-84.2448,10.3178],[-84.2434,10.3202],[-84.246,10.3241],[-84.244,10.3277],[-84.2404,10.3298],[-84.2416,10.3324],[-84.2452,10.333],[-84.2477,10.3366],[-84.2481,10.3411],[-84.2465,10.3421],[-84.2445,10.3475],[-84.2446,10.3496],[-84.2426,10.3543],[-84.2449,10.3547],[-84.2464,10.3577],[-84.2451,10.3597],[-84.2463,10.3627],[-84.249,10.3663],[-84.2501,10.3709],[-84.2498,10.3732],[-84.2523,10.3746],[-84.2497,10.3764],[-84.2534,10.3825],[-84.2531,10.3867],[-84.2556,10.3905],[-84.2554,10.392],[-84.2571,10.3941],[-84.2589,10.402],[-84.2571,10.4064],[-84.2573,10.4108],[-84.2566,10.4129],[-84.2576,10.4151],[-84.261,10.4183],[-84.2603,10.4201],[-84.2571,10.4216],[-84.2583,10.4253],[-84.2544,10.4327],[-84.2544,10.4383],[-84.2531,10.4407],[-84.2491,10.442],[-84.2465,10.4495],[-84.2435,10.4507],[-84.2415,10.4525],[-84.2409,10.4545],[-84.2421,10.4562],[-84.2403,10.4617],[-84.2397,10.465],[-84.2363,10.4693],[-84.2376,10.4716],[-84.236,10.4733],[-84.2362,10.4751],[-84.2337,10.4787],[-84.2335,10.4821],[-84.2309,10.4879],[-84.233,10.4939],[-84.2312,10.4963],[-84.2332,10.4983],[-84.2301,10.5001],[-84.2304,10.5046],[-84.2275,10.5042],[-84.226,10.5076],[-84.2225,10.5074],[-84.221,10.5124],[-84.2176,10.5143],[-84.2165,10.5168],[-84.2139,10.5189],[-84.2098,10.5238],[-84.2112,10.5267],[-84.2149,10.5272],[-84.2126,10.5295],[-84.2117,10.5322],[-84.2122,10.536],[-84.2101,10.5365],[-84.21,10.5405],[-84.2086,10.5427],[-84.2055,10.5448],[-84.2052,10.5469],[-84.2035,10.5495],[-84.2047,10.5532],[-84.2025,10.5574],[-84.1956,10.5579],[-84.1936,10.5594],[-84.1921,10.5619],[-84.1876,10.5621],[-84.1869,10.5647],[-84.1854,10.5665],[-84.1825,10.5668],[-84.1797,10.5727],[-84.1765,10.5742],[-84.1756,10.5763],[-84.1727,10.5773],[-84.1721,10.5736],[-84.1661,10.5724],[-84.1628,10.575],[-84.1612,10.5753],[-84.1612,10.44],[-84.1612,10.4137],[-84.1613,10.2985],[-84.1605,10.2957],[-84.1585,10.2971],[-84.1559,10.2921],[-84.1563,10.2906],[-84.1505,10.2896],[-84.1466,10.2862],[-84.1449,10.2858],[-84.1446,10.2833],[-84.1408,10.2784],[-84.1367,10.2759],[-84.1346,10.2729],[-84.1319,10.2718],[-84.1309,10.2697],[-84.1291,10.2696],[-84.1253,10.2655],[-84.1224,10.2662],[-84.1205,10.2627],[-84.1172,10.2614],[-84.114,10.2616],[-84.1125,10.2568],[-84.1124,10.2525],[-84.1094,10.2512],[-84.1079,10.2495],[-84.1095,10.2461],[-84.1086,10.2431],[-84.11,10.2421],[-84.1094,10.2397],[-84.1074,10.2376],[-84.1069,10.2353],[-84.1047,10.2344],[-84.1056,10.2319],[-84.1046,10.2298],[-84.105,10.2265],[-84.1031,10.2246],[-84.1023,10.2205],[-84.104,10.2191],[-84.1044,10.2164],[-84.1037,10.2141],[-84.1037,10.2104],[-84.1045,10.2002],[-84.1011,10.1993],[-84.0962,10.1916],[-84.0907,10.1917],[-84.0875,10.1929],[-84.0845,10.1948],[-84.0838,10.1977],[-84.081,10.198],[-84.0793,10.2021],[-84.0779,10.2014],[-84.0749,10.2025],[-84.0734,10.2056],[-84.069,10.2057],[-84.0647,10.2052],[-84.0631,10.2063],[-84.0612,10.2056],[-84.0585,10.2082],[-84.0576,10.2042],[-84.0523,10.1996],[-84.0485,10.1985],[-84.0452,10.1984],[-84.0432,10.1968],[-84.0432,10.1948],[-84.0391,10.1862],[-84.0371,10.1833],[-84.0345,10.1825],[-84.0321,10.1832],[-84.0299,10.1856],[-84.028,10.1848],[-84.0254,10.1855],[-84.0223,10.185],[-84.0186,10.1869],[-84.0128,10.187],[-84.0082,10.1886],[-84.0054,10.1885],[-84.0035,10.1901],[-84.0004,10.1906],[-83.9959,10.1887],[-83.9943,10.1892],[-83.9924,10.1879],[-83.9857,10.188],[-83.9834,10.1865],[-83.9788,10.1876],[-83.9762,10.1868],[-83.9695,10.1881],[-83.9654,10.1914],[-83.9595,10.1946],[-83.9566,10.195],[-83.9537,10.1963],[-83.9531,10.1991],[-83.9495,10.2006],[-83.9465,10.2002],[-83.9426,10.2009],[-83.9387,10.1993],[-83.9344,10.2001],[-83.9288,10.1987],[-83.9241,10.1981],[-83.9206,10.1987],[-83.9127,10.2031],[-83.9107,10.2049],[-83.9071,10.2065],[-83.9063,10.2084],[-83.9019,10.213],[-83.8986,10.2155],[-83.8962,10.2191],[-83.8932,10.2208],[-83.8862,10.2305],[-83.8813,10.2333],[-83.8764,10.238],[-83.8742,10.2418],[-83.8694,10.2448],[-83.8661,10.245],[-83.8648,10.2474],[-83.8615,10.251],[-83.8588,10.2521],[-83.8555,10.2584],[-83.8537,10.2639],[-83.8534,10.2698],[-83.8526,10.2733],[-83.8505,10.2768],[-83.8492,10.281],[-83.8491,10.289],[-83.8513,10.2938],[-83.8515,10.3022],[-83.8534,10.3064],[-83.8527,10.3102],[-83.8531,10.3135],[-83.8525,10.3285],[-83.8512,10.3367],[-83.85,10.3385],[-83.8503,10.3444],[-83.8511,10.3494],[-83.8538,10.3548],[-83.8554,10.3592],[-83.8569,10.3651],[-83.8621,10.3722],[-83.8691,10.3796],[-83.8725,10.3857],[-83.875,10.3892],[-83.8802,10.4006],[-83.8804,10.405],[-83.8794,10.4087],[-83.8774,10.4133],[-83.8763,10.4143],[-83.8748,10.4188],[-83.875,10.4249],[-83.874,10.429],[-83.8682,10.4342],[-83.8649,10.4362],[-83.8612,10.4371],[-83.8593,10.4388],[-83.8594,10.4446],[-83.856,10.4466],[-83.8535,10.4471],[-83.8464,10.4448],[-83.8437,10.4459],[-83.8422,10.448],[-83.8393,10.4551],[-83.8329,10.4596],[-83.831,10.4622],[-83.8309,10.4656],[-83.8336,10.4691],[-83.838,10.4721],[-83.8386,10.4745],[-83.8365,10.4787],[-83.831,10.482],[-83.8301,10.4838],[-83.8304,10.4889],[-83.8283,10.4922],[-83.8281,10.4944],[-83.8322,10.4962],[-83.8308,10.5026],[-83.8392,10.5116],[-83.8376,10.5157],[-83.8384,10.527],[-83.8376,10.531],[-83.8404,10.5392],[-83.8418,10.54],[-83.8454,10.54],[-83.8462,10.5463],[-83.8431,10.5487],[-83.8443,10.5504],[-83.8473,10.5511],[-83.845,10.5559],[-83.8457,10.5589],[-83.844,10.5636],[-83.8414,10.5652],[-83.8403,10.5672],[-83.8426,10.5686],[-83.8437,10.5729],[-83.8416,10.5741],[-83.8394,10.5774],[-83.8367,10.584],[-83.8385,10.5879],[-83.8363,10.5903],[-83.8378,10.593],[-83.8414,10.5951],[-83.842,10.6011],[-83.8457,10.6039],[-83.8453,10.6064],[-83.8434,10.606],[-83.8441,10.6118],[-83.845,10.613],[-83.8406,10.6176],[-83.8401,10.6245],[-83.8424,10.6311],[-83.842,10.6341],[-83.8401,10.6383],[-83.8408,10.6404],[-83.8388,10.6439],[-83.8356,10.6453],[-83.8305,10.6448],[-83.8278,10.6466],[-83.8247,10.6467],[-83.822,10.6484],[-83.819,10.6481],[-83.8157,10.65],[-83.8117,10.6486],[-83.8095,10.6522],[-83.8074,10.6519],[-83.8007,10.6535],[-83.7966,10.653],[-83.7945,10.655],[-83.7916,10.6565],[-83.7875,10.6577],[-83.7862,10.6614],[-83.7857,10.6652],[-83.7865,10.668],[-83.7864,10.6712],[-83.7833,10.6767],[-83.7807,10.679],[-83.7798,10.6843],[-83.776,10.6873],[-83.7743,10.6896],[-83.7735,10.6927],[-83.7709,10.6963],[-83.7651,10.6994],[-83.7609,10.6981],[-83.7586,10.6989],[-83.7561,10.6956],[-83.751,10.6961],[-83.7484,10.6938],[-83.7421,10.6926],[-83.7381,10.6931],[-83.7353,10.6924],[-83.7308,10.6932],[-83.7292,10.6943],[-83.7248,10.6941],[-83.7194,10.6918],[-83.7124,10.6928],[-83.7127,10.6961],[-83.716,10.7026],[-83.7173,10.7041],[-83.7257,10.7096],[-83.7307,10.7133],[-83.7394,10.7211],[-83.741,10.7259],[-83.7407,10.7294],[-83.7396,10.7316],[-83.7349,10.7348],[-83.7331,10.7366],[-83.7326,10.7389],[-83.7355,10.7474],[-83.7377,10.7524],[-83.7413,10.7579],[-83.7429,10.7592],[-83.7481,10.766],[-83.7523,10.7691],[-83.7549,10.7701],[-83.7627,10.7718]]],[[[-85.1641,10.1262],[-85.1655,10.1259],[-85.1783,10.1254],[-85.1817,10.1245],[-85.1852,10.1208],[-85.1887,10.1192],[-85.1915,10.1191],[-85.1945,10.1207],[-85.196,10.1193],[-85.1983,10.1144],[-85.197,10.1105],[-85.1934,10.1089],[-85.1903,10.1046],[-85.1907,10.1032],[-85.187,10.0919],[-85.1853,10.09],[-85.1834,10.0846],[-85.182,10.0831],[-85.1743,10.0788],[-85.1698,10.0774],[-85.1631,10.0762],[-85.158,10.0737],[-85.1567,10.0742],[-85.1472,10.0731],[-85.1421,10.0728],[-85.1408,10.0735],[-85.1337,10.074],[-85.1311,10.0757],[-85.1278,10.0766],[-85.1243,10.0788],[-85.1189,10.0784],[-85.1121,10.0815],[-85.1085,10.0815],[-85.1035,10.0839],[-85.101,10.0845],[-85.0966,10.0884],[-85.0937,10.0943],[-85.095,10.0964],[-85.0975,10.0959],[-85.1012,10.0982],[-85.1045,10.0953],[-85.1087,10.0933],[-85.1145,10.0931],[-85.1165,10.0919],[-85.1194,10.092],[-85.1219,10.0953],[-85.1224,10.0972],[-85.1209,10.1005],[-85.1209,10.1033],[-85.1183,10.1048],[-85.1159,10.1023],[-85.1066,10.1052],[-85.1048,10.1075],[-85.1124,10.1094],[-85.1166,10.1098],[-85.1186,10.1116],[-85.121,10.1121],[-85.1228,10.1135],[-85.1266,10.115],[-85.1299,10.1152],[-85.1392,10.1175],[-85.1418,10.1195],[-85.1468,10.1216],[-85.1496,10.1202],[-85.156,10.1236],[-85.162,10.1261],[-85.1641,10.1262]]],[[[-85.0494,10.006],[-85.0479,10.0038],[-85.0463,10.0036],[-85.04,10.0001],[-85.0367,9.999],[-85.0326,9.9983],[-85.0266,9.9963],[-85.0209,9.996],[-85.0187,9.9981],[-85.019,9.9999],[-85.0236,10.0001],[-85.027,10.0017],[-85.032,10.0021],[-85.0354,10.0037],[-85.0397,10.0037],[-85.0435,10.0054],[-85.0494,10.006]]],[[[-85.0096,9.9962],[-85.0132,9.9944],[-85.0113,9.9924],[-85.0089,9.9927],[-85.0048,9.9921],[-85.0026,9.9928],[-85.0005,9.992],[-84.9986,9.99],[-84.9951,9.9876],[-84.9907,9.9861],[-84.9867,9.9838],[-84.9806,9.9823],[-84.9674,9.9813],[-84.9644,9.9797],[-84.9626,9.9799],[-84.9591,9.983],[-84.9608,9.9865],[-84.9626,9.985],[-84.967,9.9847],[-84.9698,9.9862],[-84.9701,9.9888],[-84.9731,9.9873],[-84.9764,9.9897],[-84.9834,9.9898],[-84.9847,9.9909],[-84.9882,9.9908],[-84.9896,9.9932],[-84.9888,9.9953],[-84.9936,9.9947],[-84.997,9.9934],[-85,9.9952],[-85.0049,9.9944],[-85.0096,9.9962]]],[[[-85.0706,9.9948],[-85.0708,9.9921],[-85.0741,9.9918],[-85.0761,9.9893],[-85.081,9.9887],[-85.0818,9.99],[-85.0845,9.9893],[-85.0797,9.9849],[-85.0772,9.9842],[-85.077,9.9867],[-85.0726,9.9862],[-85.0732,9.9826],[-85.0712,9.9817],[-85.0662,9.9824],[-85.0584,9.9811],[-85.057,9.98],[-85.0532,9.9804],[-85.0504,9.9795],[-85.0474,9.9806],[-85.0448,9.9803],[-85.0416,9.982],[-85.0451,9.9855],[-85.0505,9.9896],[-85.0538,9.9913],[-85.0592,9.9926],[-85.0621,9.9921],[-85.0657,9.9927],[-85.0706,9.9948]]],[[[-84.9026,9.9542],[-84.9094,9.9528],[-84.9095,9.951],[-84.907,9.9504],[-84.9046,9.9522],[-84.9029,9.9521],[-84.9021,9.9489],[-84.9037,9.946],[-84.9057,9.944],[-84.9089,9.9448],[-84.9127,9.9434],[-84.9164,9.9457],[-84.9201,9.9451],[-84.921,9.9436],[-84.9183,9.942],[-84.9191,9.9384],[-84.9183,9.9353],[-84.9109,9.9322],[-84.9085,9.9324],[-84.9062,9.9309],[-84.9037,9.932],[-84.8985,9.9328],[-84.8961,9.9324],[-84.8919,9.9358],[-84.8914,9.9371],[-84.8942,9.9403],[-84.8965,9.9411],[-84.8965,9.9432],[-84.8982,9.9446],[-84.8975,9.9472],[-84.8951,9.9517],[-84.8984,9.9521],[-84.9026,9.9542]]]]}}]}